SET SQL_MODE = "NO_AUTO_VALUE_ON_ZERO";
SET AUTOCOMMIT = 0;
START TRANSACTION;
SET time_zone = "+00:00";

/*!40101 SET @OLD_CHARACTER_SET_CLIENT=@@CHARACTER_SET_CLIENT */;
/*!40101 SET @OLD_CHARACTER_SET_RESULTS=@@CHARACTER_SET_RESULTS */;
/*!40101 SET @OLD_COLLATION_CONNECTION=@@COLLATION_CONNECTION */;
/*!40101 SET NAMES utf8mb4 */;


CREATE TABLE `cmf_ad` (
  `ad_id` bigint(20) NOT NULL COMMENT '广告id',
  `ad_name` varchar(255) NOT NULL COMMENT '广告名称',
  `ad_content` text COMMENT '广告内容',
  `domain_id` int(10) UNSIGNED NOT NULL DEFAULT '0' COMMENT '域名ID',
  `status` int(2) NOT NULL DEFAULT '1' COMMENT '状态，1显示，0不显示',
  `ads` longtext NOT NULL COMMENT '广告'
) ENGINE=MyISAM DEFAULT CHARSET=utf8;

CREATE TABLE `cmf_admin_log` (
  `id` int(10) UNSIGNED NOT NULL,
  `ltime` int(10) UNSIGNED NOT NULL DEFAULT '0' COMMENT '操作时间',
  `uid` tinyint(3) UNSIGNED NOT NULL DEFAULT '0' COMMENT 'uid',
  `info` varchar(255) NOT NULL DEFAULT '' COMMENT '内容',
  `ip` varchar(15) NOT NULL DEFAULT '' COMMENT 'IP'
) ENGINE=MyISAM DEFAULT CHARSET=utf8;

CREATE TABLE `cmf_ads` (
  `id` int(255) NOT NULL,
  `position_id` int(100) NOT NULL COMMENT '广告位ID',
  `image` varchar(255) NOT NULL COMMENT '广告图',
  `alt` varchar(255) NOT NULL COMMENT 'alt',
  `url1` varchar(255) NOT NULL COMMENT '链接',
  `sort` int(100) NOT NULL DEFAULT '0' COMMENT '排序',
  `status` int(10) NOT NULL DEFAULT '0' COMMENT '0显示，1隐藏'
) ENGINE=MyISAM DEFAULT CHARSET=utf8 COMMENT='广告图';

CREATE TABLE `cmf_ads_position` (
  `id` int(100) NOT NULL,
  `title` varchar(255) CHARACTER SET utf8 NOT NULL COMMENT '名称',
  `sort` int(100) NOT NULL DEFAULT '0'
) ENGINE=MyISAM DEFAULT CHARSET=gbk COMMENT='广告位';

INSERT INTO `cmf_ads_position` (`id`, `title`, `sort`) VALUES
(1, '首页广告图1', 0),
(3, '内页广告图', 0);

CREATE TABLE `cmf_anli` (
  `id` mediumint(8) UNSIGNED NOT NULL,
  `catid` smallint(5) UNSIGNED NOT NULL DEFAULT '0',
  `typeid` smallint(5) UNSIGNED NOT NULL DEFAULT '0',
  `title` varchar(255) NOT NULL DEFAULT '',
  `style` varchar(24) NOT NULL DEFAULT '',
  `thumb` varchar(255) NOT NULL DEFAULT '',
  `description` varchar(255) NOT NULL DEFAULT '',
  `url` varchar(255) NOT NULL DEFAULT '',
  `listorder` tinyint(3) UNSIGNED NOT NULL DEFAULT '0',
  `status` tinyint(2) UNSIGNED NOT NULL DEFAULT '1',
  `istop` tinyint(2) UNSIGNED NOT NULL DEFAULT '0',
  `recommend` tinyint(2) UNSIGNED NOT NULL DEFAULT '0',
  `sysadd` tinyint(1) UNSIGNED NOT NULL DEFAULT '0',
  `islink` tinyint(1) UNSIGNED NOT NULL DEFAULT '0',
  `username` char(20) NOT NULL DEFAULT '',
  `inputtime` int(10) UNSIGNED NOT NULL DEFAULT '0',
  `updatetime` int(10) UNSIGNED NOT NULL DEFAULT '0',
  `views` int(11) NOT NULL DEFAULT '0' COMMENT '点击总数',
  `yesterdayviews` int(11) NOT NULL DEFAULT '0' COMMENT '最日',
  `dayviews` int(10) NOT NULL DEFAULT '0' COMMENT '今日点击数',
  `weekviews` int(10) NOT NULL DEFAULT '0' COMMENT '本周访问数',
  `monthviews` int(10) NOT NULL DEFAULT '0' COMMENT '本月访问',
  `viewsupdatetime` int(10) NOT NULL DEFAULT '0' COMMENT '点击数更新时间',
  `seotitle` varchar(255) NOT NULL DEFAULT '',
  `seokeywords` varchar(255) NOT NULL DEFAULT '',
  `seodescription` varchar(255) NOT NULL DEFAULT '',
  `moveurl` varchar(255) NOT NULL DEFAULT '' COMMENT '动态url地址',
  `seourl` varchar(255) NOT NULL DEFAULT '',
  `isdelay` tinyint(1) UNSIGNED NOT NULL DEFAULT '0' COMMENT '是否推迟',
  `is_del` tinyint(1) UNSIGNED NOT NULL DEFAULT '0' COMMENT '是否在回收'
) ENGINE=MyISAM DEFAULT CHARSET=utf8;

CREATE TABLE `cmf_anli_data` (
  `id` mediumint(8) UNSIGNED NOT NULL DEFAULT '0',
  `content` text,
  `paginationtype` tinyint(1) NOT NULL DEFAULT '0',
  `maxcharperpage` mediumint(6) NOT NULL DEFAULT '0',
  `template` varchar(30) NOT NULL DEFAULT '',
  `paytype` tinyint(1) UNSIGNED NOT NULL DEFAULT '0',
  `allow_comment` tinyint(1) UNSIGNED NOT NULL DEFAULT '1',
  `relation` varchar(255) NOT NULL DEFAULT '',
  `copyfrom` varchar(255) NOT NULL DEFAULT ''
) ENGINE=MyISAM DEFAULT CHARSET=utf8;

CREATE TABLE `cmf_article` (
  `id` mediumint(8) UNSIGNED NOT NULL,
  `catid` smallint(5) UNSIGNED NOT NULL DEFAULT '0',
  `title` varchar(160) NOT NULL DEFAULT '',
  `style` char(24) NOT NULL DEFAULT '',
  `thumb` varchar(100) NOT NULL DEFAULT '',
  `keywords` varchar(40) NOT NULL DEFAULT '',
  `description` mediumtext,
  `url` char(255) NOT NULL DEFAULT '',
  `moveurl` char(255) NOT NULL COMMENT '动态url地址',
  `listorder` tinyint(3) UNSIGNED NOT NULL DEFAULT '0',
  `status` tinyint(2) UNSIGNED NOT NULL DEFAULT '1',
  `istop` tinyint(2) NOT NULL COMMENT '置顶 0否，1是',
  `recommend` tinyint(2) NOT NULL COMMENT '推荐 0否1是',
  `sysadd` tinyint(1) UNSIGNED NOT NULL DEFAULT '0',
  `islink` tinyint(1) UNSIGNED NOT NULL DEFAULT '0',
  `username` char(20) NOT NULL DEFAULT '',
  `inputtime` int(10) UNSIGNED NOT NULL DEFAULT '0',
  `updatetime` int(10) UNSIGNED NOT NULL DEFAULT '0',
  `tags` varchar(255) NOT NULL DEFAULT '',
  `views` int(11) NOT NULL DEFAULT '0' COMMENT '点击总数',
  `yesterdayviews` int(11) NOT NULL DEFAULT '0' COMMENT '最日',
  `dayviews` int(10) NOT NULL DEFAULT '0' COMMENT '今日点击数',
  `weekviews` int(10) NOT NULL DEFAULT '0' COMMENT '本周访问数',
  `monthviews` int(10) NOT NULL DEFAULT '0' COMMENT '本月访问',
  `viewsupdatetime` int(10) NOT NULL DEFAULT '0' COMMENT '点击数更新时间',
  `seotitle` mediumtext,
  `seokeywords` mediumtext,
  `seodescription` mediumtext,
  `seourl` varchar(255) DEFAULT NULL,
  `isdelay` tinyint(1) UNSIGNED NOT NULL DEFAULT '0' COMMENT '是否推迟',
  `is_del` tinyint(10) NOT NULL DEFAULT '0' COMMENT '0存在，1回收站'
) ENGINE=MyISAM DEFAULT CHARSET=utf8;

CREATE TABLE `cmf_article_data` (
  `id` mediumint(8) UNSIGNED NOT NULL DEFAULT '0',
  `content` mediumtext,
  `paginationtype` tinyint(1) NOT NULL DEFAULT '0',
  `maxcharperpage` mediumint(6) NOT NULL DEFAULT '0',
  `template` varchar(30) NOT NULL DEFAULT '',
  `paytype` tinyint(1) UNSIGNED NOT NULL DEFAULT '0',
  `allow_comment` tinyint(1) UNSIGNED NOT NULL DEFAULT '1',
  `relation` varchar(255) NOT NULL DEFAULT '',
  `copyfrom` varchar(255) NOT NULL DEFAULT ''
) ENGINE=MyISAM DEFAULT CHARSET=utf8;

CREATE TABLE `cmf_artpro` (
  `id` int(11) UNSIGNED NOT NULL,
  `modelid` tinyint(4) NOT NULL DEFAULT '1' COMMENT '类型：1，文章，5，产品',
  `country` varchar(100) NOT NULL DEFAULT '中国' COMMENT '国家',
  `url` text NOT NULL COMMENT '页面链接',
  `title` varchar(200) NOT NULL COMMENT '头部',
  `clicks` int(10) UNSIGNED NOT NULL DEFAULT '1' COMMENT '点击量',
  `time` int(10) NOT NULL COMMENT '时间'
) ENGINE=MyISAM DEFAULT CHARSET=utf8;

CREATE TABLE `cmf_asset` (
  `aid` bigint(20) NOT NULL,
  `uid` int(11) NOT NULL DEFAULT '0' COMMENT '用户 id',
  `key` varchar(50) NOT NULL COMMENT '资源 key',
  `filename` varchar(50) DEFAULT NULL COMMENT '文件名',
  `filesize` int(11) DEFAULT NULL COMMENT '文件大小,单位Byte',
  `filepath` varchar(200) NOT NULL COMMENT '文件路径，相对于 upload 目录，可以为 url',
  `uploadtime` int(11) NOT NULL COMMENT '上传时间',
  `status` int(2) NOT NULL DEFAULT '1' COMMENT '状态，1：可用，0：删除，不可用',
  `meta` text COMMENT '其它详细信息，JSON格式',
  `suffix` varchar(50) DEFAULT NULL COMMENT '文件后缀名，不包括点',
  `download_times` int(11) NOT NULL DEFAULT '0' COMMENT '下载次数'
) ENGINE=MyISAM DEFAULT CHARSET=utf8;

CREATE TABLE `cmf_auth_access` (
  `role_id` mediumint(8) UNSIGNED NOT NULL COMMENT '角色',
  `rule_name` varchar(255) NOT NULL COMMENT '规则唯一英文标识,全小写',
  `type` varchar(30) DEFAULT NULL COMMENT '权限规则分类，请加应用前缀,如admin_'
) ENGINE=MyISAM DEFAULT CHARSET=utf8;

INSERT INTO `cmf_auth_access` (`role_id`, `rule_name`, `type`) VALUES
(3, 'content/contents/index', 'admin_url'),
(3, 'admin/content/default', 'admin_url'),
(4, 'content/urlrule/edit', 'admin_url'),
(4, 'content/urlrule/add_post', 'admin_url'),
(4, 'content/urlrule/add', 'admin_url'),
(4, 'content/urlrule/index', 'admin_url'),
(4, 'comment/commentadmin/check', 'admin_url'),
(4, 'comment/commentadmin/delete', 'admin_url'),
(4, 'comment/commentadmin/index', 'admin_url'),
(4, 'admin/content/default', 'admin_url'),
(4, 'portal/adminpage/restore', 'admin_url'),
(4, 'portal/adminpage/clean', 'admin_url'),
(4, 'portal/adminpage/recyclebin', 'admin_url'),
(5, 'admin/backup/import', 'admin_url'),
(4, 'api/guestbookdel/index', 'admin_url'),
(4, 'portal/adminpost/clean', 'admin_url'),
(4, 'portal/adminpost/restore', 'admin_url'),
(5, 'admin/backup/download', 'admin_url'),
(5, 'admin/backup/del_backup', 'admin_url'),
(5, 'admin/backup/index_post', 'admin_url'),
(5, 'admin/backup/index', 'admin_url'),
(5, 'admin/backup/restore', 'admin_url'),
(4, 'portal/adminpost/recyclebin', 'admin_url'),
(4, 'admin/recycle/default', 'admin_url'),
(4, 'admin/backup/import', 'admin_url'),
(4, 'admin/backup/del_backup', 'admin_url'),
(4, 'admin/backup/index_post', 'admin_url'),
(4, 'admin/backup/download', 'admin_url'),
(4, 'admin/backup/index', 'admin_url'),
(5, 'admin/backup/default', 'admin_url'),
(5, 'admin/setting/logo', 'admin_url'),
(4, 'admin/backup/restore', 'admin_url'),
(4, 'admin/backup/default', 'admin_url'),
(4, 'admin/setting/logo', 'admin_url'),
(4, 'socialplatform/indexadmin/technical', 'admin_url'),
(4, 'socialplatform/indexadmin/reminder', 'admin_url'),
(4, 'admin/demotem/index', 'admin_url'),
(4, 'content/models/index', 'admin_url'),
(4, 'admin/setting/languages', 'admin_url'),
(4, 'admin/mailer/active_post', 'admin_url'),
(5, 'socialplatform/indexadmin/technical', 'admin_url'),
(5, 'socialplatform/indexadmin/reminder', 'admin_url'),
(5, 'admin/demotem/index', 'admin_url'),
(5, 'content/models/index', 'admin_url'),
(5, 'admin/mailer/active_post', 'admin_url'),
(5, 'admin/main/getversion', 'admin_url'),
(5, 'admin/setting/languages', 'admin_url'),
(5, 'admin/mailer/active', 'admin_url'),
(5, 'admin/mailer/index_post', 'admin_url'),
(5, 'admin/mailer/index', 'admin_url'),
(5, 'admin/mailer/default', 'admin_url'),
(5, 'admin/setting/password_post', 'admin_url'),
(5, 'admin/setting/password', 'admin_url'),
(5, 'admin/user/userinfo_post', 'admin_url'),
(5, 'admin/user/userinfo', 'admin_url'),
(5, 'admin/setting/default', 'admin_url'),
(5, 'admin/setting/userdefault', 'admin_url'),
(5, 'gadgets/translate/index', 'admin_url'),
(5, 'gadgets/exchagerate/index', 'admin_url'),
(5, 'gadgets/customs/index', 'admin_url'),
(5, 'gadgets/worldtime/index', 'admin_url'),
(5, 'gadgets/ip/index', 'admin_url'),
(5, 'gadgets/currency/index', 'admin_url'),
(5, 'gadgets/currency/default', 'admin_url'),
(5, 'release/release/abc', 'admin_url'),
(5, 'crm/corder/confirmorder', 'admin_url'),
(4, 'admin/main/getversion', 'admin_url'),
(4, 'admin/mailer/active', 'admin_url'),
(4, 'admin/mailer/index_post', 'admin_url'),
(4, 'admin/mailer/index', 'admin_url'),
(4, 'admin/mailer/default', 'admin_url'),
(4, 'admin/setting/password_post', 'admin_url'),
(4, 'admin/setting/password', 'admin_url'),
(4, 'admin/user/userinfo_post', 'admin_url'),
(4, 'admin/user/userinfo', 'admin_url'),
(4, 'admin/setting/userdefault', 'admin_url'),
(4, 'admin/setting/default', 'admin_url'),
(5, 'crm/corder/cancelorder', 'admin_url'),
(5, 'crm/corder/delrefund', 'admin_url'),
(5, 'crm/corder/confirmrefund', 'admin_url'),
(5, 'crm/corder/refundpost', 'admin_url'),
(5, 'crm/corder/addrefund', 'admin_url'),
(5, 'crm/corder/editorder', 'admin_url'),
(5, 'crm/corder/editpost', 'admin_url'),
(5, 'crm/cindex/outputorder', 'admin_url'),
(5, 'crm/corder/orderlist', 'admin_url'),
(5, 'crm/corder/ordership', 'admin_url'),
(5, 'crm/cindex/listadd', 'admin_url'),
(5, 'crm/cindex/addlist', 'admin_url'),
(4, 'gadgets/translate/index', 'admin_url'),
(4, 'gadgets/exchagerate/index', 'admin_url'),
(4, 'gadgets/customs/index', 'admin_url'),
(4, 'gadgets/worldtime/index', 'admin_url'),
(4, 'gadgets/ip/index', 'admin_url'),
(4, 'gadgets/currency/index', 'admin_url'),
(4, 'gadgets/currency/default', 'admin_url'),
(4, 'release/release/abc', 'admin_url'),
(5, 'crm/cindex/getsale', 'admin_url'),
(5, 'crm/cindex/oneadd', 'admin_url'),
(5, 'crm/cindex/deleteclient', 'admin_url'),
(5, 'crm/cindex/addcustomer', 'admin_url'),
(5, 'crm/cindex/addone', 'admin_url'),
(5, 'crm/cindex/getclient', 'admin_url'),
(5, 'crm/cindex/totalclient', 'admin_url'),
(5, 'crm/cmanage/flyclient', 'admin_url'),
(4, 'crm/cindex/approvepost', 'admin_url'),
(5, 'crm/cindex/hasorder', 'admin_url'),
(5, 'crm/cindex/reqoffer', 'admin_url'),
(4, 'crm/cindex/approvestatus', 'admin_url'),
(5, 'crm/cindex/requirehelp', 'admin_url'),
(5, 'crm/cindex/addorder', 'admin_url'),
(5, 'crm/cindex/orderpost', 'admin_url'),
(5, 'crm/cindex/reqclientpost', 'admin_url'),
(4, 'crm/cindex/manageclientstatus', 'admin_url'),
(4, 'crm/cindex/confirmoffer', 'admin_url'),
(4, 'crm/cindex/replyhelp', 'admin_url'),
(5, 'crm/cindex/reqclientstatus', 'admin_url'),
(5, 'crm/cindex/edittypepost', 'admin_url'),
(4, 'crm/cindex/offerclient', 'admin_url'),
(4, 'crm/cindex/helplist', 'admin_url'),
(5, 'crm/cindex/gogh', 'admin_url'),
(5, 'crm/cindex/deleteseconduser', 'admin_url'),
(4, 'crm/corder/delrefund', 'admin_url'),
(4, 'crm/corder/confirmrefund', 'admin_url'),
(4, 'crm/corder/refundpost', 'admin_url'),
(4, 'crm/corder/addrefund', 'admin_url'),
(4, 'crm/corder/editpost', 'admin_url'),
(4, 'crm/corder/editorder', 'admin_url'),
(4, 'crm/cindex/outputorder', 'admin_url'),
(4, 'crm/corder/orderlist', 'admin_url'),
(4, 'crm/cindex/listadd', 'admin_url'),
(4, 'crm/cindex/addlist', 'admin_url'),
(4, 'crm/cindex/oneadd', 'admin_url'),
(4, 'crm/cindex/getsale', 'admin_url'),
(4, 'crm/cindex/addone', 'admin_url'),
(4, 'crm/cindex/addcustomer', 'admin_url'),
(4, 'crm/cindex/editpost', 'admin_url'),
(4, 'crm/cindex/editclient', 'admin_url'),
(4, 'crm/cindex/deleteclient', 'admin_url'),
(4, 'crm/cindex/allotclient', 'admin_url'),
(5, 'crm/cindex/editsecondpost', 'admin_url'),
(5, 'crm/cindex/editseconduser', 'admin_url'),
(5, 'crm/cindex/addmoreuser', 'admin_url'),
(5, 'crm/cindex/addmore', 'admin_url'),
(5, 'crm/cindex/contactadd', 'admin_url'),
(5, 'crm/cindex/addcontact', 'admin_url'),
(5, 'crm/cindex/editmytype', 'admin_url'),
(5, 'crm/cindex/editmylevel', 'admin_url'),
(5, 'crm/cindex/editlevelpost', 'admin_url'),
(5, 'crm/cindex/exportmyclient', 'admin_url'),
(5, 'crm/cindex/ownclient', 'admin_url'),
(5, 'crm/cindex/client', 'admin_url'),
(5, 'crm/cdata/contactremind', 'admin_url'),
(5, 'api/guestbookadmin/edit_post', 'admin_url'),
(5, 'crm/cindex/default', 'admin_url'),
(5, 'crm/cmanage/main', 'admin_url'),
(5, 'api/guestbookadmin/editgroup', 'admin_url'),
(5, 'api/guestbookadmin/add_post', 'admin_url'),
(5, 'api/guestbookadmin/guestbookgroup', 'admin_url'),
(5, 'api/guestbookadmin/addgroup', 'admin_url'),
(5, 'api/guestbookadmin/delete', 'admin_url'),
(5, 'api/guestbookadmin/index', 'admin_url'),
(5, 'statistics/inquirystatistics/statisticsinquiry', 'admin_url'),
(4, 'crm/cindex/getclient', 'admin_url'),
(4, 'crm/cindex/allotpost', 'admin_url'),
(4, 'crm/cindex/totalclient', 'admin_url'),
(4, 'crm/cmanage/flyclient', 'admin_url'),
(4, 'crm/cindex/hasorder', 'admin_url'),
(4, 'crm/cindex/reqoffer', 'admin_url'),
(4, 'crm/cindex/requirehelp', 'admin_url'),
(6, 'socialplatform/indexadmin/index', 'admin_url'),
(6, 'api/oauthadmin/setting_post', 'admin_url'),
(6, 'api/oauthadmin/setting', 'admin_url'),
(6, 'admin/ad/add_post', 'admin_url'),
(6, 'admin/ad/add', 'admin_url'),
(6, 'admin/ad/edit_post', 'admin_url'),
(6, 'admin/ad/edit', 'admin_url'),
(6, 'admin/ad/delete', 'admin_url'),
(6, 'admin/ad/toggle', 'admin_url'),
(6, 'admin/ad/index', 'admin_url'),
(6, 'admin/slidecat/add_post', 'admin_url'),
(6, 'admin/slidecat/add', 'admin_url'),
(6, 'admin/slidecat/edit_post', 'admin_url'),
(6, 'admin/slidecat/edit', 'admin_url'),
(6, 'admin/slidecat/delete', 'admin_url'),
(6, 'admin/slidecat/index', 'admin_url'),
(6, 'admin/slide/add_post', 'admin_url'),
(6, 'admin/slide/add', 'admin_url'),
(6, 'admin/slide/edit_post', 'admin_url'),
(6, 'admin/slide/edit', 'admin_url'),
(6, 'admin/slide/delete', 'admin_url'),
(6, 'admin/slide/cancelban', 'admin_url'),
(6, 'admin/slide/ban', 'admin_url'),
(6, 'admin/slide/toggle', 'admin_url'),
(6, 'admin/slide/listorders', 'admin_url'),
(6, 'admin/slide/index', 'admin_url'),
(6, 'admin/slide/default', 'admin_url'),
(6, 'admin/storage/setting_post', 'admin_url'),
(6, 'admin/storage/index', 'admin_url'),
(6, 'admin/plugin/update', 'admin_url'),
(6, 'admin/plugin/uninstall', 'admin_url'),
(6, 'admin/plugin/install', 'admin_url'),
(6, 'admin/plugin/setting_post', 'admin_url'),
(6, 'admin/plugin/setting', 'admin_url'),
(6, 'admin/plugin/toggle', 'admin_url'),
(6, 'admin/plugin/index', 'admin_url'),
(6, 'admin/extension/default', 'admin_url'),
(6, 'portal/adminpage/add_post', 'admin_url'),
(6, 'portal/adminpage/add', 'admin_url'),
(6, 'portal/adminpage/edit_post', 'admin_url'),
(6, 'portal/adminpage/edit', 'admin_url'),
(6, 'portal/adminpage/delete', 'admin_url'),
(6, 'portal/adminpage/listorders', 'admin_url'),
(6, 'portal/adminpage/index', 'admin_url'),
(6, 'portal/adminpost/add_post', 'admin_url'),
(6, 'portal/adminpost/add', 'admin_url'),
(6, 'portal/adminpost/edit_post', 'admin_url'),
(6, 'portal/adminpost/edit', 'admin_url'),
(6, 'portal/adminpost/delete', 'admin_url'),
(6, 'portal/adminpost/check', 'admin_url'),
(6, 'portal/adminpost/move', 'admin_url'),
(6, 'portal/adminpost/recommend', 'admin_url'),
(6, 'portal/adminpost/top', 'admin_url'),
(6, 'portal/adminpost/listorders', 'admin_url'),
(6, 'portal/adminpost/index', 'admin_url'),
(6, 'content/urlrule/delete', 'admin_url'),
(6, 'content/urlrule/edit_post', 'admin_url'),
(6, 'content/urlrule/edit', 'admin_url'),
(6, 'content/urlrule/add_post', 'admin_url'),
(6, 'content/urlrule/add', 'admin_url'),
(6, 'content/urlrule/index', 'admin_url'),
(6, 'comment/commentadmin/check', 'admin_url'),
(6, 'comment/commentadmin/delete', 'admin_url'),
(6, 'comment/commentadmin/index', 'admin_url'),
(6, 'admin/content/default', 'admin_url'),
(6, 'admin/menu/lists', 'admin_url'),
(6, 'admin/menu/delete', 'admin_url'),
(6, 'admin/menu/edit_post', 'admin_url'),
(6, 'admin/menu/edit', 'admin_url'),
(6, 'admin/menu/export_menu', 'admin_url'),
(6, 'admin/menu/listorders', 'admin_url'),
(6, 'admin/menu/add_post', 'admin_url'),
(6, 'admin/menu/add', 'admin_url'),
(6, 'admin/menu/index', 'admin_url'),
(6, 'admin/navcat/add_post', 'admin_url'),
(6, 'admin/navcat/add', 'admin_url'),
(6, 'admin/navcat/edit_post', 'admin_url'),
(6, 'admin/navcat/edit', 'admin_url'),
(6, 'admin/navcat/delete', 'admin_url'),
(6, 'admin/navcat/index', 'admin_url'),
(6, 'admin/nav/add_post', 'admin_url'),
(6, 'admin/nav/add', 'admin_url'),
(6, 'admin/nav/edit_post', 'admin_url'),
(6, 'admin/nav/edit', 'admin_url'),
(6, 'admin/nav/delete', 'admin_url'),
(6, 'admin/nav/listorders', 'admin_url'),
(6, 'admin/nav/index', 'admin_url'),
(6, 'admin/navcat/default1', 'admin_url'),
(6, 'admin/menu/default', 'admin_url'),
(6, 'portal/adminpage/restore', 'admin_url'),
(6, 'portal/adminpage/clean', 'admin_url'),
(6, 'portal/adminpage/recyclebin', 'admin_url'),
(6, 'content/contentshow/recycle', 'admin_url'),
(6, 'api/guestbookdel/index', 'admin_url'),
(6, 'portal/adminpost/clean', 'admin_url'),
(6, 'portal/adminpost/restore', 'admin_url'),
(6, 'portal/adminpost/recyclebin', 'admin_url'),
(6, 'admin/recycle/default', 'admin_url'),
(6, 'admin/backup/import', 'admin_url'),
(6, 'admin/backup/del_backup', 'admin_url'),
(6, 'admin/backup/download', 'admin_url'),
(6, 'admin/backup/index_post', 'admin_url'),
(6, 'admin/backup/index', 'admin_url'),
(6, 'admin/backup/restore', 'admin_url'),
(6, 'admin/backup/default', 'admin_url'),
(6, 'user/indexadmin/salesman', 'admin_url'),
(6, 'user/indexadmin/default3', 'admin_url'),
(6, 'user/oauthadmin/delete', 'admin_url'),
(6, 'user/oauthadmin/index', 'admin_url'),
(6, 'user/indexadmin/cancelban', 'admin_url'),
(6, 'user/indexadmin/ban', 'admin_url'),
(6, 'user/indexadmin/index', 'admin_url'),
(6, 'user/indexadmin/default1', 'admin_url'),
(6, 'admin/user/add_post', 'admin_url'),
(6, 'admin/user/add', 'admin_url'),
(6, 'admin/user/edit_post', 'admin_url'),
(6, 'admin/user/edit', 'admin_url'),
(6, 'admin/user/delete', 'admin_url'),
(6, 'admin/user/cancelban', 'admin_url'),
(6, 'admin/user/ban', 'admin_url'),
(6, 'admin/user/index', 'admin_url'),
(6, 'admin/rbac/roleadd_post', 'admin_url'),
(6, 'admin/rbac/roleadd', 'admin_url'),
(6, 'admin/rbac/roledelete', 'admin_url'),
(6, 'admin/rbac/roleedit', 'admin_url'),
(6, 'admin/rbac/roleedit_post', 'admin_url'),
(6, 'admin/rbac/authorize_post', 'admin_url'),
(6, 'admin/rbac/authorize', 'admin_url'),
(6, 'admin/rbac/member', 'admin_url'),
(6, 'admin/rbac/index', 'admin_url'),
(6, 'user/indexadmin/default', 'admin_url'),
(6, 'admin/setting/logo', 'admin_url'),
(6, 'socialplatform/indexadmin/technical', 'admin_url'),
(6, 'socialplatform/indexadmin/reminder', 'admin_url'),
(6, 'admin/demotem/index', 'admin_url'),
(6, 'content/models/index', 'admin_url'),
(6, 'admin/setting/languages', 'admin_url'),
(6, 'admin/main/getversion', 'admin_url'),
(6, 'admin/mailer/active_post', 'admin_url'),
(6, 'admin/mailer/active', 'admin_url'),
(6, 'admin/mailer/index_post', 'admin_url'),
(6, 'admin/mailer/index', 'admin_url'),
(6, 'admin/mailer/default', 'admin_url'),
(6, 'admin/setting/password_post', 'admin_url'),
(6, 'admin/setting/password', 'admin_url'),
(6, 'admin/user/userinfo_post', 'admin_url'),
(6, 'admin/user/userinfo', 'admin_url'),
(6, 'admin/setting/userdefault', 'admin_url'),
(6, 'admin/setting/default', 'admin_url'),
(6, 'statistics/googleapi/index', 'admin_url'),
(6, 'gadgets/translate/index', 'admin_url'),
(6, 'gadgets/exchagerate/index', 'admin_url'),
(6, 'gadgets/customs/index', 'admin_url'),
(6, 'gadgets/worldtime/index', 'admin_url'),
(6, 'gadgets/ip/index', 'admin_url'),
(6, 'gadgets/currency/index', 'admin_url'),
(6, 'gadgets/currency/default', 'admin_url'),
(6, 'crm/cindex/pdeleteclient', 'admin_url'),
(6, 'crm/cindex/restoreclient', 'admin_url'),
(6, 'crm/cindex/restore', 'admin_url'),
(6, 'crm/cmanage/branchcompany', 'admin_url'),
(6, 'crm/cmanage/editoption', 'admin_url'),
(6, 'crm/cmanage/coption', 'admin_url'),
(6, 'crm/cmanage/typedelete', 'admin_url'),
(6, 'crm/cmanage/typeedit', 'admin_url'),
(6, 'crm/cmanage/edittype', 'admin_url'),
(6, 'crm/cmanage/addtype', 'admin_url'),
(6, 'crm/cmanage/typeadd', 'admin_url'),
(6, 'crm/cmanage/ctype', 'admin_url'),
(6, 'crm/cmanage/leveledit', 'admin_url'),
(6, 'crm/cmanage/editlevel', 'admin_url'),
(6, 'crm/cmanage/clevel', 'admin_url'),
(6, 'crm/cmanage/default', 'admin_url'),
(6, 'crm/cdata/deletemonthdata', 'admin_url'),
(6, 'crm/cdata/editpost', 'admin_url'),
(6, 'crm/cdata/editmonthdata', 'admin_url'),
(6, 'crm/cdata/addmonthdata', 'admin_url'),
(6, 'crm/cdata/addpost', 'admin_url'),
(6, 'crm/cdata/monthdata', 'admin_url'),
(6, 'crm/cindex/approvepost', 'admin_url'),
(6, 'crm/cindex/approvestatus', 'admin_url'),
(6, 'crm/cindex/manageclientstatus', 'admin_url'),
(6, 'crm/cindex/confirmoffer', 'admin_url'),
(6, 'crm/cindex/offerclient', 'admin_url'),
(6, 'crm/cindex/replyhelp', 'admin_url'),
(6, 'crm/cindex/helplist', 'admin_url'),
(6, 'crm/corder/confirmorder', 'admin_url'),
(6, 'crm/corder/cancelorder', 'admin_url'),
(6, 'crm/corder/delrefund', 'admin_url'),
(6, 'crm/corder/confirmrefund', 'admin_url'),
(6, 'crm/corder/refundpost', 'admin_url'),
(6, 'crm/corder/addrefund', 'admin_url'),
(6, 'crm/corder/editpost', 'admin_url'),
(6, 'crm/corder/editorder', 'admin_url'),
(6, 'crm/corder/orderlist', 'admin_url'),
(6, 'crm/cindex/listadd', 'admin_url'),
(6, 'crm/cindex/addlist', 'admin_url'),
(6, 'crm/cindex/getsale', 'admin_url'),
(6, 'crm/cindex/oneadd', 'admin_url'),
(6, 'crm/cindex/addone', 'admin_url'),
(6, 'crm/cindex/addcustomer', 'admin_url'),
(6, 'crm/cindex/editpost', 'admin_url'),
(6, 'crm/cindex/editclient', 'admin_url'),
(6, 'crm/cindex/deleteclient', 'admin_url'),
(6, 'crm/cindex/allotclient', 'admin_url'),
(6, 'crm/cindex/getclient', 'admin_url'),
(6, 'crm/cindex/allotpost', 'admin_url'),
(6, 'crm/cindex/totalclient', 'admin_url'),
(6, 'crm/cmanage/flyclient', 'admin_url'),
(6, 'crm/cindex/hasorder', 'admin_url'),
(6, 'crm/cindex/reqoffer', 'admin_url'),
(6, 'crm/cindex/requirehelp', 'admin_url'),
(6, 'crm/cindex/orderpost', 'admin_url'),
(6, 'crm/cindex/addorder', 'admin_url'),
(6, 'crm/cindex/reqclientpost', 'admin_url'),
(6, 'crm/cindex/reqclientstatus', 'admin_url'),
(6, 'crm/cindex/edittypepost', 'admin_url'),
(6, 'crm/cindex/gogh', 'admin_url'),
(6, 'crm/cindex/deleteseconduser', 'admin_url'),
(6, 'crm/cindex/editsecondpost', 'admin_url'),
(6, 'crm/cindex/editseconduser', 'admin_url'),
(6, 'crm/cindex/addmore', 'admin_url'),
(6, 'crm/cindex/addmoreuser', 'admin_url'),
(6, 'crm/cindex/contactadd', 'admin_url'),
(6, 'crm/cindex/addcontact', 'admin_url'),
(6, 'crm/cindex/editmytype', 'admin_url'),
(6, 'crm/cindex/editlevelpost', 'admin_url'),
(6, 'crm/cindex/editmylevel', 'admin_url'),
(6, 'crm/cindex/exportmyclient', 'admin_url'),
(6, 'crm/cindex/ownclient', 'admin_url'),
(6, 'crm/cindex/client', 'admin_url'),
(6, 'crm/cdata/report', 'admin_url'),
(6, 'crm/cdata/saleman', 'admin_url'),
(6, 'crm/cdata/singlemanager', 'admin_url'),
(6, 'crm/cdata/department', 'admin_url'),
(6, 'crm/cdata/singlesale', 'admin_url'),
(6, 'crm/cdata/behav_step2', 'admin_url'),
(6, 'crm/cdata/behav_step', 'admin_url'),
(6, 'crm/cdata/behaviour', 'admin_url'),
(6, 'crm/cdata/saleprocess', 'admin_url'),
(6, 'crm/cdata/index', 'admin_url'),
(6, 'crm/cmanage/main', 'admin_url'),
(6, 'crm/cindex/default', 'admin_url'),
(6, 'api/guestbookadmin/setting', 'admin_url'),
(6, 'api/guestbookadmin/email', 'admin_url'),
(6, 'api/guestbookadmin/edit_post', 'admin_url'),
(6, 'api/guestbookadmin/add_post', 'admin_url'),
(6, 'api/guestbookadmin/editgroup', 'admin_url'),
(6, 'api/guestbookadmin/addgroup', 'admin_url'),
(6, 'api/guestbookadmin/guestbookgroup', 'admin_url'),
(6, 'api/guestbookadmin/delete', 'admin_url'),
(6, 'api/guestbookadmin/index', 'admin_url'),
(6, 'api/guestbookadmin/mydefault', 'admin_url'),
(6, 'statistics/inquirystatistics/statisticsinquiry', 'admin_url'),
(6, 'statistics/report/add_post', 'admin_url'),
(6, 'statistics/report/addcomment', 'admin_url'),
(6, 'statistics/report/delete', 'admin_url'),
(6, 'statistics/report/edit_post', 'admin_url'),
(7, 'website/management/set', 'admin_url'),
(7, 'website/management/configure', 'admin_url'),
(7, 'admin/setting/site', 'admin_url'),
(7, 'admin/setting/site_post', 'admin_url'),
(7, 'admin/route/index', 'admin_url'),
(7, 'admin/route/add', 'admin_url'),
(7, 'admin/route/add_post', 'admin_url'),
(7, 'admin/route/edit', 'admin_url'),
(7, 'admin/route/edit_post', 'admin_url'),
(7, 'admin/route/delete', 'admin_url'),
(7, 'admin/route/ban', 'admin_url'),
(7, 'admin/route/open', 'admin_url'),
(7, 'admin/route/listorders', 'admin_url'),
(7, 'search/search/index', 'admin_url'),
(7, 'content/category/index', 'admin_url'),
(7, 'content/category/listorders', 'admin_url'),
(7, 'content/category/singlepage', 'admin_url'),
(7, 'content/category/wadd', 'admin_url'),
(7, 'content/category/categoryshux', 'admin_url'),
(7, 'content/category/public_cache', 'admin_url'),
(7, 'content/category/changeismenu', 'admin_url'),
(7, 'content/category/delete', 'admin_url'),
(7, 'content/category/edit', 'admin_url'),
(7, 'content/category/edit_post', 'admin_url'),
(7, 'content/category/add', 'admin_url'),
(7, 'content/category/add_post', 'admin_url'),
(7, 'content/contents/index', 'admin_url'),
(7, 'content/contents/article', 'admin_url'),
(7, 'content/contents/download', 'admin_url'),
(7, 'content/contents/photo', 'admin_url'),
(7, 'content/contents/product', 'admin_url'),
(7, 'content/contents/cxtest', 'admin_url'),
(7, 'content/contents/singlepage', 'admin_url'),
(7, 'content/contents/faq', 'admin_url'),
(7, 'content/contents/testsd', 'admin_url'),
(7, 'content/createhtml/default', 'admin_url'),
(7, 'content/createhtml/update_all', 'admin_url'),
(7, 'content/createhtml/index', 'admin_url'),
(7, 'content/createhtml/category', 'admin_url'),
(7, 'content/createhtml/update_urls', 'admin_url'),
(7, 'content/createhtml/update_show', 'admin_url'),
(7, 'socialplatform/indexadmin/site', 'admin_url'),
(7, 'admin/setting/clearcache', 'admin_url'),
(7, 'contact/contacttype/index', 'admin_url'),
(7, 'admin/partner/index', 'admin_url'),
(7, 'release/release/default', 'admin_url'),
(7, 'release/release/mydefault', 'admin_url'),
(7, 'release/release/add', 'admin_url'),
(7, 'release/release/add_post', 'admin_url'),
(7, 'release/release/edit', 'admin_url'),
(7, 'release/release/edit_post', 'admin_url'),
(7, 'release/release/delete', 'admin_url'),
(7, 'release/release/product', 'admin_url'),
(7, 'release/release/post_product', 'admin_url'),
(7, 'release/release/index', 'admin_url'),
(7, 'release/release/addyellow', 'admin_url'),
(7, 'release/release/yellowpage', 'admin_url'),
(7, 'admin/link/index', 'admin_url'),
(7, 'admin/link/listorders', 'admin_url'),
(7, 'admin/link/toggle', 'admin_url'),
(7, 'admin/link/delete', 'admin_url'),
(7, 'admin/link/edit', 'admin_url'),
(7, 'admin/link/edit_post', 'admin_url'),
(7, 'admin/link/add', 'admin_url'),
(7, 'admin/link/add_post', 'admin_url'),
(7, 'content/category/mydefault', 'admin_url'),
(7, 'content/category/listtdk', 'admin_url'),
(7, 'content/tkslibrary/index', 'admin_url'),
(7, 'socialplatform/indexadmin/mydefault', 'admin_url'),
(7, 'socialplatform/indexadmin/show', 'admin_url'),
(7, 'content/socially/index', 'admin_url'),
(7, 'statistics/report/main', 'admin_url'),
(7, 'statistics/articlestatistics/statisticsarticle', 'admin_url'),
(7, 'statistics/productsstatistics/statisticsproducts', 'admin_url'),
(7, 'statistics/foreignvis/index', 'admin_url'),
(7, 'statistics/keywordsrank/index', 'admin_url'),
(7, 'statistics/links/index', 'admin_url'),
(7, 'statistics/googleapi/index', 'admin_url'),
(7, 'statistics/report/index', 'admin_url'),
(7, 'statistics/report/creport', 'admin_url'),
(7, 'statistics/report/zcpppdf', 'admin_url'),
(7, 'statistics/report/commentlist', 'admin_url'),
(7, 'statistics/report/editcomment', 'admin_url'),
(7, 'statistics/report/edit_post', 'admin_url'),
(7, 'statistics/report/delete', 'admin_url'),
(7, 'statistics/report/addcomment', 'admin_url'),
(7, 'statistics/report/add_post', 'admin_url'),
(7, 'statistics/inquirystatistics/statisticsinquiry', 'admin_url'),
(7, 'api/guestbookadmin/mydefault', 'admin_url'),
(7, 'api/guestbookadmin/index', 'admin_url'),
(7, 'api/guestbookadmin/delete', 'admin_url'),
(7, 'api/guestbookadmin/guestbookgroup', 'admin_url'),
(7, 'api/guestbookadmin/addgroup', 'admin_url'),
(7, 'api/guestbookadmin/add_post', 'admin_url'),
(7, 'api/guestbookadmin/editgroup', 'admin_url'),
(7, 'api/guestbookadmin/edit_post', 'admin_url'),
(7, 'api/guestbookadmin/email', 'admin_url'),
(7, 'api/guestbookadmin/setting', 'admin_url'),
(7, 'admin/setting/default', 'admin_url'),
(7, 'admin/setting/userdefault', 'admin_url'),
(7, 'admin/user/userinfo', 'admin_url'),
(7, 'admin/user/userinfo_post', 'admin_url'),
(7, 'admin/setting/password', 'admin_url'),
(7, 'admin/setting/password_post', 'admin_url'),
(7, 'admin/mailer/default', 'admin_url'),
(7, 'admin/mailer/index', 'admin_url'),
(7, 'admin/mailer/index_post', 'admin_url'),
(7, 'admin/mailer/active', 'admin_url'),
(7, 'admin/mailer/active_post', 'admin_url'),
(7, 'admin/main/getversion', 'admin_url'),
(7, 'admin/setting/languages', 'admin_url'),
(7, 'content/models/index', 'admin_url'),
(7, 'admin/demotem/index', 'admin_url'),
(7, 'socialplatform/indexadmin/reminder', 'admin_url'),
(7, 'socialplatform/indexadmin/technical', 'admin_url'),
(7, 'admin/setting/logo', 'admin_url'),
(7, 'user/indexadmin/default', 'admin_url'),
(7, 'admin/rbac/index', 'admin_url'),
(7, 'admin/rbac/member', 'admin_url'),
(7, 'admin/rbac/authorize', 'admin_url'),
(7, 'admin/rbac/authorize_post', 'admin_url'),
(7, 'admin/rbac/roleedit', 'admin_url'),
(7, 'admin/rbac/roleedit_post', 'admin_url'),
(7, 'admin/rbac/roledelete', 'admin_url'),
(7, 'admin/rbac/roleadd', 'admin_url'),
(7, 'admin/rbac/roleadd_post', 'admin_url'),
(7, 'admin/user/index', 'admin_url'),
(7, 'admin/user/ban', 'admin_url'),
(7, 'admin/user/cancelban', 'admin_url'),
(7, 'admin/user/delete', 'admin_url'),
(7, 'admin/user/edit', 'admin_url'),
(7, 'admin/user/edit_post', 'admin_url'),
(7, 'admin/user/add', 'admin_url'),
(7, 'admin/user/add_post', 'admin_url'),
(7, 'user/indexadmin/default1', 'admin_url'),
(7, 'user/indexadmin/index', 'admin_url'),
(7, 'user/indexadmin/ban', 'admin_url'),
(7, 'user/indexadmin/cancelban', 'admin_url'),
(7, 'user/oauthadmin/index', 'admin_url'),
(7, 'user/oauthadmin/delete', 'admin_url'),
(7, 'user/indexadmin/default3', 'admin_url'),
(7, 'user/indexadmin/salesman', 'admin_url'),
(7, 'admin/backup/default', 'admin_url'),
(7, 'admin/backup/restore', 'admin_url'),
(7, 'admin/backup/index', 'admin_url'),
(7, 'admin/backup/index_post', 'admin_url'),
(7, 'admin/backup/download', 'admin_url'),
(7, 'admin/backup/del_backup', 'admin_url'),
(7, 'admin/backup/import', 'admin_url'),
(5, 'statistics/report/add_post', 'admin_url'),
(5, 'statistics/report/addcomment', 'admin_url'),
(5, 'statistics/report/edit_post', 'admin_url'),
(5, 'statistics/report/delete', 'admin_url'),
(5, 'statistics/report/editcomment', 'admin_url'),
(5, 'statistics/report/commentlist', 'admin_url'),
(5, 'statistics/report/zcpppdf', 'admin_url'),
(5, 'statistics/report/creport', 'admin_url'),
(5, 'statistics/report/index', 'admin_url'),
(5, 'statistics/googleapi/index', 'admin_url'),
(5, 'statistics/keywordsrank/index', 'admin_url'),
(5, 'statistics/links/index', 'admin_url'),
(5, 'statistics/foreignvis/index', 'admin_url'),
(5, 'statistics/productsstatistics/statisticsproducts', 'admin_url'),
(5, 'statistics/report/main', 'admin_url'),
(4, 'crm/cindex/orderpost', 'admin_url'),
(4, 'crm/cindex/addorder', 'admin_url'),
(4, 'crm/cindex/reqclientpost', 'admin_url'),
(4, 'crm/cindex/reqclientstatus', 'admin_url'),
(4, 'crm/cindex/edittypepost', 'admin_url'),
(4, 'crm/cindex/gogh', 'admin_url'),
(4, 'crm/cindex/deleteseconduser', 'admin_url'),
(4, 'crm/cindex/editsecondpost', 'admin_url'),
(4, 'crm/cindex/addmore', 'admin_url'),
(4, 'crm/cindex/editseconduser', 'admin_url'),
(4, 'crm/cindex/addmoreuser', 'admin_url'),
(4, 'crm/cindex/contactadd', 'admin_url'),
(4, 'crm/cindex/addcontact', 'admin_url'),
(4, 'crm/cindex/editlevelpost', 'admin_url'),
(4, 'crm/cindex/editmytype', 'admin_url'),
(4, 'crm/cindex/editmylevel', 'admin_url'),
(4, 'crm/cindex/ownclient', 'admin_url'),
(4, 'crm/cindex/exportmyclient', 'admin_url'),
(4, 'crm/cindex/client', 'admin_url'),
(4, 'crm/cdata/report', 'admin_url'),
(4, 'crm/cdata/singlesale', 'admin_url'),
(4, 'crm/cdata/saleman', 'admin_url'),
(4, 'crm/cdata/behav_step2', 'admin_url'),
(4, 'crm/cdata/behav_step', 'admin_url'),
(4, 'crm/cdata/saleprocess', 'admin_url'),
(4, 'crm/cdata/behaviour', 'admin_url'),
(4, 'crm/cdata/index', 'admin_url'),
(4, 'crm/cindex/default', 'admin_url'),
(4, 'crm/cmanage/main', 'admin_url'),
(4, 'api/guestbookadmin/edit_post', 'admin_url'),
(4, 'api/guestbookadmin/editgroup', 'admin_url'),
(4, 'api/guestbookadmin/add_post', 'admin_url'),
(4, 'api/guestbookadmin/addgroup', 'admin_url'),
(4, 'api/guestbookadmin/guestbookgroup', 'admin_url'),
(4, 'api/guestbookadmin/delete', 'admin_url'),
(4, 'content/tkslibrary/index', 'admin_url'),
(4, 'api/guestbookadmin/index', 'admin_url'),
(4, 'content/category/listtdk', 'admin_url'),
(4, 'admin/partner/index', 'admin_url'),
(4, 'contact/contacttype/index', 'admin_url'),
(4, 'admin/setting/clearcache', 'admin_url'),
(4, 'socialplatform/indexadmin/site', 'admin_url'),
(4, 'content/createhtml/update_show', 'admin_url'),
(4, 'content/createhtml/update_urls', 'admin_url'),
(4, 'content/createhtml/category', 'admin_url'),
(4, 'content/createhtml/index', 'admin_url'),
(4, 'content/createhtml/update_all', 'admin_url'),
(4, 'content/createhtml/default', 'admin_url'),
(5, 'statistics/articlestatistics/statisticsarticle', 'admin_url'),
(5, 'content/tkslibrary/index', 'admin_url'),
(5, 'content/socially/index', 'admin_url'),
(5, 'content/category/listtdk', 'admin_url'),
(5, 'admin/partner/index', 'admin_url'),
(5, 'admin/setting/clearcache', 'admin_url'),
(5, 'contact/contacttype/index', 'admin_url'),
(5, 'socialplatform/indexadmin/site', 'admin_url'),
(5, 'content/createhtml/update_show', 'admin_url'),
(5, 'content/createhtml/update_urls', 'admin_url'),
(5, 'content/createhtml/category', 'admin_url'),
(5, 'content/createhtml/index', 'admin_url'),
(5, 'content/createhtml/update_all', 'admin_url'),
(5, 'content/createhtml/default', 'admin_url'),
(5, 'content/contents/testsd', 'admin_url'),
(5, 'content/contents/faq', 'admin_url'),
(5, 'content/contents/singlepage', 'admin_url'),
(5, 'content/contents/cxtest', 'admin_url'),
(5, 'content/contents/product', 'admin_url'),
(5, 'content/contents/photo', 'admin_url'),
(5, 'content/contents/download', 'admin_url'),
(5, 'content/contents/article', 'admin_url'),
(5, 'content/contents/index', 'admin_url'),
(5, 'content/category/add_post', 'admin_url'),
(5, 'content/category/add', 'admin_url'),
(5, 'content/category/edit_post', 'admin_url'),
(5, 'content/category/edit', 'admin_url'),
(5, 'content/category/delete', 'admin_url'),
(5, 'content/category/changeismenu', 'admin_url'),
(5, 'content/category/public_cache', 'admin_url'),
(5, 'content/category/categoryshux', 'admin_url'),
(5, 'content/category/wadd', 'admin_url'),
(5, 'content/category/listorders', 'admin_url'),
(5, 'content/category/singlepage', 'admin_url'),
(5, 'content/category/index', 'admin_url'),
(4, 'content/urlrule/edit_post', 'admin_url'),
(4, 'content/contents/testsd', 'admin_url'),
(4, 'content/contents/faq', 'admin_url'),
(4, 'content/contents/singlepage', 'admin_url'),
(4, 'content/contents/cxtest', 'admin_url'),
(4, 'content/contents/product', 'admin_url'),
(4, 'content/contents/photo', 'admin_url'),
(4, 'content/contents/download', 'admin_url'),
(4, 'content/contents/article', 'admin_url'),
(4, 'content/contents/index', 'admin_url'),
(4, 'content/category/add_post', 'admin_url'),
(4, 'content/category/add', 'admin_url'),
(4, 'content/category/edit_post', 'admin_url'),
(4, 'content/category/edit', 'admin_url'),
(4, 'content/category/delete', 'admin_url'),
(4, 'content/category/changeismenu', 'admin_url'),
(4, 'content/category/public_cache', 'admin_url'),
(4, 'content/category/categoryshux', 'admin_url'),
(4, 'content/category/wadd', 'admin_url'),
(4, 'content/category/singlepage', 'admin_url'),
(4, 'content/category/listorders', 'admin_url'),
(4, 'content/category/index', 'admin_url'),
(4, 'search/search/index', 'admin_url'),
(4, 'admin/route/listorders', 'admin_url'),
(4, 'admin/route/open', 'admin_url'),
(4, 'admin/route/ban', 'admin_url'),
(4, 'admin/route/delete', 'admin_url'),
(4, 'admin/route/edit_post', 'admin_url'),
(4, 'admin/route/edit', 'admin_url'),
(4, 'admin/route/add_post', 'admin_url'),
(4, 'admin/route/add', 'admin_url'),
(4, 'admin/route/index', 'admin_url'),
(4, 'admin/setting/site_post', 'admin_url'),
(4, 'admin/setting/site', 'admin_url'),
(4, 'website/management/configure', 'admin_url'),
(4, 'website/management/set', 'admin_url'),
(5, 'search/search/index', 'admin_url'),
(5, 'admin/route/listorders', 'admin_url'),
(5, 'admin/route/open', 'admin_url'),
(5, 'admin/route/ban', 'admin_url'),
(5, 'admin/route/delete', 'admin_url'),
(5, 'admin/route/edit_post', 'admin_url'),
(5, 'admin/route/edit', 'admin_url'),
(5, 'admin/route/add_post', 'admin_url'),
(5, 'admin/route/add', 'admin_url'),
(5, 'admin/route/index', 'admin_url'),
(5, 'admin/setting/site_post', 'admin_url'),
(5, 'admin/setting/site', 'admin_url'),
(5, 'website/management/configure', 'admin_url'),
(5, 'website/management/set', 'admin_url'),
(4, 'content/urlrule/delete', 'admin_url'),
(4, 'portal/adminpost/index', 'admin_url'),
(4, 'portal/adminpost/listorders', 'admin_url'),
(4, 'portal/adminpost/top', 'admin_url'),
(4, 'portal/adminpost/recommend', 'admin_url'),
(4, 'portal/adminpost/move', 'admin_url'),
(4, 'portal/adminpost/check', 'admin_url'),
(4, 'portal/adminpost/delete', 'admin_url'),
(4, 'portal/adminpost/edit', 'admin_url'),
(4, 'portal/adminpost/edit_post', 'admin_url'),
(4, 'portal/adminpost/add', 'admin_url'),
(4, 'portal/adminpost/add_post', 'admin_url'),
(4, 'portal/adminpage/index', 'admin_url'),
(4, 'portal/adminpage/listorders', 'admin_url'),
(4, 'portal/adminpage/delete', 'admin_url'),
(4, 'portal/adminpage/edit', 'admin_url'),
(4, 'portal/adminpage/edit_post', 'admin_url'),
(4, 'portal/adminpage/add', 'admin_url'),
(4, 'portal/adminpage/add_post', 'admin_url'),
(4, 'admin/user/helpcenter', 'admin_url'),
(5, 'admin/recycle/default', 'admin_url'),
(5, 'portal/adminpost/recyclebin', 'admin_url'),
(5, 'portal/adminpost/restore', 'admin_url'),
(5, 'portal/adminpost/clean', 'admin_url'),
(5, 'api/guestbookdel/index', 'admin_url'),
(5, 'portal/adminpage/recyclebin', 'admin_url'),
(5, 'portal/adminpage/clean', 'admin_url'),
(5, 'portal/adminpage/restore', 'admin_url'),
(5, 'admin/user/helpcenter', 'admin_url'),
(6, 'statistics/report/editcomment', 'admin_url'),
(2, 'portal/adminpage/clean', 'admin_url'),
(2, 'portal/adminpage/recyclebin', 'admin_url'),
(2, 'content/contentshow/recycle', 'admin_url'),
(2, 'api/guestbookdel/index', 'admin_url'),
(2, 'portal/adminpost/clean', 'admin_url'),
(2, 'portal/adminpost/restore', 'admin_url'),
(2, 'portal/adminpost/recyclebin', 'admin_url'),
(2, 'admin/recycle/default', 'admin_url'),
(2, 'admin/backup/import', 'admin_url'),
(2, 'admin/backup/del_backup', 'admin_url'),
(2, 'admin/backup/download', 'admin_url'),
(2, 'admin/backup/index_post', 'admin_url'),
(2, 'admin/backup/index', 'admin_url'),
(2, 'admin/backup/restore', 'admin_url'),
(2, 'admin/backup/default', 'admin_url'),
(2, 'user/indexadmin/salesman', 'admin_url'),
(2, 'user/indexadmin/default3', 'admin_url'),
(2, 'user/oauthadmin/delete', 'admin_url'),
(2, 'user/oauthadmin/index', 'admin_url'),
(2, 'user/indexadmin/cancelban', 'admin_url'),
(2, 'user/indexadmin/ban', 'admin_url'),
(2, 'user/indexadmin/index', 'admin_url'),
(2, 'user/indexadmin/default1', 'admin_url'),
(2, 'admin/user/add_post', 'admin_url'),
(2, 'admin/user/add', 'admin_url'),
(2, 'admin/user/edit_post', 'admin_url'),
(2, 'admin/user/edit', 'admin_url'),
(2, 'admin/user/delete', 'admin_url'),
(2, 'admin/user/cancelban', 'admin_url'),
(2, 'admin/user/ban', 'admin_url'),
(2, 'admin/user/index', 'admin_url'),
(2, 'admin/rbac/roleadd_post', 'admin_url'),
(2, 'admin/rbac/roleadd', 'admin_url'),
(2, 'admin/rbac/roledelete', 'admin_url'),
(2, 'admin/rbac/roleedit_post', 'admin_url'),
(2, 'admin/rbac/roleedit', 'admin_url'),
(2, 'admin/rbac/authorize_post', 'admin_url'),
(2, 'admin/rbac/authorize', 'admin_url'),
(2, 'admin/rbac/member', 'admin_url'),
(2, 'admin/rbac/index', 'admin_url'),
(2, 'user/indexadmin/default', 'admin_url'),
(2, 'admin/setting/logo', 'admin_url'),
(2, 'socialplatform/indexadmin/technical', 'admin_url'),
(2, 'socialplatform/indexadmin/reminder', 'admin_url'),
(2, 'admin/demotem/index', 'admin_url'),
(2, 'content/models/index', 'admin_url'),
(2, 'admin/setting/languages', 'admin_url'),
(2, 'admin/main/getversion', 'admin_url'),
(2, 'admin/mailer/active_post', 'admin_url'),
(2, 'admin/mailer/active', 'admin_url'),
(2, 'admin/mailer/index_post', 'admin_url'),
(2, 'admin/mailer/index', 'admin_url'),
(2, 'admin/mailer/default', 'admin_url'),
(2, 'admin/setting/password_post', 'admin_url'),
(2, 'admin/setting/password', 'admin_url'),
(2, 'admin/user/userinfo_post', 'admin_url'),
(2, 'admin/user/userinfo', 'admin_url'),
(2, 'admin/setting/userdefault', 'admin_url'),
(2, 'admin/setting/default', 'admin_url'),
(2, 'statistics/googleapi/index', 'admin_url'),
(2, 'admin/peixun/index', 'admin_url'),
(2, 'api/guestbookadmin/setting', 'admin_url'),
(2, 'api/guestbookadmin/email', 'admin_url'),
(2, 'api/guestbookadmin/edit_post', 'admin_url'),
(2, 'api/guestbookadmin/editgroup', 'admin_url'),
(2, 'api/guestbookadmin/add_post', 'admin_url'),
(2, 'api/guestbookadmin/addgroup', 'admin_url'),
(2, 'api/guestbookadmin/guestbookgroup', 'admin_url'),
(2, 'api/guestbookadmin/distribution', 'admin_url'),
(2, 'api/guestbookadmin/delete', 'admin_url'),
(2, 'api/guestbookadmin/index', 'admin_url'),
(2, 'api/guestbookadmin/mydefault', 'admin_url'),
(2, 'statistics/inquirystatistics/statisticsinquiry', 'admin_url'),
(2, 'statistics/report/creport_pre', 'admin_url'),
(2, 'statistics/report/add_post', 'admin_url'),
(2, 'statistics/report/addcomment', 'admin_url'),
(2, 'statistics/report/delete', 'admin_url'),
(2, 'statistics/report/edit_post', 'admin_url'),
(2, 'statistics/report/editcomment', 'admin_url'),
(2, 'statistics/report/commentlist', 'admin_url'),
(2, 'statistics/report/zcpppdf', 'admin_url'),
(2, 'statistics/report/creport', 'admin_url'),
(2, 'statistics/report/index', 'admin_url'),
(2, 'statistics/links/index', 'admin_url'),
(2, 'statistics/keywordinquiry/index', 'admin_url'),
(2, 'statistics/keywordsrank/addproject', 'admin_url'),
(2, 'statistics/keywordsrank/index', 'admin_url'),
(2, 'statistics/foreignvis/excelforeign_c', 'admin_url'),
(2, 'statistics/productsstatistics/statisticsproducts', 'admin_url'),
(2, 'statistics/foreignvis/index', 'admin_url'),
(2, 'statistics/articlestatistics/statisticsarticle', 'admin_url'),
(2, 'statistics/report/main', 'admin_url'),
(2, 'content/socially/index', 'admin_url'),
(2, 'socialplatform/indexadmin/show', 'admin_url'),
(2, 'socialplatform/indexadmin/mydefault', 'admin_url'),
(2, 'content/tkslibrary/add', 'admin_url'),
(2, 'content/tkslibrary/index', 'admin_url'),
(2, 'content/tkslibrary/selecttks', 'admin_url'),
(2, 'content/category/edittdk', 'admin_url'),
(2, 'content/category/tdk', 'admin_url'),
(2, 'content/category/listtdk', 'admin_url'),
(2, 'content/category/mydefault', 'admin_url'),
(2, 'admin/link/add_post', 'admin_url'),
(2, 'admin/link/add', 'admin_url'),
(2, 'admin/link/edit_post', 'admin_url'),
(2, 'admin/link/edit', 'admin_url'),
(2, 'admin/link/delete', 'admin_url'),
(2, 'admin/link/toggle', 'admin_url'),
(2, 'admin/link/listorders', 'admin_url'),
(2, 'admin/link/index', 'admin_url'),
(2, 'release/release/yellowproduct', 'admin_url'),
(2, 'release/release/yellowverifycode', 'admin_url'),
(2, 'release/release/yellowpostproduct', 'admin_url'),
(6, 'statistics/report/commentlist', 'admin_url'),
(6, 'statistics/report/creport', 'admin_url'),
(6, 'statistics/report/zcpppdf', 'admin_url'),
(6, 'statistics/report/index', 'admin_url'),
(6, 'statistics/links/index', 'admin_url'),
(6, 'statistics/keywordsrank/index', 'admin_url'),
(6, 'statistics/productsstatistics/statisticsproducts', 'admin_url'),
(6, 'statistics/foreignvis/index', 'admin_url'),
(6, 'statistics/articlestatistics/statisticsarticle', 'admin_url'),
(6, 'statistics/report/main', 'admin_url'),
(6, 'content/socially/index', 'admin_url'),
(6, 'socialplatform/indexadmin/show', 'admin_url'),
(6, 'socialplatform/indexadmin/mydefault', 'admin_url'),
(6, 'content/tkslibrary/index', 'admin_url'),
(6, 'content/tkslibrary/selecttks', 'admin_url'),
(6, 'content/category/tdk', 'admin_url'),
(6, 'content/category/edittdk', 'admin_url'),
(6, 'content/category/listtdk', 'admin_url'),
(6, 'content/category/mydefault', 'admin_url'),
(6, 'admin/link/add_post', 'admin_url'),
(6, 'admin/link/edit_post', 'admin_url'),
(6, 'admin/link/add', 'admin_url'),
(6, 'admin/link/edit', 'admin_url'),
(6, 'admin/link/delete', 'admin_url'),
(6, 'admin/link/toggle', 'admin_url'),
(6, 'admin/link/listorders', 'admin_url'),
(6, 'admin/link/index', 'admin_url'),
(6, 'release/release/yellowpostproduct', 'admin_url'),
(6, 'release/release/yellowverifycode', 'admin_url'),
(6, 'release/release/yellowproduct', 'admin_url'),
(6, 'release/release/deleteyellow', 'admin_url'),
(6, 'release/release/yelloweditpost', 'admin_url'),
(6, 'release/release/edityellow', 'admin_url'),
(6, 'release/release/yellowpage', 'admin_url'),
(6, 'release/release/addyellow', 'admin_url'),
(6, 'release/release/accountpost', 'admin_url'),
(6, 'release/release/editaccount', 'admin_url'),
(6, 'release/release/index', 'admin_url'),
(6, 'release/release/zclqyzm', 'admin_url'),
(6, 'release/release/verify_code', 'admin_url'),
(6, 'release/release/product', 'admin_url'),
(6, 'release/release/post_product', 'admin_url'),
(6, 'release/release/delete', 'admin_url'),
(6, 'release/release/edit_post', 'admin_url'),
(6, 'release/release/add', 'admin_url'),
(6, 'release/release/edit', 'admin_url'),
(6, 'release/release/add_post', 'admin_url'),
(6, 'release/release/mydefault', 'admin_url'),
(6, 'release/release/default', 'admin_url'),
(6, 'admin/partner/index', 'admin_url'),
(6, 'admin/setting/clearcache', 'admin_url'),
(6, 'socialplatform/indexadmin/site', 'admin_url'),
(6, 'content/createhtml/update_urls', 'admin_url'),
(6, 'content/createhtml/update_show', 'admin_url'),
(6, 'content/createhtml/update_all', 'admin_url'),
(6, 'content/createhtml/index', 'admin_url'),
(6, 'content/createhtml/category', 'admin_url'),
(6, 'content/contents/faq', 'admin_url'),
(6, 'content/createhtml/default', 'admin_url'),
(6, 'content/contents/singlepage', 'admin_url'),
(6, 'content/contents/photo', 'admin_url'),
(6, 'content/contents/download', 'admin_url'),
(6, 'content/contents/public_category', 'admin_url'),
(6, 'content/contents/article', 'admin_url'),
(6, 'content/contentshow/seo_random', 'admin_url'),
(6, 'content/contentshow/delete', 'admin_url'),
(6, 'content/createhtml/batch_show', 'admin_url'),
(6, 'content/contentshow/recommend', 'admin_url'),
(6, 'content/contentshow/top', 'admin_url'),
(6, 'content/contentshow/public_nocheck', 'admin_url'),
(6, 'content/contentshow/public_check', 'admin_url'),
(6, 'content/contentshow/edit', 'admin_url'),
(6, 'content/contentshow/copy', 'admin_url'),
(6, 'content/contentshow/public_relationlist', 'admin_url'),
(6, 'content/contentshow/listorder', 'admin_url'),
(6, 'content/contentshow/add', 'admin_url'),
(6, 'content/contentshow/classlist', 'admin_url'),
(6, 'content/contents/index', 'admin_url'),
(6, 'content/contentshow/hot_product', 'admin_url'),
(6, 'content/contentshow/new_product', 'admin_url'),
(6, 'content/contents/product', 'admin_url'),
(6, 'content/category/add_post', 'admin_url'),
(6, 'content/contents/product1', 'admin_url'),
(6, 'content/category/add', 'admin_url'),
(6, 'content/category/edit_post', 'admin_url'),
(6, 'content/category/delete', 'admin_url'),
(2, 'release/release/yellowpage', 'admin_url'),
(2, 'release/release/addyellow', 'admin_url'),
(2, 'release/release/index', 'admin_url'),
(2, 'release/release/post_product', 'admin_url'),
(2, 'release/release/product', 'admin_url'),
(2, 'release/release/delete', 'admin_url'),
(2, 'release/release/edit_post', 'admin_url'),
(2, 'release/release/edit', 'admin_url'),
(2, 'release/release/add_post', 'admin_url'),
(2, 'release/release/add', 'admin_url'),
(2, 'release/release/default', 'admin_url'),
(2, 'release/release/mydefault', 'admin_url'),
(2, 'admin/partner/index', 'admin_url'),
(2, 'admin/setting/clearcache', 'admin_url'),
(2, 'content/createhtml/watermark', 'admin_url'),
(2, 'content/createhtml/update_show', 'admin_url'),
(2, 'socialplatform/indexadmin/site', 'admin_url'),
(2, 'content/createhtml/update_urls', 'admin_url'),
(2, 'content/createhtml/category', 'admin_url'),
(2, 'content/createhtml/index', 'admin_url'),
(2, 'content/createhtml/update_all', 'admin_url'),
(2, 'content/createhtml/default', 'admin_url'),
(2, 'admin/adsposition/delete', 'admin_url'),
(2, 'admin/adsposition/edit_post', 'admin_url'),
(2, 'admin/adsposition/edit', 'admin_url'),
(2, 'admin/adsposition/add_post', 'admin_url'),
(2, 'admin/adsposition/add', 'admin_url'),
(2, 'admin/adsposition/index', 'admin_url'),
(2, 'admin/ad/upload', 'admin_url'),
(2, 'admin/ad/delimg', 'admin_url'),
(2, 'admin/ad/folder', 'admin_url'),
(2, 'admin/ad/getxon2', 'admin_url'),
(2, 'admin/ad/site_post', 'admin_url'),
(2, 'admin/ad/site', 'admin_url'),
(2, 'contact/contacttype/edit_post', 'admin_url'),
(2, 'contact/contacttype/add_post', 'admin_url'),
(2, 'contact/contacttype/edit', 'admin_url'),
(2, 'contact/contacttype/add', 'admin_url'),
(2, 'contact/contacttype/index', 'admin_url'),
(2, 'search/search/index', 'admin_url'),
(2, 'admin/route/listorders', 'admin_url'),
(2, 'admin/route/open', 'admin_url'),
(2, 'admin/route/ban', 'admin_url'),
(2, 'admin/route/delete', 'admin_url'),
(2, 'admin/route/edit_post', 'admin_url'),
(2, 'admin/route/edit', 'admin_url'),
(2, 'admin/route/add_post', 'admin_url'),
(2, 'admin/route/add', 'admin_url'),
(2, 'admin/route/index', 'admin_url'),
(2, 'admin/setting/site', 'admin_url'),
(2, 'admin/setting/site_post', 'admin_url'),
(2, 'website/management/configure', 'admin_url'),
(2, 'content/contents/faq', 'admin_url'),
(2, 'content/contents/photo', 'admin_url'),
(2, 'content/contentshow/public_crop_upload', 'admin_url'),
(2, 'content/contentshow/public_imagescrop', 'admin_url'),
(2, 'content/contents/public_category', 'admin_url'),
(2, 'content/contentshow/seo_random', 'admin_url'),
(2, 'content/createhtml/batch_show', 'admin_url'),
(2, 'content/contentshow/delete', 'admin_url'),
(2, 'content/contentshow/public_nocheck', 'admin_url'),
(2, 'content/contentshow/public_check', 'admin_url'),
(2, 'content/contentshow/listorder', 'admin_url'),
(2, 'content/contentshow/add', 'admin_url'),
(2, 'content/contentshow/public_relationlist', 'admin_url'),
(2, 'content/contentshow/copy', 'admin_url'),
(2, 'content/contentshow/edit', 'admin_url'),
(2, 'content/contentshow/classlist', 'admin_url'),
(6, 'content/category/edit', 'admin_url'),
(6, 'content/category/changeismenu', 'admin_url'),
(6, 'content/category/public_cache', 'admin_url'),
(6, 'content/category/categoryshux', 'admin_url'),
(6, 'content/category/wadd', 'admin_url'),
(6, 'content/category/singlepage', 'admin_url'),
(6, 'content/category/listorders', 'admin_url'),
(6, 'admin/ad/site1', 'admin_url'),
(6, 'content/category/index', 'admin_url'),
(6, 'admin/ad/site_post', 'admin_url'),
(6, 'admin/ad/site', 'admin_url'),
(6, 'contact/contacttype/index', 'admin_url'),
(6, 'search/search/index', 'admin_url'),
(6, 'admin/route/listorders', 'admin_url'),
(6, 'admin/route/open', 'admin_url'),
(6, 'admin/route/ban', 'admin_url'),
(6, 'admin/route/delete', 'admin_url'),
(6, 'admin/route/edit_post', 'admin_url'),
(6, 'admin/route/edit', 'admin_url'),
(6, 'admin/route/add_post', 'admin_url'),
(6, 'admin/route/add', 'admin_url'),
(6, 'admin/route/index', 'admin_url'),
(6, 'admin/setting/site_post', 'admin_url'),
(6, 'admin/setting/site', 'admin_url'),
(6, 'website/management/configure', 'admin_url'),
(6, 'website/management/set', 'admin_url'),
(2, 'content/contents/index', 'admin_url'),
(2, 'content/contents/download', 'admin_url'),
(2, 'content/contents/pagedit', 'admin_url'),
(2, 'content/contentshow/pagedit', 'admin_url'),
(2, 'content/contents/singlepage', 'admin_url'),
(2, 'content/contents/article', 'admin_url'),
(2, 'admin/ads/delete', 'admin_url'),
(2, 'admin/ads/edit_post', 'admin_url'),
(2, 'admin/ads/edit', 'admin_url'),
(2, 'admin/ads/add_post', 'admin_url'),
(2, 'admin/ads/add', 'admin_url'),
(2, 'admin/ads/index', 'admin_url'),
(2, 'content/contentshow/new_product', 'admin_url'),
(2, 'content/contentshow/hot_product', 'admin_url'),
(2, 'content/contents/product', 'admin_url'),
(2, 'content/contents/product1', 'admin_url'),
(2, 'admin/ad/site1', 'admin_url'),
(2, 'content/category/add_post', 'admin_url'),
(2, 'content/category/add', 'admin_url'),
(2, 'content/category/edit_post', 'admin_url'),
(2, 'content/category/edit', 'admin_url'),
(2, 'content/category/delete', 'admin_url'),
(2, 'content/category/changeismenu', 'admin_url'),
(2, 'content/category/public_cache', 'admin_url'),
(2, 'content/category/categoryshux', 'admin_url'),
(2, 'content/category/wadd', 'admin_url'),
(2, 'content/category/index', 'admin_url'),
(2, 'content/category/listorders', 'admin_url'),
(2, 'content/category/singlepage', 'admin_url'),
(2, 'website/management/set', 'admin_url'),
(2, 'portal/adminpage/restore', 'admin_url'),
(2, 'app/home/mobile', 'admin_url');

CREATE TABLE `cmf_auth_rule` (
  `id` mediumint(8) UNSIGNED NOT NULL COMMENT '规则id,自增主键',
  `module` varchar(20) NOT NULL COMMENT '规则所属module',
  `type` varchar(30) NOT NULL DEFAULT '1' COMMENT '权限规则分类，请加应用前缀,如admin_',
  `name` varchar(255) NOT NULL DEFAULT '' COMMENT '规则唯一英文标识,全小写',
  `param` varchar(255) DEFAULT NULL COMMENT '额外url参数',
  `title` varchar(20) NOT NULL DEFAULT '' COMMENT '规则中文描述',
  `status` tinyint(1) NOT NULL DEFAULT '1' COMMENT '是否有效(0:无效,1:有效)',
  `condition` varchar(300) NOT NULL DEFAULT '' COMMENT '规则附加条件'
) ENGINE=MyISAM DEFAULT CHARSET=utf8;

INSERT INTO `cmf_auth_rule` (`id`, `module`, `type`, `name`, `param`, `title`, `status`, `condition`) VALUES
(1, 'Admin', 'admin_url', 'admin/content/default', '', '内容管理', 1, ''),
(2, 'Api', 'admin_url', 'api/guestbookadmin/index', '', '询盘管理', 1, ''),
(3, 'Api', 'admin_url', 'api/guestbookadmin/delete', '', '删除网站留言', 1, ''),
(4, 'Comment', 'admin_url', 'comment/commentadmin/index', '', '评论管理', 1, ''),
(5, 'Comment', 'admin_url', 'comment/commentadmin/delete', '', '删除评论', 1, ''),
(6, 'Comment', 'admin_url', 'comment/commentadmin/check', '', '评论审核', 1, ''),
(7, 'Portal', 'admin_url', 'portal/adminpost/index', '', '文章管理', 1, ''),
(8, 'Portal', 'admin_url', 'portal/adminpost/listorders', '', '文章排序', 1, ''),
(9, 'Portal', 'admin_url', 'portal/adminpost/top', '', '文章置顶', 1, ''),
(10, 'Portal', 'admin_url', 'portal/adminpost/recommend', '', '文章推荐', 1, ''),
(11, 'Portal', 'admin_url', 'portal/adminpost/move', '', '批量移动', 1, ''),
(12, 'Portal', 'admin_url', 'portal/adminpost/check', '', '文章审核', 1, ''),
(13, 'Portal', 'admin_url', 'portal/adminpost/delete', '', '删除文章', 1, ''),
(14, 'Portal', 'admin_url', 'portal/adminpost/edit', '', '编辑文章', 1, ''),
(15, 'Portal', 'admin_url', 'portal/adminpost/edit_post', '', '提交编辑', 1, ''),
(16, 'Portal', 'admin_url', 'portal/adminpost/add', '', '添加文章', 1, ''),
(17, 'Portal', 'admin_url', 'portal/adminpost/add_post', '', '提交添加', 1, ''),
(18, 'Portal', 'admin_url', 'portal/adminterm/index', '', '分类管理', 1, ''),
(19, 'Portal', 'admin_url', 'portal/adminterm/listorders', '', '文章分类排序', 1, ''),
(20, 'Portal', 'admin_url', 'portal/adminterm/delete', '', '删除分类', 1, ''),
(21, 'Portal', 'admin_url', 'portal/adminterm/edit', '', '编辑分类', 1, ''),
(22, 'Portal', 'admin_url', 'portal/adminterm/edit_post', '', '提交编辑', 1, ''),
(23, 'Portal', 'admin_url', 'portal/adminterm/add', '', '添加分类', 1, ''),
(24, 'Portal', 'admin_url', 'portal/adminterm/add_post', '', '提交添加', 1, ''),
(25, 'Portal', 'admin_url', 'portal/adminpage/index', '', '页面管理', 1, ''),
(26, 'Portal', 'admin_url', 'portal/adminpage/listorders', '', '页面排序', 1, ''),
(27, 'Portal', 'admin_url', 'portal/adminpage/delete', '', '删除页面', 1, ''),
(28, 'Portal', 'admin_url', 'portal/adminpage/edit', '', '编辑页面', 1, ''),
(29, 'Portal', 'admin_url', 'portal/adminpage/edit_post', '', '提交编辑', 1, ''),
(30, 'Portal', 'admin_url', 'portal/adminpage/add', '', '添加页面', 1, ''),
(31, 'Portal', 'admin_url', 'portal/adminpage/add_post', '', '提交添加', 1, ''),
(32, 'Admin', 'admin_url', 'admin/recycle/default', '', '回收站', 1, ''),
(33, 'Portal', 'admin_url', 'portal/adminpost/recyclebin', '', '文章回收', 1, ''),
(34, 'Portal', 'admin_url', 'portal/adminpost/restore', '', '文章还原', 1, ''),
(35, 'Portal', 'admin_url', 'portal/adminpost/clean', '', '彻底删除', 1, ''),
(36, 'Portal', 'admin_url', 'portal/adminpage/recyclebin', '', '页面回收', 1, ''),
(37, 'Portal', 'admin_url', 'portal/adminpage/clean', '', '彻底删除', 1, ''),
(38, 'Portal', 'admin_url', 'portal/adminpage/restore', '', '页面还原', 1, ''),
(39, 'Admin', 'admin_url', 'admin/extension/default', '', '扩展工具', 1, ''),
(40, 'Admin', 'admin_url', 'admin/backup/default', '', '备份恢复', 1, ''),
(41, 'Admin', 'admin_url', 'admin/backup/restore', '', '数据还原', 1, ''),
(42, 'Admin', 'admin_url', 'admin/backup/index', '', '数据备份', 1, ''),
(43, 'Admin', 'admin_url', 'admin/backup/index_post', '', '提交数据备份', 1, ''),
(44, 'Admin', 'admin_url', 'admin/backup/download', '', '下载备份', 1, ''),
(45, 'Admin', 'admin_url', 'admin/backup/del_backup', '', '删除备份', 1, ''),
(46, 'Admin', 'admin_url', 'admin/backup/import', '', '数据备份导入', 1, ''),
(47, 'Admin', 'admin_url', 'admin/plugin/index', '', '插件管理', 1, ''),
(48, 'Admin', 'admin_url', 'admin/plugin/toggle', '', '插件启用切换', 1, ''),
(49, 'Admin', 'admin_url', 'admin/plugin/setting', '', '插件设置', 1, ''),
(50, 'Admin', 'admin_url', 'admin/plugin/setting_post', '', '插件设置提交', 1, ''),
(51, 'Admin', 'admin_url', 'admin/plugin/install', '', '插件安装', 1, ''),
(52, 'Admin', 'admin_url', 'admin/plugin/uninstall', '', '插件卸载', 1, ''),
(53, 'Admin', 'admin_url', 'admin/slide/default', '', '幻灯片', 1, ''),
(54, 'Admin', 'admin_url', 'admin/slide/index', '', '幻灯片管理', 1, ''),
(55, 'Admin', 'admin_url', 'admin/slide/listorders', '', '幻灯片排序', 1, ''),
(56, 'Admin', 'admin_url', 'admin/slide/toggle', '', '幻灯片显示切换', 1, ''),
(57, 'Admin', 'admin_url', 'admin/slide/delete', '', '删除幻灯片', 1, ''),
(58, 'Admin', 'admin_url', 'admin/slide/edit', '', '编辑幻灯片', 1, ''),
(59, 'Admin', 'admin_url', 'admin/slide/edit_post', '', '提交编辑', 1, ''),
(60, 'Admin', 'admin_url', 'admin/slide/add', '', '添加幻灯片', 1, ''),
(61, 'Admin', 'admin_url', 'admin/slide/add_post', '', '提交添加', 1, ''),
(62, 'Admin', 'admin_url', 'admin/slidecat/index', '', '幻灯片分类', 1, ''),
(63, 'Admin', 'admin_url', 'admin/slidecat/delete', '', '删除分类', 1, ''),
(64, 'Admin', 'admin_url', 'admin/slidecat/edit', '', '编辑分类', 1, ''),
(65, 'Admin', 'admin_url', 'admin/slidecat/edit_post', '', '提交编辑', 1, ''),
(66, 'Admin', 'admin_url', 'admin/slidecat/add', '', '添加分类', 1, ''),
(67, 'Admin', 'admin_url', 'admin/slidecat/add_post', '', '提交添加', 1, ''),
(68, 'Admin', 'admin_url', 'admin/ad/index', '', '网站广告', 1, ''),
(69, 'Admin', 'admin_url', 'admin/ad/toggle', '', '广告显示切换', 1, ''),
(70, 'Admin', 'admin_url', 'admin/ad/delete', '', '删除广告', 1, ''),
(71, 'Admin', 'admin_url', 'admin/ad/edit', '', '编辑广告', 1, ''),
(72, 'Admin', 'admin_url', 'admin/ad/edit_post', '', '提交编辑', 1, ''),
(73, 'Admin', 'admin_url', 'admin/ad/add', '', '添加广告', 1, ''),
(74, 'Admin', 'admin_url', 'admin/ad/add_post', '', '提交添加', 1, ''),
(75, 'Admin', 'admin_url', 'admin/link/index', '', '友链管理', 1, ''),
(76, 'Admin', 'admin_url', 'admin/link/listorders', '', '友情链接排序', 1, ''),
(77, 'Admin', 'admin_url', 'admin/link/toggle', '', '友链显示切换', 1, ''),
(78, 'Admin', 'admin_url', 'admin/link/delete', '', '删除友情链接', 1, ''),
(79, 'Admin', 'admin_url', 'admin/link/edit', '', '编辑友情链接', 1, ''),
(80, 'Admin', 'admin_url', 'admin/link/edit_post', '', '提交编辑', 1, ''),
(81, 'Admin', 'admin_url', 'admin/link/add', '', '添加友情链接', 1, ''),
(82, 'Admin', 'admin_url', 'admin/link/add_post', '', '提交添加', 1, ''),
(83, 'Api', 'admin_url', 'api/oauthadmin/setting', '', '第三方登陆', 1, ''),
(84, 'Api', 'admin_url', 'api/oauthadmin/setting_post', '', '提交设置', 1, ''),
(85, 'Admin', 'admin_url', 'admin/menu/default', '', '菜单管理', 1, ''),
(86, 'Admin', 'admin_url', 'admin/navcat/default1', '', '前台菜单', 1, ''),
(87, 'Admin', 'admin_url', 'admin/nav/index', '', '菜单管理', 1, ''),
(88, 'Admin', 'admin_url', 'admin/nav/listorders', '', '前台导航排序', 1, ''),
(89, 'Admin', 'admin_url', 'admin/nav/delete', '', '删除菜单', 1, ''),
(90, 'Admin', 'admin_url', 'admin/nav/edit', '', '编辑菜单', 1, ''),
(91, 'Admin', 'admin_url', 'admin/nav/edit_post', '', '提交编辑', 1, ''),
(92, 'Admin', 'admin_url', 'admin/nav/add', '', '添加菜单', 1, ''),
(93, 'Admin', 'admin_url', 'admin/nav/add_post', '', '提交添加', 1, ''),
(94, 'Admin', 'admin_url', 'admin/navcat/index', '', '菜单分类', 1, ''),
(95, 'Admin', 'admin_url', 'admin/navcat/delete', '', '删除分类', 1, ''),
(96, 'Admin', 'admin_url', 'admin/navcat/edit', '', '编辑分类', 1, ''),
(97, 'Admin', 'admin_url', 'admin/navcat/edit_post', '', '提交编辑', 1, ''),
(98, 'Admin', 'admin_url', 'admin/navcat/add', '', '添加分类', 1, ''),
(99, 'Admin', 'admin_url', 'admin/navcat/add_post', '', '提交添加', 1, ''),
(100, 'Admin', 'admin_url', 'admin/menu/index', '', '后台菜单', 1, ''),
(101, 'Admin', 'admin_url', 'admin/menu/add', '', '添加菜单', 1, ''),
(102, 'Admin', 'admin_url', 'admin/menu/add_post', '', '提交添加', 1, ''),
(103, 'Admin', 'admin_url', 'admin/menu/listorders', '', '后台菜单排序', 1, ''),
(104, 'Admin', 'admin_url', 'admin/menu/export_menu', '', '菜单备份', 1, ''),
(105, 'Admin', 'admin_url', 'admin/menu/edit', '', '编辑菜单', 1, ''),
(106, 'Admin', 'admin_url', 'admin/menu/edit_post', '', '提交编辑', 1, ''),
(107, 'Admin', 'admin_url', 'admin/menu/delete', '', '删除菜单', 1, ''),
(108, 'Admin', 'admin_url', 'admin/menu/lists', '', '所有菜单', 1, ''),
(109, 'Admin', 'admin_url', 'admin/setting/default', '', '设置', 1, ''),
(110, 'Admin', 'admin_url', 'admin/setting/userdefault', '', '个人信息', 1, ''),
(111, 'Admin', 'admin_url', 'admin/user/userinfo', '', '修改信息', 1, ''),
(112, 'Admin', 'admin_url', 'admin/user/userinfo_post', '', '修改信息提交', 1, ''),
(113, 'Admin', 'admin_url', 'admin/setting/password', '', '修改密码', 1, ''),
(114, 'Admin', 'admin_url', 'admin/setting/password_post', '', '提交修改', 1, ''),
(115, 'Admin', 'admin_url', 'admin/setting/site', '', '网站信息', 1, ''),
(116, 'Admin', 'admin_url', 'admin/setting/site_post', '', '提交修改', 1, ''),
(117, 'Admin', 'admin_url', 'admin/route/index', '', '路由列表', 1, ''),
(118, 'Admin', 'admin_url', 'admin/route/add', '', '路由添加', 1, ''),
(119, 'Admin', 'admin_url', 'admin/route/add_post', '', '路由添加提交', 1, ''),
(120, 'Admin', 'admin_url', 'admin/route/edit', '', '路由编辑', 1, ''),
(121, 'Admin', 'admin_url', 'admin/route/edit_post', '', '路由编辑提交', 1, ''),
(122, 'Admin', 'admin_url', 'admin/route/delete', '', '路由删除', 1, ''),
(123, 'Admin', 'admin_url', 'admin/route/ban', '', '路由禁止', 1, ''),
(124, 'Admin', 'admin_url', 'admin/route/open', '', '路由启用', 1, ''),
(125, 'Admin', 'admin_url', 'admin/route/listorders', '', '路由排序', 1, ''),
(126, 'Admin', 'admin_url', 'admin/mailer/default', '', '邮箱设置', 1, ''),
(127, 'Admin', 'admin_url', 'admin/mailer/index', '', 'SMTP配置', 1, ''),
(128, 'Admin', 'admin_url', 'admin/mailer/index_post', '', '提交配置', 1, ''),
(129, 'Admin', 'admin_url', 'admin/mailer/active', '', '邮件模板', 1, ''),
(130, 'Admin', 'admin_url', 'admin/mailer/active_post', '', '提交模板', 1, ''),
(131, 'Admin', 'admin_url', 'admin/setting/clearcache', '', '清除缓存', 1, ''),
(132, 'User', 'admin_url', 'user/indexadmin/default', '', '用户管理', 1, ''),
(133, 'User', 'admin_url', 'user/indexadmin/default1', '', '用户管理', 1, ''),
(134, 'User', 'admin_url', 'user/indexadmin/index', '', '本站用户', 1, ''),
(135, 'User', 'admin_url', 'user/indexadmin/ban', '', '拉黑会员', 1, ''),
(136, 'User', 'admin_url', 'user/indexadmin/cancelban', '', '启用会员', 1, ''),
(137, 'User', 'admin_url', 'user/oauthadmin/index', '', '第三方用户', 1, ''),
(138, 'User', 'admin_url', 'user/oauthadmin/delete', '', '第三方用户解绑', 1, ''),
(139, 'User', 'admin_url', 'user/indexadmin/default3', '', '管理员管理', 1, ''),
(140, 'Admin', 'admin_url', 'admin/rbac/index', '', '角色管理', 1, ''),
(141, 'Admin', 'admin_url', 'admin/rbac/member', '', '成员管理', 1, ''),
(142, 'Admin', 'admin_url', 'admin/rbac/authorize', '', '权限设置', 1, ''),
(143, 'Admin', 'admin_url', 'admin/rbac/authorize_post', '', '提交设置', 1, ''),
(144, 'Admin', 'admin_url', 'admin/rbac/roleedit', '', '编辑角色', 1, ''),
(145, 'Admin', 'admin_url', 'admin/rbac/roleedit_post', '', '提交编辑', 1, ''),
(146, 'Admin', 'admin_url', 'admin/rbac/roledelete', '', '删除角色', 1, ''),
(147, 'Admin', 'admin_url', 'admin/rbac/roleadd', '', '添加角色', 1, ''),
(148, 'Admin', 'admin_url', 'admin/rbac/roleadd_post', '', '提交添加', 1, ''),
(149, 'Admin', 'admin_url', 'admin/user/index', '', '管理员管理', 1, ''),
(150, 'Admin', 'admin_url', 'admin/user/delete', '', '删除管理员', 1, ''),
(151, 'Admin', 'admin_url', 'admin/user/edit', '', '管理员编辑', 1, ''),
(152, 'Admin', 'admin_url', 'admin/user/edit_post', '', '编辑提交', 1, ''),
(153, 'Admin', 'admin_url', 'admin/user/add', '', '管理员添加', 1, ''),
(154, 'Admin', 'admin_url', 'admin/user/add_post', '', '添加提交', 1, ''),
(155, 'Admin', 'admin_url', 'admin/plugin/update', '', '插件更新', 1, ''),
(156, 'Admin', 'admin_url', 'admin/storage/index', '', '文件存储', 1, ''),
(157, 'Admin', 'admin_url', 'admin/storage/setting_post', '', '文件存储设置提交', 1, ''),
(158, 'Admin', 'admin_url', 'admin/slide/ban', '', '禁用幻灯片', 1, ''),
(159, 'Admin', 'admin_url', 'admin/slide/cancelban', '', '启用幻灯片', 1, ''),
(160, 'Admin', 'admin_url', 'admin/user/ban', '', '禁用管理员', 1, ''),
(161, 'Admin', 'admin_url', 'admin/user/cancelban', '', '启用管理员', 1, ''),
(162, 'Content', 'admin_url', 'content/models/index', '', '模型管理', 1, ''),
(163, 'Content', 'admin_url', 'content/createhtml/default', '', '更新管理', 1, ''),
(164, 'Content', 'admin_url', 'content/createhtml/index', '', '更新首页', 1, ''),
(165, 'Content', 'admin_url', 'content/createhtml/category', '', '批量更新栏目页', 1, ''),
(166, 'Content', 'admin_url', 'content/createhtml/update_urls', '', '批量更新URL', 1, ''),
(167, 'Content', 'admin_url', 'content/createhtml/update_show', '', '批量更新内容页', 1, ''),
(168, 'Socialplatform', 'admin_url', 'socialplatform/index/index', '', '社交平台', 1, ''),
(169, 'Socialplatform', 'admin_url', 'socialplatform/index/show', '', '社交', 1, ''),
(170, 'Socialplatform', 'admin_url', 'socialplatform/indexadmin/index', '', '其它', 1, ''),
(171, 'Socialplatform', 'admin_url', 'socialplatform/indexadmin/show', '', '社交', 1, ''),
(172, 'Socialplatform', 'admin_url', 'socialplatform/indexadmin/technical', '', '技术顾问', 1, ''),
(173, 'Content', 'admin_url', 'content/contents/index', '', '内容管理', 1, ''),
(174, 'Admin', 'admin_url', 'admin/statistical/default', '', '统计分析', 1, ''),
(175, 'Statistics', 'admin_url', 'statistics/articlestatistics/statisticsarticle', '', '文章统计', 1, ''),
(176, 'Portal', 'admin_url', 'portal/adminterm/singlepage', '', '添加单页', 1, ''),
(177, 'Portal', 'admin_url', 'portal/adminterm/wadd', '', '添加外部链接', 1, ''),
(178, 'Portal', 'admin_url', 'portal/adminterm/categoryshux', '', '终极属性转换', 1, ''),
(179, 'Portal', 'admin_url', 'portal/adminterm/public_cache', '', '分类更新缓存', 1, ''),
(180, 'Content', 'admin_url', 'content/urlrule/index', '', 'URL规则管理', 1, ''),
(181, 'Content', 'admin_url', 'content/urlrule/add', '', 'URL规则添加', 1, ''),
(182, 'Content', 'admin_url', 'content/urlrule/add_post', '', 'URL规则添加提交', 1, ''),
(183, 'Content', 'admin_url', 'content/urlrule/edit', '', 'URL规则编辑', 1, ''),
(184, 'Content', 'admin_url', 'content/urlrule/edit_post', '', 'Url规则编辑提交', 1, ''),
(185, 'Content', 'admin_url', 'content/urlrule/delete', '', 'URL规则删除', 1, ''),
(186, 'Content', 'admin_url', 'content/category/index', '', '栏目管理', 1, ''),
(187, 'Content', 'admin_url', 'content/category/add', '', '添加分类', 1, ''),
(188, 'Content', 'admin_url', 'content/category/add_post', '', '提交添加', 1, ''),
(189, 'Content', 'admin_url', 'content/category/categoryshux', '', '终极属性转换', 1, ''),
(190, 'Content', 'admin_url', 'content/category/delete', '', '删除分类', 1, ''),
(191, 'Content', 'admin_url', 'content/category/edit', '', '编辑分类', 1, ''),
(192, 'Content', 'admin_url', 'content/category/edit_post', '', '提交编辑', 1, ''),
(193, 'Content', 'admin_url', 'content/category/listorders', '', '文章分类排序', 1, ''),
(194, 'Content', 'admin_url', 'content/category/public_cache', '', '分类更新缓存', 1, ''),
(195, 'Content', 'admin_url', 'content/category/singlepage', '', '添加单页', 1, ''),
(196, 'Content', 'admin_url', 'content/category/wadd', '', '添加外部链接', 1, ''),
(197, 'Statistics', 'admin_url', 'statistics/productsstatistics/statisticsproducts', '', '产品统计', 1, ''),
(198, 'Release', 'admin_url', 'release/release/default', '', '营销管理', 1, ''),
(199, 'Release', 'admin_url', 'release/release/index', '', '平台管理', 1, ''),
(200, 'Release', 'admin_url', 'release/release/add', '', '添加B2B平台', 1, ''),
(201, 'Statistics', 'admin_url', 'statistics/inquirystatistics/statisticsinauiry', '', '询盘统计', 1, ''),
(202, 'Statistics', 'admin_url', 'statistics/inquirystatistics/statisticsinquiry', '', '询盘统计', 1, ''),
(203, 'Release', 'admin_url', 'release/release/add_post', '', 'B2B平台添加提交', 1, ''),
(204, 'Admin', 'admin_url', 'admin/setting/logo', '', 'logo管理', 1, ''),
(205, 'Release', 'admin_url', 'release/release/edit', '', '修改信息', 1, ''),
(206, 'Release', 'admin_url', 'release/release/edit_post', '', '修改信息提交', 1, ''),
(207, 'Release', 'admin_url', 'release/release/delete', '', '营销平台删除', 1, ''),
(208, 'Release', 'admin_url', 'release/release/product', '', '选择产品', 1, ''),
(209, 'Release', 'admin_url', 'release/release/post_product', '', '发布产品到营销平台', 1, ''),
(210, 'Content', 'admin_url', 'content/report/default', '', '统计报告', 1, ''),
(211, 'Content', 'admin_url', 'content/report/index', '', '统计列表', 1, ''),
(212, 'Statistics', 'admin_url', 'statistics/report/index', '', '生成统计报告', 1, ''),
(213, 'Statistics', 'admin_url', 'statistics/foreignvis/index', '', '外商浏览量统计', 1, ''),
(214, 'User', 'admin_url', 'user/indexadmin/salesman', '', '业务员', 1, ''),
(215, 'Statistics', 'admin_url', 'statistics/keywordsrank/index', '', '关键词排名统计', 1, ''),
(216, 'Content', 'admin_url', 'content/category/listtdk', '', '关键词管理', 1, ''),
(217, 'Content', 'admin_url', 'content/tkslibrary/index', '', '关键词库', 1, ''),
(218, 'Statistics', 'admin_url', 'statistics/report/creport', '', '生成报告预览', 1, ''),
(219, 'Statistics', 'admin_url', 'statistics/report/zcpppdf', '', '生成报告', 1, ''),
(220, 'Statistics', 'admin_url', 'statistics/report/commentlist', '', '报告评论列表', 1, ''),
(221, 'Statistics', 'admin_url', 'statistics/report/editcomment', '', '修改评论', 1, ''),
(222, 'Statistics', 'admin_url', 'statistics/report/edit_post', '', '修改评论提交', 1, ''),
(223, 'Statistics', 'admin_url', 'statistics/report/delete', '', '删除评论', 1, ''),
(224, 'Statistics', 'admin_url', 'statistics/report/addcomment', '', '新增评论', 1, ''),
(225, 'Statistics', 'admin_url', 'statistics/report/add_post', '', '新增评论提交', 1, ''),
(226, 'Search', 'admin_url', 'search/search/index', '', '搜索设置', 1, ''),
(227, 'Socialplatform', 'admin_url', 'socialplatform/indexadmin/reminder', '', '域名和服务器到期提醒', 1, ''),
(228, 'Statistics', 'admin_url', 'statistics/report/default', '', '统计分析', 1, ''),
(229, 'Statistics', 'admin_url', 'statistics/report/main', '', '统计分析', 1, ''),
(230, 'Statistics', 'admin_url', 'statistics/googleapi/index', NULL, '谷歌API', 1, ''),
(231, 'Statistics', 'admin_url', 'statistics/links/index', NULL, '发布链接统计', 1, ''),
(232, 'Api', 'admin_url', 'api/guestbookdel/index', NULL, '询盘回收', 1, ''),
(233, 'api', 'admin_url', 'api/guestbookadmin/guestbookgroup', NULL, '询盘显示管理', 1, ''),
(234, 'Api', 'admin_url', 'api/guestbookadmin/addgroup', NULL, '询盘类型添加', 1, ''),
(235, 'Api', 'admin_url', 'api/guestbookadmin/add_post', NULL, '询盘类型添加提交', 1, ''),
(236, 'Api', 'admin_url', 'api/guestbookadmin/editgroup', NULL, '询盘类型修改', 1, ''),
(237, 'Api', 'admin_url', 'api/guestbookadmin/edit_post', NULL, '询盘类型修改提交', 1, ''),
(238, 'Crm', 'admin_url', 'crm/cindex/default', NULL, 'CRM系统', 1, ''),
(239, 'Crm', 'admin_url', 'crm/cmanage/default', NULL, 'CRM系统设置', 1, ''),
(240, 'Crm', 'admin_url', 'crm/cindex/client', NULL, '归属客户', 1, ''),
(241, 'Crm', 'admin_url', 'crm/cindex/totalclient', NULL, '公海客户', 1, ''),
(242, 'Crm', 'admin_url', 'crm/cindex/ownclient', NULL, '未成交客户', 1, ''),
(243, 'Crm', 'admin_url', 'crm/cindex/addclient', NULL, '添加客户', 1, ''),
(244, 'Crm', 'admin_url', 'crm/cindex/addone', NULL, '单个添加', 1, ''),
(245, 'Crm', 'admin_url', 'crm/cindex/addlist', NULL, '批量导入', 1, ''),
(246, 'Crm', 'admin_url', 'crm/corder/index', NULL, '订单管理', 1, ''),
(247, 'Crm', 'admin_url', 'crm/cmanage/cstatus', NULL, '客户状态管理', 1, ''),
(248, 'Crm', 'admin_url', 'crm/cmanage/clevel', NULL, '客户阶段管理', 1, ''),
(249, 'Crm', 'admin_url', 'crm/cmanage/ctype', NULL, '客户类型管理', 1, ''),
(250, 'Crm', 'admin_url', 'crm/cmanage/cfly', NULL, '客户飞出管理', 1, ''),
(251, 'Crm', 'admin_url', 'crm/cmanage/coption', NULL, 'CRM常规设置', 1, ''),
(252, 'Contact', 'admin_url', 'contact/contacttype/index', NULL, '页面信息管理', 1, ''),
(253, 'Crm', 'admin_url', 'crm/cmanage/addlevel', NULL, '添加级别', 1, ''),
(254, 'Crm', 'admin_url', 'crm/cmanage/leveladd', NULL, '添加级别提交', 1, ''),
(255, 'Crm', 'admin_url', 'crm/cmanage/edittype', NULL, '修改类型', 1, ''),
(256, 'Crm', 'admin_url', 'crm/cmanage/typeadd', NULL, '添加类型提交', 1, ''),
(257, 'Crm', 'admin_url', 'crm/cmanage/typedelete', NULL, '删除类型', 1, ''),
(258, 'Crm', 'admin_url', 'crm/cmanage/addtype', NULL, '添加类型', 1, ''),
(259, 'Crm', 'admin_url', 'crm/cmanage/editlevel', NULL, '修改级别', 1, ''),
(260, 'Crm', 'admin_url', 'crm/cmanage/leveledit', NULL, '修改级别提交', 1, ''),
(261, 'Crm', 'admin_url', 'crm/cmanage/typeedit', NULL, '修改类型提交', 1, ''),
(262, 'Crm', 'admin_url', 'crm/cmanage/leveldelete', NULL, '删除级别', 1, ''),
(263, 'Crm', 'admin_url', 'crm/cmanage/editoption', NULL, 'CRM常规设置提交', 1, ''),
(264, 'Crm', 'admin_url', 'crm/cindex/getclient', NULL, '抓取客户', 1, ''),
(265, 'Crm', 'admin_url', 'crm/cindex/allotclient', NULL, '分配客户', 1, ''),
(266, 'Crm', 'admin_url', 'crm/cindex/deleteclient', NULL, '删除客户', 1, ''),
(267, 'Crm', 'admin_url', 'crm/cindex/oneadd', NULL, '单个添加提交', 1, ''),
(268, 'Crm', 'admin_url', 'crm/cindex/listadd', NULL, '批量导入提交', 1, ''),
(269, 'Crm', 'admin_url', 'crm/cindex/allotpost', NULL, '分配客户提交', 1, ''),
(270, 'Crm', 'admin_url', 'crm/cindex/getsale', NULL, '获得下级业务员', 1, ''),
(271, 'Crm', 'admin_url', 'crm/cindex/editclient', NULL, '编辑客户资料', 1, ''),
(272, 'Crm', 'admin_url', 'crm/cindex/editpost', NULL, '编辑客户资料提交', 1, ''),
(273, 'Crm', 'admin_url', 'crm/cindex/orderlist', NULL, '成交客户', 1, ''),
(274, 'Crm', 'admin_url', 'crm/cindex/editmylevel', NULL, '修改客户级别', 1, ''),
(275, 'Crm', 'admin_url', 'crm/cindex/editlevelpost', NULL, '修改客户级别提交', 1, ''),
(276, 'Crm', 'admin_url', 'crm/cindex/edittypepost', NULL, '修改客户类别', 1, ''),
(277, 'Crm', 'admin_url', 'crm/cindex/addcontact', NULL, '添加沟通记录', 1, ''),
(278, 'Crm', 'admin_url', 'crm/cindex/contactadd', NULL, '添加沟通记录提交', 1, ''),
(279, 'Crm', 'admin_url', 'crm/cindex/addmoreuser', NULL, '添加第二联系人', 1, ''),
(280, 'Crm', 'admin_url', 'crm/cindex/addmore', NULL, '添加第二联系人提交', 1, ''),
(281, 'Crm', 'admin_url', 'crm/cindex/editseconduser', NULL, '修改第二联系人', 1, ''),
(282, 'Crm', 'admin_url', 'crm/cindex/editsecondpost', NULL, '修改第二联系人提交', 1, ''),
(283, 'Crm', 'admin_url', 'crm/cindex/deleteseconduser', NULL, '删除第二联系人', 1, ''),
(284, 'Crm', 'admin_url', 'crm/cmange/main', NULL, '总览', 1, ''),
(285, 'Crm', 'admin_url', 'crm/cmanage/main', NULL, '总览', 1, ''),
(286, 'Crm', 'admin_url', 'crm/cindex/orderclient', NULL, '成交客户', 1, ''),
(287, 'Crm', 'admin_url', 'crm/corder/orderclient', NULL, '成交客户', 1, ''),
(288, 'Crm', 'admin_url', 'crm/cindex/exportmyclient', NULL, '导出客户列表', 1, ''),
(289, 'Crm', 'admin_url', 'crm/cindex/flyclient', NULL, '明日飞出客户', 1, ''),
(290, 'Crm', 'admin_url', 'crm/cindex/restore', NULL, '客户回收站', 1, ''),
(291, 'Crm', 'admin_url', 'crm/cmanage/flyclient', NULL, '飞出客户', 1, ''),
(292, 'Crm', 'admin_url', 'crm/cindex/gogh', NULL, '扔入公海', 1, ''),
(293, 'Crm', 'admin_url', 'crm/cindex/restoreclient', NULL, '客户恢复', 1, ''),
(294, 'Crm', 'admin_url', 'crm/cindex/pdeleteclient', NULL, '永久删除客户', 1, ''),
(295, 'Crm', 'admin_url', 'crm/cindex/editmytype', NULL, '修改客户类别', 1, ''),
(296, 'Content', 'admin_url', 'content/socially/index', NULL, '社交平台管理', 1, ''),
(297, 'Content', 'admin_url', 'content/category/changeismenu', NULL, '是否首页显示', 1, ''),
(298, 'Admin', 'admin_url', 'admin/setting/languages', NULL, '多语言设置', 1, ''),
(299, 'Socialplatform', 'admin_url', 'socialplatform/indexadmin/sitemap', NULL, '生成sitemap', 1, ''),
(300, 'Socialplatform', 'admin_url', 'socialplatform/indexadmin/site', NULL, '更新sitemap', 1, ''),
(301, 'Admin', 'admin_url', 'admin/demotem/index', NULL, '模板管理', 1, ''),
(302, 'Admin', 'admin_url', 'admin/main/getversion', NULL, '检查更新', 1, ''),
(303, 'Content', 'admin_url', 'content/contentshow/recycle', NULL, '内容回收', 1, ''),
(304, 'dadasd', 'admin_url', 'dadasd/dadasd/dadasd', NULL, 'asdas', 1, ''),
(305, 'Content', 'admin_url', 'content/contentshow/art_reycle', NULL, '文章回收', 1, ''),
(306, 'Content', 'admin_url', 'content/contentshow/art_recycle', NULL, '文章回收', 1, ''),
(307, 'Content', 'admin_url', 'content/createhtml/update_all', NULL, '一键更新', 1, ''),
(308, 'Gadgets', 'admin_url', 'gadgets/currency/default', NULL, '工作助手', 1, ''),
(309, 'Gadgets', 'admin_url', 'gadgets/currency/index', NULL, '货币汇率', 1, ''),
(310, 'Gadgets', 'admin_url', 'gadgets/exchagerate/index', NULL, '汇率查询', 1, ''),
(311, 'Gadgets', 'admin_url', 'gadgets/customs/index', NULL, '海关', 1, ''),
(312, 'Gadgets', 'admin_url', 'gadgets/translate/index', NULL, '翻译', 1, ''),
(313, 'Gadgets', 'admin_url', 'gadgets/worldtime/index', NULL, '世界时间', 1, ''),
(314, 'Admin', 'admin_url', 'admin/partner/index', NULL, '合作伙伴', 1, ''),
(315, 'Admin', 'admin_url', 'admin/test/index', NULL, '合作伙伴', 1, ''),
(316, 'Partner', 'admin_url', 'partner/test/index', NULL, '合作伙伴', 1, ''),
(317, 'Release', 'admin_url', 'release/release/abc', NULL, '培训提高', 1, ''),
(318, 'Release', 'admin_url', 'release/release/yellowpage', NULL, '目录列表', 1, ''),
(319, 'Release', 'admin_url', 'release/release/addyellow', NULL, '添加目录平台', 1, ''),
(320, 'Crm', 'admin_url', 'crm/cdata/index', NULL, '数据看板', 1, ''),
(321, 'Crm', 'admin_url', 'crm/cdata/monthdata', NULL, '年度目标金额设置', 1, ''),
(322, 'Crm', 'admin_url', 'crm/cindex/manageclientstatus', NULL, '申请阶段审批', 1, ''),
(323, 'Crm', 'admin_url', 'crm/cindex/reqclientstatus', NULL, '阶段申请', 1, ''),
(324, 'Crm', 'admin_url', 'crm/cindex/reqclientpost', NULL, '归属客户提交', 1, ''),
(325, 'Crm', 'admin_url', 'crm/cindex/approvestatus', NULL, '审批阶段', 1, ''),
(326, 'Crm', 'admin_url', 'crm/cindex/approvepost', NULL, '审批提交', 1, ''),
(327, 'Crm', 'admin_url', 'crm/cindex/addorder', NULL, '下订单', 1, ''),
(328, 'Crm', 'admin_url', 'crm/cindex/orderpost', NULL, '提交新订单', 1, ''),
(329, 'Crm', 'admin_url', 'crm/corder/default', NULL, '订单管理', 1, ''),
(330, 'Crm', 'admin_url', 'crm/corder/orderlist', NULL, '订单管理', 1, ''),
(331, 'Crm', 'admin_url', 'crm/corder/editorder', NULL, '修改订单信息', 1, ''),
(332, 'Crm', 'admin_url', 'crm/corder/editpost', NULL, '修改订单提交', 1, ''),
(333, 'Crm', 'admin_url', 'crm/corder/addrefund', NULL, '添加回款记录', 1, ''),
(334, 'Crm', 'admin_url', 'crm/corder/refundpost', NULL, '回款记录提交', 1, ''),
(335, 'Api', 'admin_url', 'api/guestbookadmin/setting', NULL, '询盘设置', 1, ''),
(336, 'Crm', 'admin_url', 'crm/cmanage/branchcompany', NULL, '分公司设置', 1, ''),
(337, 'Crm', 'admin_url', 'crm/corder/confirmrefund', NULL, '确认回款信息', 1, ''),
(338, 'Crm', 'admin_url', 'crm/corder/delrefund', NULL, '删除回款信息', 1, ''),
(339, 'Crm', 'admin_url', 'crm/cdata/saleprocess', NULL, '销售流程分析', 1, ''),
(340, 'Crm', 'admin_url', 'crm/cdata/behaviour', NULL, '行为分析', 1, ''),
(341, 'Crm', 'admin_url', 'crm/cdata/behav_step', NULL, '客户拜访情况', 1, ''),
(342, 'Crm', 'admin_url', 'crm/cdata/report', NULL, '智能简报', 1, ''),
(343, 'Crm', 'admin_url', 'crm/cdata/behav_step2', NULL, '客户沟通情况', 1, ''),
(344, 'Crm', 'admin_url', 'crm/cdata/addmonthdata', NULL, '新增目标', 1, ''),
(345, 'Crm', 'admin_url', 'crm/cdata/addpost', NULL, '增加目标提交', 1, ''),
(350, 'wangzhan', 'admin_url', 'wangzhan/guanli/fangfa', NULL, '网站管理', 1, ''),
(346, 'Crm', 'admin_url', 'crm/cdata/editmonthdata', NULL, '编辑目标金额', 1, ''),
(347, 'Crm', 'admin_url', 'crm/cdata/editpost', NULL, '编辑目标金额提交', 1, ''),
(348, 'Crm', 'admin_url', 'crm/cdata/deletemonthdata', NULL, '删除目标设置', 1, ''),
(349, 'Admin', 'admin_url', 'admin/setting/default2', NULL, '网站配置', 1, ''),
(351, 'website', 'admin_url', 'website/management/set', NULL, '网站管理', 1, ''),
(352, 'website', 'admin_url', 'website/management/configure', NULL, '网站配置', 1, ''),
(353, 'Release', 'admin_url', 'release/release/mydefault', NULL, '平台管理', 1, ''),
(354, 'Content', 'admin_url', 'content/category/mydefault', NULL, '关键词管理', 1, ''),
(355, 'Socialplatform', 'admin_url', 'socialplatform/indexadmin/mydefault', NULL, '社交平台', 1, ''),
(356, 'Api', 'admin_url', 'api/guestbookadmin/mydefault', NULL, '询盘管理', 1, ''),
(357, 'Content', 'admin_url', 'content/contents/testuu', NULL, '测试999', 1, ''),
(358, 'Content', 'admin_url', 'content/contents/testsd', NULL, '测试', 1, ''),
(359, 'Content', 'admin_url', 'content/contents/article', NULL, '新闻管理', 1, ''),
(360, 'Content', 'admin_url', 'content/contents/download', NULL, '下载管理', 1, ''),
(361, 'Content', 'admin_url', 'content/contents/photo', NULL, '证书管理', 1, ''),
(362, 'Content', 'admin_url', 'content/contents/product', NULL, 'Products', 1, ''),
(363, 'Content', 'admin_url', 'content/contents/cxtest', NULL, '陈枭测试', 1, ''),
(364, 'Content', 'admin_url', 'content/contents/faq', NULL, '常见问题', 1, ''),
(365, 'Api', 'admin_url', 'api/guestbookadmin/email', NULL, '邮箱管理', 1, ''),
(366, 'Ip', 'admin_url', 'ip/index/ip地址查询', NULL, 'Gadgets', 1, ''),
(367, 'Gadgets', 'admin_url', 'gadgets/ip/index', NULL, 'IP地址查询', 1, ''),
(368, 'Crm', 'admin_url', 'crm/cindex/requirehelp', NULL, '申请经理关注', 1, ''),
(369, 'Crm', 'admin_url', 'crm/cindex/reqoffer', NULL, '申请报价审批', 1, ''),
(370, 'Crm', 'admin_url', 'crm/cindex/hasorder', NULL, '成交客户', 1, ''),
(371, 'Crm', 'admin_url', 'crm/cindex/addcustomer', NULL, '添加客户', 1, ''),
(372, 'Crm', 'admin_url', 'crm/cindex/offerclient', NULL, '申请报价审批', 1, ''),
(373, 'Crm', 'admin_url', 'crm/cindex/helplist', NULL, '沟通关注审批', 1, ''),
(374, 'Crm', 'admin_url', 'crm/corder/cancelorder', NULL, '删除订单', 1, ''),
(375, 'Crm', 'admin_url', 'crm/corder/confirmorder', NULL, '确认订单完成', 1, ''),
(376, 'Crm', 'admin_url', 'crm/cindex/replyhelp', NULL, '经理审批提交', 1, ''),
(377, 'Crm', 'admin_url', 'crm/cindex/confirmoffer', NULL, '经理审批报价提交', 1, ''),
(378, 'Crm', 'admin_url', 'crm/cdata/singlesale', NULL, '业务经理查看单个人业绩', 1, ''),
(379, 'Crm', 'admin_url', 'crm/cdata/department', NULL, '跳转分公司', 1, ''),
(380, 'Crm', 'admin_url', 'crm/cdata/singlemanager', NULL, '查看某个业务经理', 1, ''),
(381, 'Crm', 'admin_url', 'crm/cdata/saleman', NULL, '查看个人', 1, ''),
(382, 'Admin', 'admin_url', 'admin/user/helpcenter', NULL, '帮助中心', 1, ''),
(383, 'Crm', 'admin_url', 'crm/cdata/contactremind', NULL, '今日沟通提醒', 1, ''),
(384, 'Crm', 'admin_url', 'crm/corder/ordership', NULL, '出运时间提醒列表', 1, ''),
(385, 'Crm', 'admin_url', 'crm/cdata/outputorder', NULL, '查看订单合同', 1, ''),
(386, 'Crm', 'admin_url', 'crm/cindex/outputorder', NULL, '查看订单合同', 1, ''),
(387, 'Content', 'admin_url', 'content/contents/asdfas', NULL, 'asdfas', 1, ''),
(388, 'Content', 'admin_url', 'content/contents/ceshi', NULL, 'ceshi', 1, ''),
(389, 'Admin', 'admin_url', 'admin/peixun/index', NULL, '培训提高', 1, ''),
(390, 'Admin', 'admin_url', 'admin/points/index', NULL, '我的积分', 1, ''),
(391, 'Admin', 'admin_url', 'admin/points/listpoint', NULL, '积分明细', 1, ''),
(392, 'Admin', 'admin_url', 'admin/points/listpoint1', NULL, '积分审核', 1, ''),
(393, 'Admin', 'admin_url', 'admin/points/edit', NULL, '审核', 1, ''),
(394, 'Admin', 'admin_url', 'admin/points/edit_post', NULL, '提交', 1, ''),
(395, 'Admin', 'admin_url', 'admin/points/add', NULL, '添加积分', 1, ''),
(396, 'Admin', 'admin_url', 'admin/points/add_post', NULL, '提交', 1, ''),
(397, 'Admin', 'admin_url', 'admin/ad/site', NULL, '图片管理', 1, ''),
(398, 'Admin', 'admin_url', 'admin/ad/site_post', NULL, '提交', 1, ''),
(399, 'Statistics', 'admin_url', 'statistics/keywordsrank/addprojecct', NULL, '添加项目信息', 1, ''),
(400, 'Statistics', 'admin_url', 'statistics/keywordsrank/keywordstaitcs', NULL, '关键词排名查询', 1, ''),
(401, 'Statistics', 'admin_url', 'statistics/keywordsrank/addproject', NULL, '添加项目信息', 1, ''),
(402, 'Statistics', 'admin_url', 'statistics/keywordsrank/keywordinquiry', NULL, '关键词排名查询', 1, ''),
(403, 'Statistics', 'admin_url', 'statistics/keywordinquiry/index', NULL, '关键词排名查询', 1, ''),
(404, 'Content', 'admin_url', 'content/contents/song', NULL, '测试', 1, ''),
(405, 'Release', 'admin_url', 'release/release/verify_code', NULL, '检查验证码', 1, ''),
(406, 'Release', 'admin_url', 'release/release/zclqyzm', NULL, '获取验证码', 1, ''),
(407, 'Release', 'admin_url', 'release/release/edityellow', NULL, '修改目录平台', 1, ''),
(408, 'Release', 'admin_url', 'release/release/yelloweditpost', NULL, '修改目录平台提交', 1, ''),
(409, 'Release', 'admin_url', 'release/release/deleteyellow', NULL, '删除目录平台', 1, ''),
(410, 'Release', 'admin_url', 'release/release/yellowproduct', NULL, '选择产品', 1, ''),
(411, 'Release', 'admin_url', 'release/release/yellowverifycode', NULL, '发布产品验证码', 1, ''),
(412, 'Release', 'admin_url', 'release/release/yellowpostproduct', NULL, '发布产品提交', 1, ''),
(413, 'Release', 'admin_url', 'release/release/yellowaddpost', NULL, '添加目录平台提交', 1, ''),
(414, 'Release', 'admin_url', 'release/release/editaccount', NULL, '编辑账号', 1, ''),
(415, 'Release', 'admin_url', 'release/release/accountpost', NULL, '编辑账号提交', 1, ''),
(416, 'Statistics', 'admin_url', 'statistics/report/creport_pre', NULL, '生成数据保存', 1, ''),
(417, 'Admin', 'admin_url', 'admin/ad/site1', NULL, '广告图管理', 1, ''),
(418, 'Content', 'admin_url', 'content/contentshow/hot_product', NULL, '热销产品', 1, ''),
(419, 'Content', 'admin_url', 'content/contentshow/new_product', NULL, '推荐产品', 1, ''),
(420, 'Content', 'admin_url', 'content/createhtml/watermark', NULL, '一键生成水印', 1, ''),
(421, 'Api', 'admin_url', 'api/home/mobile', NULL, '移动管理APP', 1, ''),
(422, 'App', 'admin_url', 'app/home/mobile', NULL, '移动管理APP', 1, ''),
(423, 'Release', 'admin_url', 'release/newrelease/index', NULL, 'B2B平台管理新', 1, ''),
(424, 'Content', 'admin_url', 'content/contents/product1', NULL, '产品管理', 1, ''),
(425, 'Admin', 'admin_url', 'admin/setting/sitemap', NULL, '上传sitemap', 1, ''),
(426, 'Contact', 'admin_url', 'contact/contacttype/add', NULL, '页面信息管理添加', 1, ''),
(427, 'Contact', 'admin_url', 'contact/contacttype/add_post', NULL, '页面信息管理添加提交', 1, ''),
(428, 'Contact', 'admin_url', 'contact/contacttype/edit', NULL, '页面信息管理编辑', 1, ''),
(429, 'Contact', 'admin_url', 'contact/contacttype/edit_post', NULL, '页面信息管理编辑提交', 1, ''),
(430, 'Content', 'admin_url', 'content/category/tdk', NULL, '关键词管理', 1, ''),
(431, 'Content', 'admin_url', 'content/category/edittdk', NULL, '编辑', 1, ''),
(432, 'Content', 'admin_url', 'content/tkslibrary/selecttks', NULL, '添加', 1, ''),
(433, 'Content', 'admin_url', 'content/tkslibrary/add', NULL, '添加', 1, ''),
(434, 'Content', 'admin_url', 'content/contentshow/classlist', NULL, '列表', 1, ''),
(435, 'Content', 'admin_url', 'content/contents/pagedit', NULL, '单页管理', 1, ''),
(436, 'Content', 'admin_url', 'content/contents/public_category', NULL, '产品分类列表', 1, ''),
(437, 'Admin', 'admin_url', 'admin/adsposition/index', NULL, '广告管理', 1, ''),
(438, 'Admin', 'admin_url', 'admin/adsposition/add', NULL, '添加广告位', 1, ''),
(439, 'Admin', 'admin_url', 'admin/adsposition/add_post', NULL, '提交', 1, ''),
(440, 'Admin', 'admin_url', 'admin/adsposition/edit', NULL, '编辑', 1, ''),
(441, 'Admin', 'admin_url', 'admin/adsposition/edit_post', NULL, '提交', 1, ''),
(442, 'Admin', 'admin_url', 'admin/adsposition/delete', NULL, '删除', 1, ''),
(443, 'Admin', 'admin_url', 'admin/ads/index', NULL, '广告图列表', 1, ''),
(444, 'Admin', 'admin_url', 'admin/ads/add', NULL, '添加', 1, ''),
(445, 'Admin', 'admin_url', 'admin/ads/add_post', NULL, '提交', 1, ''),
(446, 'Admin', 'admin_url', 'admin/ads/edit', NULL, '编辑', 1, ''),
(447, 'Admin', 'admin_url', 'admin/ads/edit_post', NULL, '提交', 1, ''),
(448, 'Admin', 'admin_url', 'admin/ads/delete', NULL, '删除', 1, ''),
(449, 'Content', 'admin_url', 'content/contents/singlepage', NULL, '单页管理', 1, ''),
(450, 'Content', 'admin_url', 'content/contentshow/edit', NULL, '编辑', 1, ''),
(451, 'Content', 'admin_url', 'content/contentshow/add', NULL, '添加内容', 1, ''),
(452, 'Content', 'admin_url', 'content/contentshow/copy', NULL, '复制', 1, ''),
(453, 'Content', 'admin_url', 'content/contentshow/listorder', NULL, '排序', 1, ''),
(454, 'Content', 'admin_url', 'content/contentshow/public_check', NULL, '审核', 1, ''),
(455, 'Content', 'admin_url', 'content/contentshow/public_nocheck', NULL, '取消审核', 1, ''),
(456, 'Content', 'admin_url', 'content/contentshow/top', NULL, '置顶/取消置顶', 1, ''),
(457, 'Content', 'admin_url', 'content/contentshow/recommend', NULL, '推荐/取消推荐', 1, ''),
(458, 'Content', 'admin_url', 'content/contentshow/delete', NULL, '删除', 1, ''),
(459, 'Content', 'admin_url', 'content/contentshow/singlepage', NULL, '单页管理', 1, ''),
(460, 'Content', 'admin_url', 'content/contentshow/pagedit', NULL, '打开单页', 1, ''),
(461, 'HelpDocument', 'admin_url', 'helpdocument/document/default', NULL, '帮助文档管理', 1, ''),
(462, 'HelpDocument', 'admin_url', 'helpdocument/adminpost/index', NULL, '帮助文档列表', 1, ''),
(463, 'HelpDocument', 'admin_url', 'helpdocument/adminterm/index', NULL, '帮助文档常用列表', 1, ''),
(464, 'help_document', 'admin_url', 'help_document/adminpost/index', NULL, '帮助文档列表', 1, ''),
(465, 'HelpDocument', 'admin_url', 'helpdocument/adminpost/default', NULL, '帮助文档管理', 1, ''),
(466, 'Document', 'admin_url', 'document/adminpost/default', NULL, '帮助文档管理', 1, ''),
(467, 'Document', 'admin_url', 'document/adminpost/index', NULL, '帮助文档列表', 1, ''),
(468, 'Document', 'admin_url', 'document/adminterm/index', NULL, '帮助文档分类', 1, ''),
(469, 'AdminTerm', 'admin_url', 'adminterm/adminpost/index', NULL, '帮助文档列表', 1, ''),
(470, 'AdminTerm', 'admin_url', 'adminterm/adminterm/index', NULL, '帮助文档分类', 1, ''),
(471, 'HelpDocument', 'admin_url', 'helpdocument/helpdocument/default', NULL, '帮助文档管理', 1, ''),
(472, 'HelpDocument', 'admin_url', 'helpdocument/helpdocument/index', NULL, '帮助文档列表', 1, ''),
(473, 'Portal', 'admin_url', 'portal/helpdocument/index', NULL, '帮助文档分类', 1, ''),
(474, 'Admin', 'admin_url', 'admin/helpdocument/default', NULL, '帮助文档管理', 1, ''),
(475, 'Admin', 'admin_url', 'admin/ad/getxon2', NULL, '点击打开', 1, ''),
(476, 'Admin', 'admin_url', 'admin/ad/folder', NULL, '添加目录', 1, ''),
(477, 'Admin', 'admin_url', 'admin/ad/delimg', NULL, '删除', 1, ''),
(478, 'Admin', 'admin_url', 'admin/ad/upload', NULL, '上传', 1, ''),
(479, 'Statistics', 'admin_url', 'statistics/foreignvis/excelforeign_c', NULL, '导出', 1, ''),
(480, 'Api', 'admin_url', 'api/guestbookadmin/distribution', NULL, '分配', 1, ''),
(481, 'Content', 'admin_url', 'content/contentshow/new_listorder', NULL, '排序', 1, ''),
(482, 'Content', 'admin_url', 'content/contentshow/sortorder', NULL, '设置排序', 1, ''),
(483, 'Content', 'admin_url', 'content/contentshow/istopajax', NULL, '置顶/取消置顶', 1, ''),
(484, 'Content', 'admin_url', 'content/contentshow/recommendajax', NULL, '推荐/取消推荐', 1, ''),
(485, 'Content', 'admin_url', 'content/contentshow/public_relationlist', NULL, '添加相关', 1, ''),
(486, 'Content', 'admin_url', 'content/contentshow/public_imagescrop', NULL, '裁剪图片', 1, ''),
(487, 'Content', 'admin_url', 'content/contentshow/public_crop_upload', NULL, '裁剪图片确认', 1, ''),
(488, 'HelpDocument', 'admin_url', 'helpdocument/adminterm/fixed_list', NULL, '帮助文档固定列表', 1, ''),
(489, 'Content', 'admin_url', 'content/contents/video', NULL, '视频管理', 1, ''),
(490, 'Content', 'admin_url', 'content/contents/vide', NULL, 'vvv', 1, ''),
(491, 'Content', 'admin_url', 'content/contentimport/index', NULL, '批量导入产品', 1, ''),
(492, 'Admin', 'admin_url', 'admin/setting/robots', NULL, '上传Robots', 1, ''),
(493, 'Content', 'admin_url', 'content/contents/guanjianzi', NULL, '关键字', 1, ''),
(494, 'Content', 'admin_url', 'content/contents/gslc', NULL, '公司历程', 1, ''),
(495, 'Content', 'admin_url', 'content/contents/anli', NULL, '案例', 1, '');

CREATE TABLE `cmf_category` (
  `catid` smallint(5) UNSIGNED NOT NULL COMMENT '栏目ID',
  `module` varchar(15) NOT NULL DEFAULT '' COMMENT '所属模块',
  `type` tinyint(1) UNSIGNED NOT NULL DEFAULT '0' COMMENT '类别',
  `modelid` smallint(5) UNSIGNED NOT NULL DEFAULT '0' COMMENT '模型ID',
  `domain` varchar(200) NOT NULL DEFAULT '' COMMENT '栏目绑定域名',
  `parentid` smallint(5) UNSIGNED NOT NULL DEFAULT '0' COMMENT '父ID',
  `arrparentid` varchar(255) NOT NULL DEFAULT '' COMMENT '所有父ID',
  `child` tinyint(1) UNSIGNED NOT NULL DEFAULT '0' COMMENT '是否存在子栏目，1存在',
  `arrchildid` mediumtext COMMENT '所有子栏目ID',
  `catname` varchar(255) NOT NULL DEFAULT '' COMMENT '栏目名称',
  `image` varchar(100) NOT NULL DEFAULT '' COMMENT '栏目图片',
  `description` mediumtext COMMENT '栏目描述',
  `parentdir` varchar(100) NOT NULL DEFAULT '' COMMENT '父目录',
  `catdir` varchar(255) NOT NULL DEFAULT '' COMMENT '栏目目录',
  `url` varchar(255) NOT NULL DEFAULT '' COMMENT '链接地址',
  `moveurl` varchar(255) NOT NULL COMMENT '动态URL路径',
  `hits` int(10) UNSIGNED NOT NULL DEFAULT '0' COMMENT '栏目点击数',
  `setting` mediumtext COMMENT '相关配置信息',
  `listorder` smallint(5) UNSIGNED NOT NULL DEFAULT '0' COMMENT '排序',
  `ismenu` tinyint(1) UNSIGNED NOT NULL DEFAULT '1' COMMENT '是否显示',
  `sethtml` tinyint(1) UNSIGNED NOT NULL DEFAULT '0' COMMENT '是否生成静态',
  `letter` varchar(30) NOT NULL DEFAULT '' COMMENT '栏目拼音'
) ENGINE=MyISAM DEFAULT CHARSET=utf8;

CREATE TABLE `cmf_category_field` (
  `fid` smallint(6) NOT NULL COMMENT '自增长id',
  `catid` smallint(5) NOT NULL DEFAULT '0' COMMENT '栏目ID',
  `fieldname` varchar(30) NOT NULL DEFAULT '' COMMENT '字段名',
  `type` varchar(10) NOT NULL DEFAULT '' COMMENT '类型,input',
  `setting` mediumtext COMMENT '其他',
  `createtime` int(10) NOT NULL DEFAULT '0' COMMENT '创建时间'
) ENGINE=MyISAM DEFAULT CHARSET=utf8;

CREATE TABLE `cmf_category_priv` (
  `catid` smallint(5) UNSIGNED NOT NULL DEFAULT '0',
  `roleid` smallint(5) UNSIGNED NOT NULL DEFAULT '0' COMMENT '角色或者组ID',
  `is_admin` tinyint(1) UNSIGNED NOT NULL DEFAULT '0' COMMENT '是否为管理员 1、管理员',
  `action` char(30) NOT NULL DEFAULT '' COMMENT '动作'
) ENGINE=MyISAM DEFAULT CHARSET=utf8;

INSERT INTO `cmf_category_priv` (`catid`, `roleid`, `is_admin`, `action`) VALUES
(1, 2, 1, 'add'),
(1, 2, 1, 'delete'),
(1, 2, 1, 'edit'),
(1, 2, 1, 'listorder'),
(1, 2, 1, 'push'),
(1, 2, 1, 'remove'),
(1, 3, 1, 'add'),
(1, 3, 1, 'delete'),
(1, 3, 1, 'edit'),
(1, 3, 1, 'listorder'),
(1, 3, 1, 'push'),
(1, 3, 1, 'remove'),
(1, 4, 1, 'add'),
(1, 4, 1, 'delete'),
(1, 4, 1, 'edit'),
(1, 4, 1, 'listorder'),
(1, 4, 1, 'push'),
(1, 4, 1, 'remove'),
(1, 5, 1, 'add'),
(1, 5, 1, 'delete'),
(1, 5, 1, 'edit'),
(1, 5, 1, 'listorder'),
(1, 5, 1, 'push'),
(1, 5, 1, 'remove'),
(1, 6, 1, 'add'),
(1, 6, 1, 'delete'),
(1, 6, 1, 'edit'),
(1, 6, 1, 'listorder'),
(1, 6, 1, 'push'),
(1, 6, 1, 'remove'),
(1, 7, 1, 'add'),
(1, 7, 1, 'delete'),
(1, 7, 1, 'edit'),
(1, 7, 1, 'listorder'),
(1, 7, 1, 'push'),
(1, 7, 1, 'remove'),
(2, 2, 1, 'add'),
(2, 2, 1, 'auth'),
(2, 2, 1, 'delete'),
(2, 2, 1, 'edit'),
(2, 2, 1, 'listorder'),
(2, 2, 1, 'push'),
(2, 2, 1, 'remove'),
(2, 3, 1, 'add'),
(2, 3, 1, 'auth'),
(2, 3, 1, 'delete'),
(2, 3, 1, 'edit'),
(2, 3, 1, 'listorder'),
(2, 3, 1, 'push'),
(2, 3, 1, 'remove'),
(2, 4, 1, 'add'),
(2, 4, 1, 'auth'),
(2, 4, 1, 'delete'),
(2, 4, 1, 'edit'),
(2, 4, 1, 'listorder'),
(2, 4, 1, 'push'),
(2, 4, 1, 'remove'),
(2, 5, 1, 'add'),
(2, 5, 1, 'auth'),
(2, 5, 1, 'delete'),
(2, 5, 1, 'edit'),
(2, 5, 1, 'listorder'),
(2, 5, 1, 'push'),
(2, 5, 1, 'remove'),
(2, 6, 1, 'add'),
(2, 6, 1, 'auth'),
(2, 6, 1, 'delete'),
(2, 6, 1, 'edit'),
(2, 6, 1, 'listorder'),
(2, 6, 1, 'push'),
(2, 6, 1, 'remove'),
(2, 7, 1, 'add'),
(2, 7, 1, 'auth'),
(2, 7, 1, 'delete'),
(2, 7, 1, 'edit'),
(2, 7, 1, 'listorder'),
(2, 7, 1, 'push'),
(2, 7, 1, 'remove'),
(3, 2, 1, 'add'),
(3, 2, 1, 'auth'),
(3, 2, 1, 'delete'),
(3, 2, 1, 'edit'),
(3, 2, 1, 'listorder'),
(3, 2, 1, 'push'),
(3, 2, 1, 'remove'),
(3, 3, 1, 'add'),
(3, 3, 1, 'auth'),
(3, 3, 1, 'delete'),
(3, 3, 1, 'edit'),
(3, 3, 1, 'listorder'),
(3, 3, 1, 'push'),
(3, 3, 1, 'remove'),
(3, 4, 1, 'add'),
(3, 4, 1, 'auth'),
(3, 4, 1, 'delete'),
(3, 4, 1, 'edit'),
(3, 4, 1, 'listorder'),
(3, 4, 1, 'push'),
(3, 4, 1, 'remove'),
(3, 5, 1, 'add'),
(3, 5, 1, 'auth'),
(3, 5, 1, 'delete'),
(3, 5, 1, 'edit'),
(3, 5, 1, 'listorder'),
(3, 5, 1, 'push'),
(3, 5, 1, 'remove'),
(3, 6, 1, 'add'),
(3, 6, 1, 'auth'),
(3, 6, 1, 'delete'),
(3, 6, 1, 'edit'),
(3, 6, 1, 'listorder'),
(3, 6, 1, 'push'),
(3, 6, 1, 'remove'),
(3, 7, 1, 'add'),
(3, 7, 1, 'auth'),
(3, 7, 1, 'delete'),
(3, 7, 1, 'edit'),
(3, 7, 1, 'listorder'),
(3, 7, 1, 'push'),
(3, 7, 1, 'remove'),
(4, 2, 1, 'add'),
(4, 2, 1, 'auth'),
(4, 2, 1, 'delete'),
(4, 2, 1, 'edit'),
(4, 2, 1, 'listorder'),
(4, 2, 1, 'push'),
(4, 2, 1, 'remove'),
(4, 3, 1, 'add'),
(4, 3, 1, 'auth'),
(4, 3, 1, 'delete'),
(4, 3, 1, 'edit'),
(4, 3, 1, 'listorder'),
(4, 3, 1, 'push'),
(4, 3, 1, 'remove'),
(4, 4, 1, 'add'),
(4, 4, 1, 'auth'),
(4, 4, 1, 'delete'),
(4, 4, 1, 'edit'),
(4, 4, 1, 'listorder'),
(4, 4, 1, 'push'),
(4, 4, 1, 'remove'),
(4, 5, 1, 'add'),
(4, 5, 1, 'auth'),
(4, 5, 1, 'delete'),
(4, 5, 1, 'edit'),
(4, 5, 1, 'listorder'),
(4, 5, 1, 'push'),
(4, 5, 1, 'remove'),
(4, 6, 1, 'add'),
(4, 6, 1, 'auth'),
(4, 6, 1, 'delete'),
(4, 6, 1, 'edit'),
(4, 6, 1, 'listorder'),
(4, 6, 1, 'push'),
(4, 6, 1, 'remove'),
(4, 7, 1, 'add'),
(4, 7, 1, 'auth'),
(4, 7, 1, 'delete'),
(4, 7, 1, 'edit'),
(4, 7, 1, 'listorder'),
(4, 7, 1, 'push'),
(4, 7, 1, 'remove'),
(5, 2, 1, 'add'),
(5, 2, 1, 'auth'),
(5, 2, 1, 'delete'),
(5, 2, 1, 'edit'),
(5, 2, 1, 'listorder'),
(5, 2, 1, 'push'),
(5, 2, 1, 'remove'),
(5, 3, 1, 'add'),
(5, 3, 1, 'auth'),
(5, 3, 1, 'delete'),
(5, 3, 1, 'edit'),
(5, 3, 1, 'listorder'),
(5, 3, 1, 'push'),
(5, 3, 1, 'remove'),
(5, 4, 1, 'add'),
(5, 4, 1, 'auth'),
(5, 4, 1, 'delete'),
(5, 4, 1, 'edit'),
(5, 4, 1, 'listorder'),
(5, 4, 1, 'push'),
(5, 4, 1, 'remove'),
(5, 5, 1, 'add'),
(5, 5, 1, 'auth'),
(5, 5, 1, 'delete'),
(5, 5, 1, 'edit'),
(5, 5, 1, 'listorder'),
(5, 5, 1, 'push'),
(5, 5, 1, 'remove'),
(5, 6, 1, 'add'),
(5, 6, 1, 'auth'),
(5, 6, 1, 'delete'),
(5, 6, 1, 'edit'),
(5, 6, 1, 'listorder'),
(5, 6, 1, 'push'),
(5, 6, 1, 'remove'),
(5, 7, 1, 'add'),
(5, 7, 1, 'auth'),
(5, 7, 1, 'delete'),
(5, 7, 1, 'edit'),
(5, 7, 1, 'listorder'),
(5, 7, 1, 'push'),
(5, 7, 1, 'remove'),
(6, 2, 1, 'add'),
(6, 2, 1, 'auth'),
(6, 2, 1, 'delete'),
(6, 2, 1, 'edit'),
(6, 2, 1, 'listorder'),
(6, 2, 1, 'push'),
(6, 2, 1, 'remove'),
(6, 3, 1, 'add'),
(6, 3, 1, 'auth'),
(6, 3, 1, 'delete'),
(6, 3, 1, 'edit'),
(6, 3, 1, 'listorder'),
(6, 3, 1, 'push'),
(6, 3, 1, 'remove'),
(6, 4, 1, 'add'),
(6, 4, 1, 'auth'),
(6, 4, 1, 'delete'),
(6, 4, 1, 'edit'),
(6, 4, 1, 'listorder'),
(6, 4, 1, 'push'),
(6, 4, 1, 'remove'),
(6, 5, 1, 'add'),
(6, 5, 1, 'auth'),
(6, 5, 1, 'delete'),
(6, 5, 1, 'edit'),
(6, 5, 1, 'listorder'),
(6, 5, 1, 'push'),
(6, 5, 1, 'remove'),
(6, 6, 1, 'add'),
(6, 6, 1, 'auth'),
(6, 6, 1, 'delete'),
(6, 6, 1, 'edit'),
(6, 6, 1, 'listorder'),
(6, 6, 1, 'push'),
(6, 6, 1, 'remove'),
(6, 7, 1, 'add'),
(6, 7, 1, 'auth'),
(6, 7, 1, 'delete'),
(6, 7, 1, 'edit'),
(6, 7, 1, 'listorder'),
(6, 7, 1, 'push'),
(6, 7, 1, 'remove'),
(7, 2, 1, 'add'),
(7, 2, 1, 'auth'),
(7, 2, 1, 'delete'),
(7, 2, 1, 'edit'),
(7, 2, 1, 'listorder'),
(7, 2, 1, 'push'),
(7, 2, 1, 'remove'),
(7, 3, 1, 'add'),
(7, 3, 1, 'auth'),
(7, 3, 1, 'delete'),
(7, 3, 1, 'edit'),
(7, 3, 1, 'listorder'),
(7, 3, 1, 'push'),
(7, 3, 1, 'remove'),
(7, 4, 1, 'add'),
(7, 4, 1, 'auth'),
(7, 4, 1, 'delete'),
(7, 4, 1, 'edit'),
(7, 4, 1, 'listorder'),
(7, 4, 1, 'push'),
(7, 4, 1, 'remove'),
(7, 5, 1, 'add'),
(7, 5, 1, 'auth'),
(7, 5, 1, 'delete'),
(7, 5, 1, 'edit'),
(7, 5, 1, 'listorder'),
(7, 5, 1, 'push'),
(7, 5, 1, 'remove'),
(7, 6, 1, 'add'),
(7, 6, 1, 'auth'),
(7, 6, 1, 'delete'),
(7, 6, 1, 'edit'),
(7, 6, 1, 'listorder'),
(7, 6, 1, 'push'),
(7, 6, 1, 'remove'),
(7, 7, 1, 'add'),
(7, 7, 1, 'auth'),
(7, 7, 1, 'delete'),
(7, 7, 1, 'edit'),
(7, 7, 1, 'listorder'),
(7, 7, 1, 'push'),
(7, 7, 1, 'remove'),
(8, 2, 1, 'add'),
(8, 2, 1, 'auth'),
(8, 2, 1, 'delete'),
(8, 2, 1, 'edit'),
(8, 2, 1, 'listorder'),
(8, 2, 1, 'push'),
(8, 2, 1, 'remove'),
(8, 3, 1, 'add'),
(8, 3, 1, 'auth'),
(8, 3, 1, 'delete'),
(8, 3, 1, 'edit'),
(8, 3, 1, 'listorder'),
(8, 3, 1, 'push'),
(8, 3, 1, 'remove'),
(8, 4, 1, 'add'),
(8, 4, 1, 'auth'),
(8, 4, 1, 'delete'),
(8, 4, 1, 'edit'),
(8, 4, 1, 'listorder'),
(8, 4, 1, 'push'),
(8, 4, 1, 'remove'),
(8, 5, 1, 'add'),
(8, 5, 1, 'auth'),
(8, 5, 1, 'delete'),
(8, 5, 1, 'edit'),
(8, 5, 1, 'listorder'),
(8, 5, 1, 'push'),
(8, 5, 1, 'remove'),
(8, 6, 1, 'add'),
(8, 6, 1, 'auth'),
(8, 6, 1, 'delete'),
(8, 6, 1, 'edit'),
(8, 6, 1, 'listorder'),
(8, 6, 1, 'push'),
(8, 6, 1, 'remove'),
(8, 7, 1, 'add'),
(8, 7, 1, 'auth'),
(8, 7, 1, 'delete'),
(8, 7, 1, 'edit'),
(8, 7, 1, 'listorder'),
(8, 7, 1, 'push'),
(8, 7, 1, 'remove'),
(9, 2, 1, 'add'),
(9, 2, 1, 'auth'),
(9, 2, 1, 'delete'),
(9, 2, 1, 'edit'),
(9, 2, 1, 'listorder'),
(9, 2, 1, 'push'),
(9, 2, 1, 'remove'),
(9, 3, 1, 'add'),
(9, 3, 1, 'auth'),
(9, 3, 1, 'delete'),
(9, 3, 1, 'edit'),
(9, 3, 1, 'listorder'),
(9, 3, 1, 'push'),
(9, 3, 1, 'remove'),
(9, 4, 1, 'add'),
(9, 4, 1, 'auth'),
(9, 4, 1, 'delete'),
(9, 4, 1, 'edit'),
(9, 4, 1, 'listorder'),
(9, 4, 1, 'push'),
(9, 4, 1, 'remove'),
(9, 5, 1, 'add'),
(9, 5, 1, 'auth'),
(9, 5, 1, 'delete'),
(9, 5, 1, 'edit'),
(9, 5, 1, 'listorder'),
(9, 5, 1, 'push'),
(9, 5, 1, 'remove'),
(9, 6, 1, 'add'),
(9, 6, 1, 'auth'),
(9, 6, 1, 'delete'),
(9, 6, 1, 'edit'),
(9, 6, 1, 'listorder'),
(9, 6, 1, 'push'),
(9, 6, 1, 'remove'),
(9, 7, 1, 'add'),
(9, 7, 1, 'auth'),
(9, 7, 1, 'delete'),
(9, 7, 1, 'edit'),
(9, 7, 1, 'listorder'),
(9, 7, 1, 'push'),
(9, 7, 1, 'remove'),
(10, 2, 1, 'add'),
(10, 2, 1, 'auth'),
(10, 2, 1, 'delete'),
(10, 2, 1, 'edit'),
(10, 2, 1, 'listorder'),
(10, 2, 1, 'push'),
(10, 2, 1, 'remove'),
(10, 3, 1, 'add'),
(10, 3, 1, 'auth'),
(10, 3, 1, 'delete'),
(10, 3, 1, 'edit'),
(10, 3, 1, 'listorder'),
(10, 3, 1, 'push'),
(10, 3, 1, 'remove'),
(10, 4, 1, 'add'),
(10, 4, 1, 'auth'),
(10, 4, 1, 'delete'),
(10, 4, 1, 'edit'),
(10, 4, 1, 'listorder'),
(10, 4, 1, 'push'),
(10, 4, 1, 'remove'),
(10, 5, 1, 'add'),
(10, 5, 1, 'auth'),
(10, 5, 1, 'delete'),
(10, 5, 1, 'edit'),
(10, 5, 1, 'listorder'),
(10, 5, 1, 'push'),
(10, 5, 1, 'remove'),
(10, 6, 1, 'add'),
(10, 6, 1, 'auth'),
(10, 6, 1, 'delete'),
(10, 6, 1, 'edit'),
(10, 6, 1, 'listorder'),
(10, 6, 1, 'push'),
(10, 6, 1, 'remove'),
(10, 7, 1, 'add'),
(10, 7, 1, 'auth'),
(10, 7, 1, 'delete'),
(10, 7, 1, 'edit'),
(10, 7, 1, 'listorder'),
(10, 7, 1, 'push'),
(10, 7, 1, 'remove'),
(11, 2, 1, 'add'),
(11, 2, 1, 'auth'),
(11, 2, 1, 'delete'),
(11, 2, 1, 'edit'),
(11, 2, 1, 'listorder'),
(11, 2, 1, 'push'),
(11, 2, 1, 'remove'),
(11, 3, 1, 'add'),
(11, 3, 1, 'auth'),
(11, 3, 1, 'delete'),
(11, 3, 1, 'edit'),
(11, 3, 1, 'listorder'),
(11, 3, 1, 'push'),
(11, 3, 1, 'remove'),
(11, 4, 1, 'add'),
(11, 4, 1, 'auth'),
(11, 4, 1, 'delete'),
(11, 4, 1, 'edit'),
(11, 4, 1, 'listorder'),
(11, 4, 1, 'push'),
(11, 4, 1, 'remove'),
(11, 5, 1, 'add'),
(11, 5, 1, 'auth'),
(11, 5, 1, 'delete'),
(11, 5, 1, 'edit'),
(11, 5, 1, 'listorder'),
(11, 5, 1, 'push'),
(11, 5, 1, 'remove'),
(11, 6, 1, 'add'),
(11, 6, 1, 'auth'),
(11, 6, 1, 'delete'),
(11, 6, 1, 'edit'),
(11, 6, 1, 'listorder'),
(11, 6, 1, 'push'),
(11, 6, 1, 'remove'),
(11, 7, 1, 'add'),
(11, 7, 1, 'auth'),
(11, 7, 1, 'delete'),
(11, 7, 1, 'edit'),
(11, 7, 1, 'listorder'),
(11, 7, 1, 'push'),
(11, 7, 1, 'remove'),
(12, 2, 1, 'add'),
(12, 2, 1, 'auth'),
(12, 2, 1, 'delete'),
(12, 2, 1, 'edit'),
(12, 2, 1, 'listorder'),
(12, 2, 1, 'push'),
(12, 2, 1, 'remove'),
(12, 3, 1, 'add'),
(12, 3, 1, 'auth'),
(12, 3, 1, 'delete'),
(12, 3, 1, 'edit'),
(12, 3, 1, 'listorder'),
(12, 3, 1, 'push'),
(12, 3, 1, 'remove'),
(12, 4, 1, 'add'),
(12, 4, 1, 'auth'),
(12, 4, 1, 'delete'),
(12, 4, 1, 'edit'),
(12, 4, 1, 'listorder'),
(12, 4, 1, 'push'),
(12, 4, 1, 'remove'),
(12, 5, 1, 'add'),
(12, 5, 1, 'auth'),
(12, 5, 1, 'delete'),
(12, 5, 1, 'edit'),
(12, 5, 1, 'listorder'),
(12, 5, 1, 'push'),
(12, 5, 1, 'remove'),
(12, 6, 1, 'add'),
(12, 6, 1, 'auth'),
(12, 6, 1, 'delete'),
(12, 6, 1, 'edit'),
(12, 6, 1, 'listorder'),
(12, 6, 1, 'push'),
(12, 6, 1, 'remove'),
(12, 7, 1, 'add'),
(12, 7, 1, 'auth'),
(12, 7, 1, 'delete'),
(12, 7, 1, 'edit'),
(12, 7, 1, 'listorder'),
(12, 7, 1, 'push'),
(12, 7, 1, 'remove'),
(21, 2, 1, 'add'),
(21, 2, 1, 'delete'),
(21, 2, 1, 'edit'),
(21, 2, 1, 'init'),
(21, 2, 1, 'listorder'),
(21, 2, 1, 'push'),
(21, 2, 1, 'remove'),
(72, 2, 1, 'add'),
(72, 2, 1, 'delete'),
(72, 2, 1, 'edit'),
(72, 2, 1, 'listorder'),
(72, 2, 1, 'push'),
(72, 2, 1, 'remove'),
(95, 2, 1, 'add'),
(95, 2, 1, 'delete'),
(95, 2, 1, 'edit'),
(95, 2, 1, 'listorder'),
(95, 2, 1, 'push'),
(95, 2, 1, 'remove'),
(95, 3, 1, 'add'),
(95, 3, 1, 'delete'),
(95, 3, 1, 'edit'),
(95, 3, 1, 'listorder'),
(95, 3, 1, 'push'),
(95, 3, 1, 'remove'),
(95, 4, 1, 'add'),
(95, 4, 1, 'delete'),
(95, 4, 1, 'edit'),
(95, 4, 1, 'listorder'),
(95, 4, 1, 'push'),
(95, 4, 1, 'remove'),
(95, 5, 1, 'add'),
(95, 5, 1, 'delete'),
(95, 5, 1, 'edit'),
(95, 5, 1, 'listorder'),
(95, 5, 1, 'push'),
(95, 5, 1, 'remove'),
(96, 2, 1, 'add'),
(96, 2, 1, 'delete'),
(96, 2, 1, 'edit'),
(96, 2, 1, 'listorder'),
(96, 2, 1, 'push'),
(96, 2, 1, 'remove'),
(96, 3, 1, 'add'),
(96, 3, 1, 'delete'),
(96, 3, 1, 'edit'),
(96, 3, 1, 'listorder'),
(96, 3, 1, 'push'),
(96, 3, 1, 'remove'),
(96, 4, 1, 'add'),
(96, 4, 1, 'delete'),
(96, 4, 1, 'edit'),
(96, 4, 1, 'listorder'),
(96, 4, 1, 'push'),
(96, 4, 1, 'remove'),
(96, 5, 1, 'add'),
(96, 5, 1, 'delete'),
(96, 5, 1, 'edit'),
(96, 5, 1, 'listorder'),
(96, 5, 1, 'push'),
(96, 5, 1, 'remove'),
(100, 2, 1, 'add'),
(100, 2, 1, 'delete'),
(100, 2, 1, 'edit'),
(100, 2, 1, 'listorder'),
(100, 2, 1, 'push'),
(100, 2, 1, 'remove'),
(100, 3, 1, 'add'),
(100, 3, 1, 'delete'),
(100, 3, 1, 'edit'),
(100, 3, 1, 'listorder'),
(100, 3, 1, 'push'),
(100, 3, 1, 'remove'),
(100, 4, 1, 'add'),
(100, 4, 1, 'delete'),
(100, 4, 1, 'edit'),
(100, 4, 1, 'listorder'),
(100, 4, 1, 'push'),
(100, 4, 1, 'remove'),
(100, 5, 1, 'add'),
(100, 5, 1, 'delete'),
(100, 5, 1, 'edit'),
(100, 5, 1, 'listorder'),
(100, 5, 1, 'push'),
(100, 5, 1, 'remove'),
(101, 2, 1, 'add'),
(101, 2, 1, 'delete'),
(101, 2, 1, 'edit'),
(101, 2, 1, 'listorder'),
(101, 2, 1, 'push'),
(101, 2, 1, 'remove'),
(101, 3, 1, 'add'),
(101, 3, 1, 'delete'),
(101, 3, 1, 'edit'),
(101, 3, 1, 'listorder'),
(101, 3, 1, 'push'),
(101, 3, 1, 'remove'),
(101, 4, 1, 'add'),
(101, 4, 1, 'delete'),
(101, 4, 1, 'edit'),
(101, 4, 1, 'listorder'),
(101, 4, 1, 'push'),
(101, 4, 1, 'remove'),
(101, 5, 1, 'add'),
(101, 5, 1, 'delete'),
(101, 5, 1, 'edit'),
(101, 5, 1, 'listorder'),
(101, 5, 1, 'push'),
(101, 5, 1, 'remove'),
(108, 2, 1, 'add'),
(108, 2, 1, 'delete'),
(108, 2, 1, 'edit'),
(108, 2, 1, 'listorder'),
(108, 2, 1, 'push'),
(108, 2, 1, 'remove'),
(119, 2, 1, 'add'),
(119, 2, 1, 'delete'),
(119, 2, 1, 'edit'),
(119, 2, 1, 'listorder'),
(119, 2, 1, 'push'),
(119, 2, 1, 'remove'),
(119, 3, 1, 'add'),
(119, 3, 1, 'delete'),
(119, 3, 1, 'edit'),
(119, 3, 1, 'listorder'),
(119, 3, 1, 'push'),
(119, 3, 1, 'remove'),
(119, 4, 1, 'add'),
(119, 4, 1, 'delete'),
(119, 4, 1, 'edit'),
(119, 4, 1, 'listorder'),
(119, 4, 1, 'push'),
(119, 4, 1, 'remove'),
(119, 5, 1, 'add'),
(119, 5, 1, 'delete'),
(119, 5, 1, 'edit'),
(119, 5, 1, 'listorder'),
(119, 5, 1, 'push'),
(119, 5, 1, 'remove'),
(119, 6, 1, 'add'),
(119, 6, 1, 'delete'),
(119, 6, 1, 'edit'),
(119, 6, 1, 'listorder'),
(119, 6, 1, 'push'),
(119, 6, 1, 'remove'),
(119, 7, 1, 'add'),
(119, 7, 1, 'delete'),
(119, 7, 1, 'edit'),
(119, 7, 1, 'listorder'),
(119, 7, 1, 'push'),
(119, 7, 1, 'remove'),
(135, 2, 1, 'add'),
(135, 2, 1, 'delete'),
(135, 2, 1, 'edit'),
(135, 2, 1, 'listorder'),
(135, 2, 1, 'push'),
(135, 2, 1, 'remove'),
(136, 2, 1, 'add'),
(136, 2, 1, 'delete'),
(136, 2, 1, 'edit'),
(136, 2, 1, 'listorder'),
(136, 2, 1, 'push'),
(136, 2, 1, 'remove'),
(139, 2, 1, 'add'),
(139, 2, 1, 'delete'),
(139, 2, 1, 'edit'),
(139, 2, 1, 'listorder'),
(139, 2, 1, 'push'),
(139, 2, 1, 'remove'),
(211, 2, 1, 'add'),
(211, 2, 1, 'delete'),
(211, 2, 1, 'edit'),
(211, 2, 1, 'listorder'),
(211, 2, 1, 'push'),
(211, 2, 1, 'remove'),
(218, 2, 1, 'add'),
(218, 2, 1, 'delete'),
(218, 2, 1, 'edit'),
(218, 2, 1, 'listorder'),
(218, 2, 1, 'push'),
(218, 2, 1, 'remove'),
(249, 2, 1, 'add'),
(249, 2, 1, 'delete'),
(249, 2, 1, 'edit'),
(249, 2, 1, 'listorder'),
(249, 2, 1, 'push'),
(249, 2, 1, 'remove'),
(249, 3, 1, 'add'),
(249, 3, 1, 'delete'),
(249, 3, 1, 'edit'),
(249, 3, 1, 'listorder'),
(249, 3, 1, 'push'),
(249, 3, 1, 'remove'),
(249, 4, 1, 'add'),
(249, 4, 1, 'delete'),
(249, 4, 1, 'edit'),
(249, 4, 1, 'listorder'),
(249, 4, 1, 'push'),
(249, 4, 1, 'remove'),
(249, 5, 1, 'add'),
(249, 5, 1, 'delete'),
(249, 5, 1, 'edit'),
(249, 5, 1, 'listorder'),
(249, 5, 1, 'push'),
(249, 5, 1, 'remove'),
(249, 6, 1, 'add'),
(249, 6, 1, 'delete'),
(249, 6, 1, 'edit'),
(249, 6, 1, 'listorder'),
(249, 6, 1, 'push'),
(249, 6, 1, 'remove'),
(249, 7, 1, 'add'),
(249, 7, 1, 'delete'),
(249, 7, 1, 'edit'),
(249, 7, 1, 'listorder'),
(249, 7, 1, 'push'),
(249, 7, 1, 'remove'),
(303, 2, 1, 'add'),
(303, 2, 1, 'auth'),
(303, 2, 1, 'delete'),
(303, 2, 1, 'edit'),
(303, 2, 1, 'listorder'),
(303, 2, 1, 'push'),
(303, 2, 1, 'remove'),
(303, 3, 1, 'add'),
(303, 3, 1, 'auth'),
(303, 3, 1, 'delete'),
(303, 3, 1, 'edit'),
(303, 3, 1, 'listorder'),
(303, 3, 1, 'push'),
(303, 3, 1, 'remove'),
(303, 4, 1, 'add'),
(303, 4, 1, 'auth'),
(303, 4, 1, 'delete'),
(303, 4, 1, 'edit'),
(303, 4, 1, 'listorder'),
(303, 4, 1, 'push'),
(303, 4, 1, 'remove'),
(303, 5, 1, 'add'),
(303, 5, 1, 'auth'),
(303, 5, 1, 'delete'),
(303, 5, 1, 'edit'),
(303, 5, 1, 'listorder'),
(303, 5, 1, 'push'),
(303, 5, 1, 'remove'),
(303, 6, 1, 'add'),
(303, 6, 1, 'auth'),
(303, 6, 1, 'delete'),
(303, 6, 1, 'edit'),
(303, 6, 1, 'listorder'),
(303, 6, 1, 'push'),
(303, 6, 1, 'remove'),
(303, 7, 1, 'add'),
(303, 7, 1, 'auth'),
(303, 7, 1, 'delete'),
(303, 7, 1, 'edit'),
(303, 7, 1, 'listorder'),
(303, 7, 1, 'push'),
(303, 7, 1, 'remove'),
(304, 2, 1, 'add'),
(304, 2, 1, 'auth'),
(304, 2, 1, 'delete'),
(304, 2, 1, 'edit'),
(304, 2, 1, 'listorder'),
(304, 2, 1, 'push'),
(304, 2, 1, 'remove'),
(304, 3, 1, 'add'),
(304, 3, 1, 'auth'),
(304, 3, 1, 'delete'),
(304, 3, 1, 'edit'),
(304, 3, 1, 'listorder'),
(304, 3, 1, 'push'),
(304, 3, 1, 'remove'),
(304, 4, 1, 'add'),
(304, 4, 1, 'auth'),
(304, 4, 1, 'delete'),
(304, 4, 1, 'edit'),
(304, 4, 1, 'listorder'),
(304, 4, 1, 'push'),
(304, 4, 1, 'remove'),
(304, 5, 1, 'add'),
(304, 5, 1, 'auth'),
(304, 5, 1, 'delete'),
(304, 5, 1, 'edit'),
(304, 5, 1, 'listorder'),
(304, 5, 1, 'push'),
(304, 5, 1, 'remove'),
(304, 6, 1, 'add'),
(304, 6, 1, 'auth'),
(304, 6, 1, 'delete'),
(304, 6, 1, 'edit'),
(304, 6, 1, 'listorder'),
(304, 6, 1, 'push'),
(304, 6, 1, 'remove'),
(304, 7, 1, 'add'),
(304, 7, 1, 'auth'),
(304, 7, 1, 'delete'),
(304, 7, 1, 'edit'),
(304, 7, 1, 'listorder'),
(304, 7, 1, 'push'),
(304, 7, 1, 'remove'),
(305, 2, 1, 'add'),
(305, 2, 1, 'auth'),
(305, 2, 1, 'delete'),
(305, 2, 1, 'edit'),
(305, 2, 1, 'listorder'),
(305, 2, 1, 'push'),
(305, 2, 1, 'remove'),
(305, 3, 1, 'add'),
(305, 3, 1, 'auth'),
(305, 3, 1, 'delete'),
(305, 3, 1, 'edit'),
(305, 3, 1, 'listorder'),
(305, 3, 1, 'push'),
(305, 3, 1, 'remove'),
(305, 4, 1, 'add'),
(305, 4, 1, 'auth'),
(305, 4, 1, 'delete'),
(305, 4, 1, 'edit'),
(305, 4, 1, 'listorder'),
(305, 4, 1, 'push'),
(305, 4, 1, 'remove'),
(305, 5, 1, 'add'),
(305, 5, 1, 'auth'),
(305, 5, 1, 'delete'),
(305, 5, 1, 'edit'),
(305, 5, 1, 'listorder'),
(305, 5, 1, 'push'),
(305, 5, 1, 'remove'),
(305, 6, 1, 'add'),
(305, 6, 1, 'auth'),
(305, 6, 1, 'delete'),
(305, 6, 1, 'edit'),
(305, 6, 1, 'listorder'),
(305, 6, 1, 'push'),
(305, 6, 1, 'remove'),
(305, 7, 1, 'add'),
(305, 7, 1, 'auth'),
(305, 7, 1, 'delete'),
(305, 7, 1, 'edit'),
(305, 7, 1, 'listorder'),
(305, 7, 1, 'push'),
(305, 7, 1, 'remove'),
(306, 2, 1, 'add'),
(306, 2, 1, 'auth'),
(306, 2, 1, 'delete'),
(306, 2, 1, 'edit'),
(306, 2, 1, 'listorder'),
(306, 2, 1, 'push'),
(306, 2, 1, 'remove'),
(306, 3, 1, 'add'),
(306, 3, 1, 'auth'),
(306, 3, 1, 'delete'),
(306, 3, 1, 'edit'),
(306, 3, 1, 'listorder'),
(306, 3, 1, 'push'),
(306, 3, 1, 'remove'),
(306, 4, 1, 'add'),
(306, 4, 1, 'auth'),
(306, 4, 1, 'delete'),
(306, 4, 1, 'edit'),
(306, 4, 1, 'listorder'),
(306, 4, 1, 'push'),
(306, 4, 1, 'remove'),
(306, 5, 1, 'add'),
(306, 5, 1, 'auth'),
(306, 5, 1, 'delete'),
(306, 5, 1, 'edit'),
(306, 5, 1, 'listorder'),
(306, 5, 1, 'push'),
(306, 5, 1, 'remove'),
(306, 6, 1, 'add'),
(306, 6, 1, 'auth'),
(306, 6, 1, 'delete'),
(306, 6, 1, 'edit'),
(306, 6, 1, 'listorder'),
(306, 6, 1, 'push'),
(306, 6, 1, 'remove'),
(306, 7, 1, 'add'),
(306, 7, 1, 'auth'),
(306, 7, 1, 'delete'),
(306, 7, 1, 'edit'),
(306, 7, 1, 'listorder'),
(306, 7, 1, 'push'),
(306, 7, 1, 'remove');

CREATE TABLE `cmf_client` (
  `id` int(11) NOT NULL,
  `cname` varchar(100) DEFAULT NULL COMMENT '公司名称',
  `username` varchar(100) DEFAULT NULL COMMENT '姓名',
  `email` varchar(255) DEFAULT NULL COMMENT '邮箱',
  `telephone` varchar(50) DEFAULT NULL COMMENT '电话',
  `fax` varchar(50) DEFAULT NULL COMMENT '传真',
  `address` varchar(255) DEFAULT NULL COMMENT '详细地址',
  `country` varchar(50) DEFAULT NULL COMMENT '国家',
  `level` int(11) NOT NULL DEFAULT '8' COMMENT '客户所处阶段',
  `type` int(11) DEFAULT NULL COMMENT '类型',
  `guest_title` varchar(255) DEFAULT NULL COMMENT '留言标题',
  `guest_msg` text COMMENT '留言内容',
  `guest_pid` text COMMENT '询盘产品',
  `remark` text COMMENT '备注',
  `is_order` tinyint(1) NOT NULL DEFAULT '1' COMMENT '是否成交 1-未成交 2-成交(未使用)',
  `order_time` int(11) DEFAULT NULL COMMENT '成交时间(未使用)',
  `addtime` int(11) DEFAULT NULL COMMENT '添加时间',
  `uid` int(11) DEFAULT '0' COMMENT '归属业务员UID',
  `mid` int(11) DEFAULT '0' COMMENT '归属业务经理UID',
  `status` tinyint(1) DEFAULT '1' COMMENT '1-公海 2-归属 3-删除',
  `gtime` int(11) DEFAULT NULL COMMENT '抓取时间',
  `ktime` int(11) DEFAULT NULL COMMENT '飞出时间'
) ENGINE=MyISAM DEFAULT CHARSET=utf8 COMMENT='CRM客户表';

CREATE TABLE `cmf_client_branch` (
  `id` int(11) NOT NULL,
  `cname` varchar(255) NOT NULL COMMENT '分公司名',
  `addtime` int(11) NOT NULL COMMENT '添加时间',
  `mids` varchar(100) DEFAULT NULL COMMENT '下属业务经理'
) ENGINE=MyISAM DEFAULT CHARSET=utf8 COMMENT='分公司表';

CREATE TABLE `cmf_client_contact` (
  `id` int(11) NOT NULL,
  `cid` int(11) NOT NULL COMMENT 'client ID',
  `uid` int(11) NOT NULL COMMENT '业务员ID',
  `addtime` int(11) NOT NULL COMMENT '添加时间',
  `nexttime` int(11) NOT NULL COMMENT '下次拜访时间',
  `remark` text NOT NULL COMMENT '备注',
  `upload_file` text COMMENT '上传文件 类型和路径 realize格式化',
  `level` varchar(100) NOT NULL COMMENT '所处阶段',
  `status` tinyint(1) NOT NULL DEFAULT '0' COMMENT ' 0-未拜访 1-已拜访'
) ENGINE=MyISAM DEFAULT CHARSET=utf8 COMMENT='沟通记录表';

CREATE TABLE `cmf_client_level` (
  `id` int(11) NOT NULL,
  `name` varchar(50) NOT NULL COMMENT '名字',
  `desc` varchar(100) NOT NULL COMMENT '描述',
  `addtime` int(11) NOT NULL COMMENT '添加时间',
  `sort` int(11) NOT NULL DEFAULT '0' COMMENT '排序'
) ENGINE=MyISAM DEFAULT CHARSET=utf8 COMMENT='客户级别表';

CREATE TABLE `cmf_client_offer` (
  `id` int(11) NOT NULL,
  `cid` int(11) NOT NULL,
  `uid` int(11) NOT NULL COMMENT '申请人UID',
  `reqtime` int(11) NOT NULL COMMENT '申请时间',
  `content` text COMMENT '内容',
  `path` varchar(255) DEFAULT NULL COMMENT '附件路径',
  `con_user` int(11) DEFAULT '0' COMMENT '审批人UID',
  `con_time` int(11) DEFAULT NULL COMMENT '审批时间',
  `con_content` text COMMENT '审批内容',
  `status` tinyint(1) NOT NULL DEFAULT '0' COMMENT '审批状态 0-未审批 1-已审批 2-拒绝'
) ENGINE=MyISAM DEFAULT CHARSET=utf8 COMMENT='报价表';

CREATE TABLE `cmf_client_order` (
  `id` int(11) NOT NULL,
  `order_sn` varchar(100) NOT NULL COMMENT '订单编号',
  `cname` varchar(255) NOT NULL COMMENT '客户名',
  `cid` int(11) NOT NULL COMMENT '客户UID',
  `uname` varchar(255) NOT NULL COMMENT '业务员名',
  `uid` int(11) NOT NULL COMMENT '业务员UID',
  `mid` int(11) NOT NULL COMMENT '业务经理ID',
  `mname` varchar(255) NOT NULL COMMENT '业务经理名',
  `addtime` int(11) NOT NULL COMMENT '下订单时间',
  `shipping` int(11) NOT NULL COMMENT '预计出运时间',
  `description` text COMMENT '订单描述',
  `totalmoney` decimal(10,2) NOT NULL DEFAULT '0.00' COMMENT '订单总额 元',
  `remark` text COMMENT '订单备注',
  `path` varchar(255) DEFAULT NULL COMMENT '订单附件',
  `path_ys` varchar(255) DEFAULT NULL COMMENT '订单附件',
  `ownmoney` decimal(10,2) NOT NULL DEFAULT '0.00' COMMENT '回款总额 元',
  `status` tinyint(1) NOT NULL DEFAULT '0' COMMENT '1-完成  0-未完成 2-申请完成 3-取消',
  `endtime` int(11) NOT NULL DEFAULT '0' COMMENT '订单完成时间'
) ENGINE=MyISAM DEFAULT CHARSET=utf8 COMMENT='订单表';

CREATE TABLE `cmf_client_second_user` (
  `id` int(11) NOT NULL,
  `cid` int(11) NOT NULL COMMENT 'client ID',
  `username` varchar(50) NOT NULL COMMENT '用户名',
  `telephone` varchar(50) DEFAULT NULL COMMENT '手机号',
  `email` varchar(50) DEFAULT NULL COMMENT '邮箱'
) ENGINE=MyISAM DEFAULT CHARSET=utf8 COMMENT='CRM客户第二联系人表';

CREATE TABLE `cmf_client_status` (
  `id` int(11) NOT NULL,
  `cid` int(11) NOT NULL COMMENT '客户UID',
  `uid` int(11) NOT NULL COMMENT '业务员UID',
  `status` tinyint(1) DEFAULT '0' COMMENT '1-申请状态  0-没有申请状态',
  `confirm` tinyint(1) DEFAULT '0' COMMENT '1-已确认  0-未确认 2-已否定',
  `req_time` int(11) DEFAULT '0' COMMENT '申请时间',
  `con_time` int(11) DEFAULT '0' COMMENT '确认时间',
  `con_user` int(11) NOT NULL COMMENT '确认人UID',
  `remark` varchar(255) DEFAULT NULL COMMENT '备注',
  `type` int(1) NOT NULL COMMENT '状态ID'
) ENGINE=MyISAM DEFAULT CHARSET=utf8 COMMENT='归属客户阶段状态表';

CREATE TABLE `cmf_client_type` (
  `id` int(11) NOT NULL,
  `name` varchar(50) NOT NULL COMMENT '名字',
  `desc` varchar(100) NOT NULL COMMENT '描述',
  `addtime` int(11) NOT NULL COMMENT '添加时间',
  `sort` int(11) NOT NULL DEFAULT '0' COMMENT '排序'
) ENGINE=MyISAM DEFAULT CHARSET=utf8 COMMENT='客户级别表';

CREATE TABLE `cmf_comments` (
  `id` bigint(20) UNSIGNED NOT NULL,
  `post_table` varchar(100) NOT NULL COMMENT '评论内容所在表，不带表前缀',
  `post_id` int(11) UNSIGNED NOT NULL DEFAULT '0' COMMENT '评论内容 id',
  `url` varchar(255) DEFAULT NULL COMMENT '原文地址',
  `uid` int(11) NOT NULL DEFAULT '0' COMMENT '发表评论的用户id',
  `to_uid` int(11) NOT NULL DEFAULT '0' COMMENT '被评论的用户id',
  `full_name` varchar(50) DEFAULT NULL COMMENT '评论者昵称',
  `email` varchar(255) DEFAULT NULL COMMENT '评论者邮箱',
  `createtime` datetime NOT NULL DEFAULT '2000-01-01 00:00:00' COMMENT '评论时间',
  `content` text NOT NULL COMMENT '评论内容',
  `type` smallint(1) NOT NULL DEFAULT '1' COMMENT '评论类型；1实名评论',
  `parentid` bigint(20) UNSIGNED NOT NULL DEFAULT '0' COMMENT '被回复的评论id',
  `path` varchar(500) DEFAULT NULL,
  `status` smallint(1) NOT NULL DEFAULT '1' COMMENT '状态，1已审核，0未审核'
) ENGINE=MyISAM DEFAULT CHARSET=utf8;

CREATE TABLE `cmf_common_action_log` (
  `id` int(11) NOT NULL,
  `user` bigint(20) DEFAULT '0' COMMENT '用户id',
  `object` varchar(100) DEFAULT NULL COMMENT '访问对象的id,格式：不带前缀的表名+id;如posts1表示xx_posts表里id为1的记录',
  `action` varchar(50) DEFAULT NULL COMMENT '操作名称；格式规定为：应用名+控制器+操作名；也可自己定义格式只要不发生冲突且惟一；',
  `count` int(11) DEFAULT '0' COMMENT '访问次数',
  `last_time` int(11) DEFAULT '0' COMMENT '最后访问的时间戳',
  `ip` varchar(15) DEFAULT NULL COMMENT '访问者最后访问ip'
) ENGINE=MyISAM DEFAULT CHARSET=utf8;

INSERT INTO `cmf_common_action_log` (`id`, `user`, `object`, `action`, `count`, `last_time`, `ip`) VALUES
(1, 10, 'posts1', 'Portal-Article-do_like', 1, 1463738383, '0.0.0.0');

CREATE TABLE `cmf_contact` (
  `id` int(11) NOT NULL,
  `contant_name` varchar(255) NOT NULL COMMENT '联系方式',
  `contant_value` text NOT NULL COMMENT '联系方式值',
  `create_time` timestamp NOT NULL DEFAULT CURRENT_TIMESTAMP ON UPDATE CURRENT_TIMESTAMP COMMENT '创建时间',
  `alt_time` timestamp NOT NULL DEFAULT '0000-00-00 00:00:00' COMMENT '修改时间'
) ENGINE=MyISAM DEFAULT CHARSET=utf8;

CREATE TABLE `cmf_contact000` (
  `id` int(11) NOT NULL,
  `contant_name` varchar(255) NOT NULL COMMENT '联系方式',
  `contant_value` varchar(255) NOT NULL COMMENT '联系方式值',
  `create_time` timestamp NOT NULL DEFAULT CURRENT_TIMESTAMP ON UPDATE CURRENT_TIMESTAMP COMMENT '创建时间',
  `alt_time` timestamp NOT NULL DEFAULT '0000-00-00 00:00:00' COMMENT '修改时间'
) ENGINE=MyISAM DEFAULT CHARSET=utf8;

INSERT INTO `cmf_contact000` (`id`, `contant_name`, `contant_value`, `create_time`, `alt_time`) VALUES
(10, 'Tel.', '400 0058 590', '2017-07-28 06:59:17', '0000-00-00 00:00:00'),
(11, 'E-mail', 'lyp@reanod.com', '2017-07-28 06:57:55', '0000-00-00 00:00:00'),
(12, 'Add.', 'Hebei Province, China.', '2017-07-28 06:58:19', '0000-00-00 00:00:00'),
(21, 'Skype', 'Jessie', '2017-07-28 08:19:14', '0000-00-00 00:00:00'),
(23, '热销数量', '4', '2017-08-12 02:34:03', '0000-00-00 00:00:00'),
(24, 'Facebook', 'https://www.facebook.com/', '2017-07-28 06:58:39', '0000-00-00 00:00:00'),
(25, 'Linkedin链接', 'http://www.linkedin.com/', '2017-07-21 07:00:23', '0000-00-00 00:00:00'),
(26, 'Google+链接', 'https://www.google.com/', '2017-07-21 07:00:47', '0000-00-00 00:00:00'),
(27, 'Pinterest链接', 'https://www.pinterest.com/', '2017-07-21 07:01:50', '0000-00-00 00:00:00'),
(28, 'Twitter链接', 'http://www.twitter.com/', '2017-07-21 07:02:22', '0000-00-00 00:00:00');

CREATE TABLE `cmf_contact_require` (
  `id` int(11) NOT NULL,
  `uid` int(11) NOT NULL COMMENT '业务员UID',
  `con_user` int(11) DEFAULT '0' COMMENT '审批人UID',
  `cid` int(11) NOT NULL COMMENT '客户ID',
  `reqtime` int(11) NOT NULL COMMENT '申请时间',
  `contactid` int(11) NOT NULL COMMENT '沟通记录ID',
  `content` text NOT NULL COMMENT '经理回复',
  `replytime` int(11) NOT NULL COMMENT '回复时间',
  `status` tinyint(1) NOT NULL DEFAULT '0' COMMENT '0-没有回复， 1-已经回复'
) ENGINE=MyISAM DEFAULT CHARSET=utf8 COMMENT='沟通记录申请关注表';

CREATE TABLE `cmf_crm_log` (
  `id` int(11) NOT NULL,
  `uid` int(11) NOT NULL COMMENT '操作人UID',
  `cid` int(11) NOT NULL COMMENT '公司UID',
  `content` text NOT NULL COMMENT '操作说明',
  `type` tinyint(1) NOT NULL COMMENT '1-抓取 2-飞出 3-分配 4-删除客户 5-修改 6-扔入公海 7-恢复 8-永久删除 9-下订单',
  `addtime` int(11) NOT NULL COMMENT '操作时间'
) ENGINE=MyISAM DEFAULT CHARSET=utf8 COMMENT='crm操作log';

INSERT INTO `cmf_crm_log` (`id`, `uid`, `cid`, `content`, `type`, `addtime`) VALUES
(2, 17, 1, '从公海抓取客户', 1, 1469173565),
(3, 17, 1, '公海库客户分配给业务员', 3, 1469177882),
(4, 15, 2, '公海库客户分配给业务经理', 3, 1469178026),
(5, 16, 3, '公海库客户分配给业务经理', 3, 1469178429),
(6, 0, 4, '从公海抓取客户', 1, 1469414568),
(7, 19, 5, '公海库客户分配给业务员', 3, 1469415538),
(8, 0, 4, '从公海抓取客户', 1, 1469427583),
(9, 1, 8, '删除客户', 4, 1469501726),
(10, 19, 4, '公海库客户分配给业务员', 3, 1469581175),
(11, 1, 1, '下订单', 9, 1469672070),
(12, 19, 4, '删除客户', 4, 1469674833),
(13, 1, 4, '恢复已删除客户', 7, 1470018729),
(14, 1, 8, '恢复已删除客户', 7, 1470018765),
(15, 1, 8, '删除客户', 4, 1470018779),
(16, 1, 10, '删除客户', 4, 1470018851),
(17, 1, 13, '下订单', 9, 1470212939),
(18, 17, 5, '公海库客户分配给业务员', 3, 1470642779),
(19, 1, 14, '下订单', 9, 1472525087),
(20, 15, 14, '修改客户基本信息', 5, 1472714726),
(21, 15, 14, '修改客户基本信息', 5, 1472717978),
(22, 15, 14, '公海库客户分配给业务经理', 3, 1472719819),
(23, 15, 14, '公海库客户分配给业务经理', 3, 1472720051),
(24, 19, 13, '修改客户基本信息', 5, 1472777332),
(25, 17, 13, '公海库客户分配给业务员', 3, 1472778073),
(26, 17, 13, '公海库客户分配给业务员', 3, 1472778649),
(27, 1, 13, '修改客户基本信息', 5, 1472783146),
(28, 1, 13, '修改客户基本信息', 5, 1472783266),
(29, 19, 5, '公海库客户分配给业务经理', 3, 1472785409),
(30, 17, 5, '公海库客户分配给业务员', 3, 1472785492),
(31, 19, 1, '公海库客户分配给业务员', 3, 1472785500),
(32, 19, 5, '公海库客户分配给业务员', 3, 1472785849),
(33, 17, 5, '公海库客户分配给业务员', 3, 1472785912),
(34, 19, 4, '公海库客户分配给业务经理', 3, 1472786026),
(35, 19, 4, '公海库客户分配给业务经理', 3, 1472786169),
(36, 17, 4, '公海库客户分配给业务员', 3, 1472786208),
(37, 19, 4, '公海库客户分配给业务员', 3, 1472786281),
(38, 19, 5, '公海库客户分配给业务员', 3, 1472787935),
(39, 17, 6, '从公海抓取客户', 1, 1472795226),
(40, 17, 6, '将客户扔入公海', 6, 1472795457),
(41, 17, 3, '从公海抓取客户', 1, 1472795555),
(42, 17, 6, '从公海抓取客户', 1, 1472795555),
(43, 17, 3, '将客户扔入公海', 6, 1472795601),
(44, 1, 16, '删除客户', 4, 1472796978),
(45, 1, 13, '下订单', 9, 1472801136),
(46, 17, 20, '公海库客户分配给业务员', 3, 1472803969),
(47, 19, 18, '删除客户', 4, 1472804190),
(48, 1, 18, '恢复已删除客户', 7, 1472804227),
(49, 1, 16, '删除客户', 4, 1472804235),
(50, 1, 18, '永久删除客户', 8, 1472804246),
(51, 1, 19, '永久删除客户', 8, 1472804249),
(52, 1, 21, '永久删除客户', 8, 1472804250),
(53, 1, 16, '永久删除客户', 8, 1472804253),
(54, 19, 22, '从公海抓取客户', 1, 1472804338),
(55, 19, 7, '从公海抓取客户', 1, 1472806862),
(56, 19, 6, '从公海抓取客户', 1, 1472806934),
(57, 19, 24, '从公海抓取客户', 1, 1472863003),
(58, 17, 24, '客户分配给业务员', 3, 1472863361),
(59, 19, 24, '客户分配给业务经理', 3, 1472863786),
(60, 19, 24, '客户分配给业务经理', 3, 1472863936),
(61, 17, 23, '从公海抓取客户', 1, 1472864058),
(62, 19, 24, '从公海抓取客户', 1, 1472864399),
(63, 19, 23, '从公海抓取客户', 1, 1472864399),
(64, 17, 23, '客户分配给业务员', 3, 1472864441),
(65, 17, 24, '客户分配给业务员', 3, 1472864441),
(66, 19, 23, '客户分配给业务经理', 3, 1472864523),
(67, 19, 24, '客户分配给业务经理', 3, 1472864523),
(68, 17, 24, '客户分配给业务员', 3, 1472868989),
(69, 21, 2, '从公海抓取客户', 1, 1473299217),
(70, 21, 3, '从公海抓取客户', 1, 1473299217),
(71, 21, 6, '从公海抓取客户', 1, 1473299217),
(72, 21, 7, '从公海抓取客户', 1, 1473299217),
(73, 1, 30, '删除客户', 4, 1473647884),
(74, 1, 29, '删除客户', 4, 1473647899),
(75, 1, 48, '删除客户', 4, 1473647919),
(76, 1, 45, '删除客户', 4, 1473647927),
(77, 1, 33, '删除客户', 4, 1473647988),
(78, 1, 39, '删除客户', 4, 1473647996),
(79, 1, 28, '删除客户', 4, 1473648075),
(80, 1, 27, '删除客户', 4, 1473648123),
(81, 1, 25, '删除客户', 4, 1473648158),
(82, 1, 26, '删除客户', 4, 1473648217),
(83, 1, 37, '删除客户', 4, 1473648592),
(84, 1, 47, '删除客户', 4, 1473648612),
(85, 1, 49, '删除客户', 4, 1473648620),
(86, 1, 52, '修改客户基本信息', 5, 1473648661),
(87, 1, 40, '删除客户', 4, 1473648734),
(88, 1, 6, '删除客户', 4, 1473648981),
(89, 17, 52, '客户分配给业务员', 3, 1474684952),
(90, 17, 55, '客户分配给业务员', 3, 1474684964),
(91, 1, 6, '永久删除客户', 8, 1475140096),
(92, 1, 10, '永久删除客户', 8, 1475140098),
(93, 1, 26, '永久删除客户', 8, 1475140101),
(94, 1, 28, '永久删除客户', 8, 1475140102),
(95, 1, 30, '永久删除客户', 8, 1475140104),
(96, 1, 32, '永久删除客户', 8, 1475140106),
(97, 1, 40, '永久删除客户', 8, 1475140111),
(98, 1, 34, '永久删除客户', 8, 1475140112),
(99, 1, 33, '永久删除客户', 8, 1475140114),
(100, 1, 31, '永久删除客户', 8, 1475140116),
(101, 1, 29, '永久删除客户', 8, 1475140117),
(102, 1, 27, '永久删除客户', 8, 1475140119),
(103, 1, 37, '永久删除客户', 8, 1475140121),
(104, 1, 38, '永久删除客户', 8, 1475140123),
(105, 1, 42, '永久删除客户', 8, 1475140124),
(106, 19, 13, '修改客户基本信息', 5, 1476927696),
(107, 22, 13, '客户分配给业务员', 3, 1476928083),
(108, 17, 13, '客户分配给业务员', 3, 1476930887),
(109, 22, 13, '客户分配给业务员', 3, 1476931174),
(110, 17, 13, '客户分配给业务员', 3, 1476931237),
(111, 22, 13, '客户分配给业务员', 3, 1476931529),
(112, 19, 1, '从公海抓取客户', 1, 1477276388),
(113, 19, 4, '客户分配给业务经理', 3, 1477276676),
(114, 19, 4, '客户分配给业务经理', 3, 1477277036),
(115, 17, 4, '客户分配给业务员', 3, 1477277119),
(116, 19, 4, '扔入公海', 6, 1477277764),
(117, 17, 4, '从公海抓取客户', 1, 1477277859),
(118, 17, 4, '下订单', 9, 1477289433),
(119, 17, 24, '下订单', 9, 1478584524),
(120, 17, 4, '下订单', 9, 1478673823),
(121, 17, 4, '下订单', 9, 1478674120),
(122, 17, 4, '下订单', 9, 1478674461),
(123, 17, 4, '下订单', 9, 1478676160),
(124, 17, 74, '扔入公海', 6, 1481092189),
(125, 17, 4, '下订单', 9, 1481093403),
(126, 31, 3, '从公海抓取客户', 1, 1484958703),
(127, 1, 64, '删除客户', 4, 1485136505),
(128, 1, 2, '删除客户', 4, 1485136567),
(129, 1, 70, '删除客户', 4, 1485137219),
(130, 1, 3, '扔入公海', 6, 1485137997),
(131, 1, 66, '删除客户', 4, 1485138040),
(132, 17, 69, '扔入公海', 6, 1485141075),
(133, 17, 69, '从公海抓取客户', 1, 1485141281),
(134, 15, 72, '客户分配给业务经理', 3, 1485141398),
(135, 19, 73, '客户分配给业务员', 3, 1485141441),
(136, 17, 20, '下订单', 9, 1485142022),
(137, 1, 68, '修改客户基本信息', 5, 1485142412),
(138, 1, 67, '修改客户基本信息', 5, 1485142977),
(139, 1, 65, '修改客户基本信息', 5, 1485143048),
(140, 1, 63, '修改客户基本信息', 5, 1485143145),
(141, 1, 5, '修改客户基本信息', 5, 1485143264),
(142, 1, 62, '修改客户基本信息', 5, 1485143251),
(143, 1, 7, '修改客户基本信息', 5, 1485143362),
(144, 1, 22, '修改客户基本信息', 5, 1485143405),
(145, 1, 61, '修改客户基本信息', 5, 1485143316),
(146, 1, 23, '修改客户基本信息', 5, 1485143495),
(147, 1, 60, '修改客户基本信息', 5, 1485143405),
(148, 1, 59, '修改客户基本信息', 5, 1485143476),
(149, 1, 58, '修改客户基本信息', 5, 1485143553),
(150, 1, 57, '修改客户基本信息', 5, 1485143651),
(151, 1, 56, '修改客户基本信息', 5, 1485143722),
(152, 1, 55, '修改客户基本信息', 5, 1485143788),
(153, 1, 77, '删除客户', 4, 1485143804),
(154, 1, 76, '删除客户', 4, 1485143806),
(155, 1, 69, '删除客户', 4, 1485143811),
(156, 1, 4, '修改客户基本信息', 5, 1485143886),
(157, 1, 1, '修改客户基本信息', 5, 1485143946),
(158, 1, 52, '修改客户基本信息', 5, 1485144030),
(159, 1, 71, '修改客户基本信息', 5, 1485144145),
(160, 1, 71, '修改客户基本信息', 5, 1485144186),
(161, 1, 24, '修改客户基本信息', 5, 1485144112),
(162, 1, 68, '修改客户基本信息', 5, 1485144585),
(163, 1, 81, '删除客户', 4, 1488956021),
(164, 1, 17, '删除客户', 4, 1490945901),
(165, 1, 71, '扔入公海', 6, 1490945930),
(166, 1, 71, '修改客户基本信息', 5, 1490945946),
(167, 1, 5, '下订单', 9, 1490953807),
(168, 17, 57, '客户分配给业务员', 3, 1492224124),
(169, 21, 54, '客户分配给业务员', 3, 1492224154),
(170, 19, 54, '客户分配给业务经理', 3, 1492224655),
(171, 19, 59, '客户分配给业务经理', 3, 1492224687),
(172, 19, 68, '客户分配给业务经理', 3, 1492224701),
(173, 17, 54, '客户分配给业务员', 3, 1492224822),
(174, 19, 59, '客户分配给业务员', 3, 1492224855),
(175, 34, 24, '客户分配给业务员', 3, 1492225464),
(176, 34, 52, '客户分配给业务员', 3, 1492225478),
(177, 19, 13, '修改客户基本信息', 5, 1492245001),
(178, 1, 58, '修改客户基本信息', 5, 1493111998),
(179, 1, 54, '修改客户基本信息', 5, 1493112177),
(180, 1, 67, '修改客户基本信息', 5, 1493112204),
(181, 1, 4, '修改客户基本信息', 5, 1493112670),
(182, 1, 23, '修改客户基本信息', 5, 1493112717),
(183, 1, 13, '修改客户基本信息', 5, 1493112759),
(184, 38, 7, '客户分配给业务员', 3, 1497520681),
(185, 38, 1, '客户分配给业务员', 3, 1497520699),
(186, 38, 55, '客户分配给业务员', 3, 1497520795),
(187, 38, 65, '客户分配给业务员', 3, 1497520808),
(188, 38, 68, '客户分配给业务员', 3, 1497520820),
(189, 38, 67, '客户分配给业务经理', 3, 1497521092),
(190, 38, 1, '从公海抓取客户', 1, 1501899791),
(191, 38, 5, '从公海抓取客户', 1, 1501899791),
(192, 38, 7, '从公海抓取客户', 1, 1501899791),
(193, 38, 13, '从公海抓取客户', 1, 1501899791),
(194, 38, 22, '从公海抓取客户', 1, 1501899791),
(195, 38, 65, '从公海抓取客户', 1, 1501900083),
(196, 38, 67, '从公海抓取客户', 1, 1501900083),
(197, 38, 68, '从公海抓取客户', 1, 1501900083),
(198, 1, 56, '永久删除客户', 8, 1509350747),
(199, 30, 3, '永久删除客户', 8, 1523862716),
(200, 30, 23, '永久删除客户', 8, 1523862727),
(201, 30, 25, '永久删除客户', 8, 1523862731),
(202, 30, 46, '永久删除客户', 8, 1523862735),
(203, 30, 50, '永久删除客户', 8, 1523862742),
(204, 30, 52, '永久删除客户', 8, 1523862748),
(205, 30, 49, '永久删除客户', 8, 1523862753),
(206, 30, 47, '永久删除客户', 8, 1523862758),
(207, 30, 43, '永久删除客户', 8, 1523862761),
(208, 30, 44, '永久删除客户', 8, 1523862766),
(209, 30, 36, '永久删除客户', 8, 1523862771),
(210, 30, 35, '恢复已删除客户', 7, 1523862775),
(211, 30, 35, '永久删除客户', 8, 1523862782),
(212, 30, 74, '永久删除客户', 8, 1523862788),
(213, 30, 75, '永久删除客户', 8, 1523862794),
(214, 30, 72, '永久删除客户', 8, 1523862800);

CREATE TABLE `cmf_crm_monthdata` (
  `id` int(11) NOT NULL,
  `uid` int(11) NOT NULL COMMENT '部门经理UID',
  `month_1` float(10,2) NOT NULL DEFAULT '0.00' COMMENT '1月',
  `month_2` float(10,2) NOT NULL DEFAULT '0.00' COMMENT '2月',
  `month_3` float(10,2) NOT NULL DEFAULT '0.00' COMMENT '3月',
  `month_4` float(10,2) NOT NULL DEFAULT '0.00' COMMENT '4月',
  `month_5` float(10,2) NOT NULL DEFAULT '0.00' COMMENT '5月',
  `month_6` float(10,2) NOT NULL DEFAULT '0.00' COMMENT '6月',
  `month_7` float(10,2) NOT NULL DEFAULT '0.00' COMMENT '7月',
  `month_8` float(10,2) NOT NULL DEFAULT '0.00' COMMENT '8月',
  `month_9` float(10,2) NOT NULL DEFAULT '0.00' COMMENT '9月',
  `month_10` float(10,2) NOT NULL DEFAULT '0.00' COMMENT '10月',
  `month_11` float(10,2) NOT NULL DEFAULT '0.00' COMMENT '11月',
  `month_12` float(10,2) NOT NULL DEFAULT '0.00' COMMENT '12月',
  `year` int(11) NOT NULL DEFAULT '0' COMMENT '第几年的数据'
) ENGINE=MyISAM DEFAULT CHARSET=utf8 COMMENT='经理指定目标数据表';

CREATE TABLE `cmf_crm_option` (
  `id` int(11) NOT NULL,
  `sale_num` int(11) NOT NULL COMMENT ' 业务员可占有用户数 999-不限',
  `manager_num` int(11) NOT NULL COMMENT '业务经理可占有客户数 999-不限',
  `fly_day` int(11) NOT NULL COMMENT '未联系飞入公海天数  999-不限',
  `back_day` int(11) NOT NULL COMMENT '飞入公海再次占有间隔，0-可马上抓取 999-不能抓取',
  `begin_day` int(3) DEFAULT '0' COMMENT '有沟通飞出时间间隔， 999-不限',
  `remind_day` int(11) NOT NULL DEFAULT '0' COMMENT '飞入公海开始提醒提前天数',
  `shipping_day` int(11) NOT NULL COMMENT '出运订单提醒'
) ENGINE=MyISAM DEFAULT CHARSET=utf8 COMMENT='crm常规设置';

INSERT INTO `cmf_crm_option` (`id`, `sale_num`, `manager_num`, `fly_day`, `back_day`, `begin_day`, `remind_day`, `shipping_day`) VALUES
(1, 999, 200, 7, 20, 30, 6, 30);

CREATE TABLE `cmf_crm_user` (
  `id` int(11) NOT NULL,
  `uid` int(11) NOT NULL COMMENT '业务员UID',
  `mid` int(11) NOT NULL DEFAULT '0' COMMENT '业务经理UID',
  `addtime` int(11) NOT NULL COMMENT '添加时间'
) ENGINE=MyISAM DEFAULT CHARSET=utf8 COMMENT='业务员与业务经理UID对应表';

INSERT INTO `cmf_crm_user` (`id`, `uid`, `mid`, `addtime`) VALUES
(8, 17, 19, 1469582720),
(5, 19, 19, 1469410764),
(9, 20, 15, 1472777914),
(10, 21, 15, 1473299186),
(13, 26, 26, 1481162202),
(14, 27, 27, 1481162517),
(15, 31, 19, 1484905112),
(16, 34, 34, 1485047730),
(17, 37, 37, 1490952788),
(20, 40, 40, 1496481902),
(25, 41, 15, 1523859214);

CREATE TABLE `cmf_demotem` (
  `id` int(11) NOT NULL,
  `color` int(2) NOT NULL COMMENT '颜色',
  `type` int(2) NOT NULL COMMENT '模板类型',
  `ifcost` tinyint(1) DEFAULT '1' COMMENT '1-免费 2-商业',
  `url` varchar(100) DEFAULT NULL COMMENT '模板保存地址'
) ENGINE=MyISAM DEFAULT CHARSET=utf8 COMMENT='模板保存表';

INSERT INTO `cmf_demotem` (`id`, `color`, `type`, `ifcost`, `url`) VALUES
(1, 22, 1, 1, 'http://192.168.0.209/demo/demotemp/');

CREATE TABLE `cmf_domain` (
  `id` int(10) UNSIGNED NOT NULL,
  `domain` char(80) NOT NULL DEFAULT '' COMMENT '域名',
  `creation_time` int(10) UNSIGNED NOT NULL DEFAULT '0' COMMENT '创建时间',
  `due_time` int(10) UNSIGNED NOT NULL DEFAULT '0' COMMENT '到期时间：0永不过期',
  `module` text NOT NULL COMMENT '模块',
  `domain_user` int(10) UNSIGNED NOT NULL DEFAULT '0' COMMENT '本站超管ID'
) ENGINE=MyISAM DEFAULT CHARSET=utf8;

CREATE TABLE `cmf_download` (
  `id` mediumint(8) UNSIGNED NOT NULL,
  `catid` smallint(5) UNSIGNED NOT NULL DEFAULT '0',
  `typeid` smallint(5) UNSIGNED NOT NULL DEFAULT '0',
  `title` char(80) NOT NULL DEFAULT '',
  `style` char(24) NOT NULL DEFAULT '',
  `thumb` char(100) NOT NULL DEFAULT '',
  `keywords` char(40) NOT NULL DEFAULT '',
  `tags` varchar(255) NOT NULL DEFAULT '',
  `description` mediumtext,
  `url` char(100) NOT NULL DEFAULT '',
  `moveurl` char(100) NOT NULL COMMENT '动态url地址',
  `listorder` tinyint(3) UNSIGNED NOT NULL DEFAULT '0',
  `status` tinyint(2) UNSIGNED NOT NULL DEFAULT '1',
  `istop` tinyint(2) NOT NULL COMMENT '置顶 0否，1是',
  `recommend` tinyint(2) NOT NULL COMMENT '推荐 0否1是',
  `sysadd` tinyint(1) UNSIGNED NOT NULL DEFAULT '0',
  `islink` tinyint(1) UNSIGNED NOT NULL DEFAULT '0',
  `username` char(20) NOT NULL DEFAULT '',
  `inputtime` int(10) UNSIGNED NOT NULL DEFAULT '0',
  `updatetime` int(10) UNSIGNED NOT NULL DEFAULT '0',
  `views` int(11) NOT NULL DEFAULT '0' COMMENT '点击总数',
  `yesterdayviews` int(11) NOT NULL DEFAULT '0' COMMENT '最日',
  `dayviews` int(10) NOT NULL DEFAULT '0' COMMENT '今日点击数',
  `weekviews` int(10) NOT NULL DEFAULT '0' COMMENT '本周访问数',
  `monthviews` int(10) NOT NULL DEFAULT '0' COMMENT '本月访问',
  `viewsupdatetime` int(10) NOT NULL DEFAULT '0' COMMENT '点击数更新时间',
  `prefix` varchar(255) NOT NULL DEFAULT '',
  `seotitle` mediumtext,
  `seokeywords` mediumtext,
  `seodescription` mediumtext,
  `seourl` varchar(255) DEFAULT NULL,
  `isdelay` tinyint(1) UNSIGNED NOT NULL DEFAULT '0' COMMENT '是否推迟',
  `is_del` tinyint(1) NOT NULL DEFAULT '0'
) ENGINE=MyISAM DEFAULT CHARSET=utf8;

CREATE TABLE `cmf_download_data` (
  `id` mediumint(8) UNSIGNED NOT NULL DEFAULT '0',
  `template` varchar(30) NOT NULL DEFAULT '',
  `paytype` tinyint(1) UNSIGNED NOT NULL DEFAULT '0',
  `allow_comment` tinyint(1) UNSIGNED NOT NULL DEFAULT '1',
  `relation` varchar(255) NOT NULL DEFAULT '',
  `download` text,
  `full_content` mediumtext,
  `downfile` varchar(255) NOT NULL DEFAULT ''
) ENGINE=MyISAM DEFAULT CHARSET=utf8;

CREATE TABLE `cmf_email` (
  `id` int(11) NOT NULL,
  `email` varchar(100) NOT NULL COMMENT '留言者邮箱',
  `status` smallint(2) NOT NULL DEFAULT '1' COMMENT '留言状态，1：正常，0：删除',
  `del_time` int(10) NOT NULL COMMENT '删除时间'
) ENGINE=MyISAM DEFAULT CHARSET=utf8;

INSERT INTO `cmf_email` (`id`, `email`, `status`, `del_time`) VALUES
(1, '123@qq.com', 1, 0),
(2, '12342@qq.com', 1, 0);

CREATE TABLE `cmf_faq` (
  `id` mediumint(8) UNSIGNED NOT NULL,
  `catid` smallint(5) UNSIGNED NOT NULL DEFAULT '0',
  `typeid` smallint(5) UNSIGNED NOT NULL DEFAULT '0',
  `title` varchar(255) NOT NULL DEFAULT '',
  `style` varchar(24) NOT NULL DEFAULT '',
  `thumb` varchar(255) NOT NULL DEFAULT '',
  `description` mediumtext,
  `url` varchar(255) NOT NULL DEFAULT '',
  `listorder` tinyint(3) UNSIGNED NOT NULL DEFAULT '0',
  `status` tinyint(2) UNSIGNED NOT NULL DEFAULT '1',
  `istop` tinyint(2) UNSIGNED NOT NULL DEFAULT '0',
  `recommend` tinyint(2) UNSIGNED NOT NULL DEFAULT '0',
  `sysadd` tinyint(1) UNSIGNED NOT NULL DEFAULT '0',
  `islink` tinyint(1) UNSIGNED NOT NULL DEFAULT '0',
  `username` char(20) NOT NULL DEFAULT '',
  `inputtime` int(10) UNSIGNED NOT NULL DEFAULT '0',
  `updatetime` int(10) UNSIGNED NOT NULL DEFAULT '0',
  `views` int(11) NOT NULL DEFAULT '0' COMMENT '点击总数',
  `yesterdayviews` int(11) NOT NULL DEFAULT '0' COMMENT '最日',
  `dayviews` int(10) NOT NULL DEFAULT '0' COMMENT '今日点击数',
  `weekviews` int(10) NOT NULL DEFAULT '0' COMMENT '本周访问数',
  `monthviews` int(10) NOT NULL DEFAULT '0' COMMENT '本月访问',
  `viewsupdatetime` int(10) NOT NULL DEFAULT '0' COMMENT '点击数更新时间',
  `seotitle` varchar(110) NOT NULL DEFAULT '',
  `seokeywords` varchar(200) NOT NULL DEFAULT '',
  `seodescription` mediumtext,
  `moveurl` varchar(255) NOT NULL DEFAULT '' COMMENT '动态url地址',
  `seourl` varchar(255) NOT NULL DEFAULT '',
  `isdelay` tinyint(1) UNSIGNED NOT NULL DEFAULT '0' COMMENT '是否推迟',
  `is_del` tinyint(1) UNSIGNED NOT NULL DEFAULT '0' COMMENT '是否在回收'
) ENGINE=MyISAM DEFAULT CHARSET=utf8;

CREATE TABLE `cmf_faq_data` (
  `id` mediumint(8) UNSIGNED NOT NULL DEFAULT '0',
  `content` text,
  `paginationtype` tinyint(1) NOT NULL DEFAULT '0',
  `maxcharperpage` mediumint(6) NOT NULL DEFAULT '0',
  `template` varchar(30) NOT NULL DEFAULT '',
  `paytype` tinyint(1) UNSIGNED NOT NULL DEFAULT '0',
  `allow_comment` tinyint(1) UNSIGNED NOT NULL DEFAULT '1',
  `relation` varchar(255) NOT NULL DEFAULT ''
) ENGINE=MyISAM DEFAULT CHARSET=utf8;

CREATE TABLE `cmf_follow_us` (
  `id` smallint(5) UNSIGNED NOT NULL,
  `socially_id` varchar(36) NOT NULL,
  `socially_name` varchar(255) NOT NULL COMMENT '社交平台名称',
  `logo_url` varchar(200) NOT NULL DEFAULT '' COMMENT '图片地址',
  `socially_url` varchar(200) NOT NULL DEFAULT '' COMMENT '社交地址',
  `content` text COMMENT '描述',
  `username` varchar(255) DEFAULT NULL,
  `password` varchar(255) DEFAULT NULL
) ENGINE=MyISAM DEFAULT CHARSET=utf8;

INSERT INTO `cmf_follow_us` (`id`, `socially_id`, `socially_name`, `logo_url`, `socially_url`, `content`, `username`, `password`) VALUES
(29, 'QeFDjoYRbRW0uVqcCzgRdzGTsXPifpbNeLVB', 'linkedin', '/thinkcmf/data/upload/20160811/57abe5f647639.png', 'https://www.linkedin.com/', 'linkedin', NULL, NULL),
(30, 'CViKHlDPIYovdYvIzkLNjFeCSmRxNMDJMfNR', 'facebook', '/thinkcmf/data/upload/20160811/57ac4dfe16f30.jpg', 'https://www.linkedin.com/', 'facebook', 'admin', '123456');

CREATE TABLE `cmf_follow_us_rela` (
  `id` int(11) NOT NULL,
  `type_id` varchar(36) NOT NULL COMMENT '分类id',
  `is_show` int(11) NOT NULL COMMENT '0-显示 1-不显示',
  `socially_id` varchar(36) NOT NULL COMMENT '社交平台ID'
) ENGINE=MyISAM DEFAULT CHARSET=utf8;

INSERT INTO `cmf_follow_us_rela` (`id`, `type_id`, `is_show`, `socially_id`) VALUES
(23, 'FI0lVtdteMUxrFmHaxOHzwcgSIXeqpmWHcul', 0, 'CViKHlDPIYovdYvIzkLNjFeCSmRxNMDJMfNR'),
(22, 'FI0lVtdteMUxrFmHaxOHzwcgSIXeqpmWHcul', 0, 'QeFDjoYRbRW0uVqcCzgRdzGTsXPifpbNeLVB');

CREATE TABLE `cmf_google_api` (
  `id` int(20) NOT NULL,
  `key` varchar(255) NOT NULL,
  `cx` varchar(255) NOT NULL
) ENGINE=MyISAM DEFAULT CHARSET=utf8;

INSERT INTO `cmf_google_api` (`id`, `key`, `cx`) VALUES
(1, 'AIzaSyCmsDqmScSy2TNVbRRxDxll2RWTt3TxyzQ', '014669375805372418625:hpevqrxmf-0'),
(2, 'AIzaSyDE3iv2Oi7dvJFgB14oyb6-6QeD-7YNNIY', '007596137184564669798:vieduydhj9w');

CREATE TABLE `cmf_gslc` (
  `id` mediumint(8) UNSIGNED NOT NULL,
  `catid` smallint(5) UNSIGNED NOT NULL DEFAULT '0',
  `typeid` smallint(5) UNSIGNED NOT NULL DEFAULT '0',
  `title` varchar(255) NOT NULL DEFAULT '',
  `style` varchar(24) NOT NULL DEFAULT '',
  `thumb` varchar(255) NOT NULL DEFAULT '',
  `description` varchar(255) NOT NULL DEFAULT '',
  `url` varchar(255) NOT NULL DEFAULT '',
  `listorder` tinyint(3) UNSIGNED NOT NULL DEFAULT '0',
  `status` tinyint(2) UNSIGNED NOT NULL DEFAULT '1',
  `istop` tinyint(2) UNSIGNED NOT NULL DEFAULT '0',
  `recommend` tinyint(2) UNSIGNED NOT NULL DEFAULT '0',
  `sysadd` tinyint(1) UNSIGNED NOT NULL DEFAULT '0',
  `islink` tinyint(1) UNSIGNED NOT NULL DEFAULT '0',
  `username` char(20) NOT NULL DEFAULT '',
  `inputtime` int(10) UNSIGNED NOT NULL DEFAULT '0',
  `updatetime` int(10) UNSIGNED NOT NULL DEFAULT '0',
  `views` int(11) NOT NULL DEFAULT '0' COMMENT '点击总数',
  `yesterdayviews` int(11) NOT NULL DEFAULT '0' COMMENT '最日',
  `dayviews` int(10) NOT NULL DEFAULT '0' COMMENT '今日点击数',
  `weekviews` int(10) NOT NULL DEFAULT '0' COMMENT '本周访问数',
  `monthviews` int(10) NOT NULL DEFAULT '0' COMMENT '本月访问',
  `viewsupdatetime` int(10) NOT NULL DEFAULT '0' COMMENT '点击数更新时间',
  `seotitle` varchar(255) NOT NULL DEFAULT '',
  `seokeywords` varchar(255) NOT NULL DEFAULT '',
  `seodescription` varchar(255) NOT NULL DEFAULT '',
  `moveurl` varchar(255) NOT NULL DEFAULT '' COMMENT '动态url地址',
  `seourl` varchar(255) NOT NULL DEFAULT '',
  `isdelay` tinyint(1) UNSIGNED NOT NULL DEFAULT '0' COMMENT '是否推迟',
  `is_del` tinyint(1) UNSIGNED NOT NULL DEFAULT '0' COMMENT '是否在回收'
) ENGINE=MyISAM DEFAULT CHARSET=utf8;

CREATE TABLE `cmf_gslc_data` (
  `id` mediumint(8) UNSIGNED NOT NULL DEFAULT '0',
  `content` text,
  `paginationtype` tinyint(1) NOT NULL DEFAULT '0',
  `maxcharperpage` mediumint(6) NOT NULL DEFAULT '0',
  `template` varchar(30) NOT NULL DEFAULT '',
  `paytype` tinyint(1) UNSIGNED NOT NULL DEFAULT '0',
  `allow_comment` tinyint(1) UNSIGNED NOT NULL DEFAULT '1',
  `relation` varchar(255) NOT NULL DEFAULT '',
  `tzurl` varchar(255) NOT NULL DEFAULT '',
  `copyfrom` varchar(255) NOT NULL DEFAULT ''
) ENGINE=MyISAM DEFAULT CHARSET=utf8;

CREATE TABLE `cmf_guanjianzi` (
  `id` mediumint(8) UNSIGNED NOT NULL,
  `catid` smallint(5) UNSIGNED NOT NULL DEFAULT '0',
  `typeid` smallint(5) UNSIGNED NOT NULL DEFAULT '0',
  `title` varchar(255) NOT NULL DEFAULT '',
  `style` varchar(24) NOT NULL DEFAULT '',
  `thumb` varchar(255) NOT NULL DEFAULT '',
  `description` varchar(255) NOT NULL DEFAULT '',
  `url` varchar(255) NOT NULL DEFAULT '',
  `listorder` tinyint(3) UNSIGNED NOT NULL DEFAULT '0',
  `status` tinyint(2) UNSIGNED NOT NULL DEFAULT '1',
  `istop` tinyint(2) UNSIGNED NOT NULL DEFAULT '0',
  `recommend` tinyint(2) UNSIGNED NOT NULL DEFAULT '0',
  `sysadd` tinyint(1) UNSIGNED NOT NULL DEFAULT '0',
  `islink` tinyint(1) UNSIGNED NOT NULL DEFAULT '0',
  `username` char(20) NOT NULL DEFAULT '',
  `inputtime` int(10) UNSIGNED NOT NULL DEFAULT '0',
  `updatetime` int(10) UNSIGNED NOT NULL DEFAULT '0',
  `views` int(11) NOT NULL DEFAULT '0' COMMENT '点击总数',
  `yesterdayviews` int(11) NOT NULL DEFAULT '0' COMMENT '最日',
  `dayviews` int(10) NOT NULL DEFAULT '0' COMMENT '今日点击数',
  `weekviews` int(10) NOT NULL DEFAULT '0' COMMENT '本周访问数',
  `monthviews` int(10) NOT NULL DEFAULT '0' COMMENT '本月访问',
  `viewsupdatetime` int(10) NOT NULL DEFAULT '0' COMMENT '点击数更新时间',
  `seotitle` varchar(255) NOT NULL DEFAULT '',
  `seokeywords` varchar(255) NOT NULL DEFAULT '',
  `seodescription` varchar(255) NOT NULL DEFAULT '',
  `moveurl` varchar(255) NOT NULL DEFAULT '' COMMENT '动态url地址',
  `seourl` varchar(255) NOT NULL DEFAULT '',
  `isdelay` tinyint(1) UNSIGNED NOT NULL DEFAULT '0' COMMENT '是否推迟',
  `is_del` tinyint(1) UNSIGNED NOT NULL DEFAULT '0' COMMENT '是否在回收'
) ENGINE=MyISAM DEFAULT CHARSET=utf8;

CREATE TABLE `cmf_guanjianzi_data` (
  `id` mediumint(8) UNSIGNED NOT NULL DEFAULT '0',
  `content` text,
  `paginationtype` tinyint(1) NOT NULL DEFAULT '0',
  `maxcharperpage` mediumint(6) NOT NULL DEFAULT '0',
  `template` varchar(30) NOT NULL DEFAULT '',
  `paytype` tinyint(1) UNSIGNED NOT NULL DEFAULT '0',
  `allow_comment` tinyint(1) UNSIGNED NOT NULL DEFAULT '1',
  `relation` varchar(255) NOT NULL DEFAULT '',
  `tzurl` varchar(255) NOT NULL DEFAULT '',
  `copyfrom` varchar(255) NOT NULL DEFAULT ''
) ENGINE=MyISAM DEFAULT CHARSET=utf8;

CREATE TABLE `cmf_guestbook` (
  `id` int(11) NOT NULL,
  `full_name` varchar(50) NOT NULL COMMENT '留言者姓名',
  `email` varchar(100) NOT NULL COMMENT '留言者邮箱',
  `title` varchar(255) DEFAULT '' COMMENT '留言标题',
  `msg` text NOT NULL COMMENT '留言内容',
  `company_name` varchar(200) NOT NULL DEFAULT '' COMMENT '公司名称',
  `tel` varchar(20) NOT NULL DEFAULT '' COMMENT '电话',
  `fax` varchar(20) NOT NULL DEFAULT '' COMMENT '传真',
  `address` varchar(200) NOT NULL DEFAULT '' COMMENT '地址',
  `pid` text NOT NULL COMMENT '产品',
  `createtime` datetime NOT NULL COMMENT '留言时间',
  `salesman` char(20) NOT NULL DEFAULT '',
  `content` varchar(255) NOT NULL DEFAULT '' COMMENT '管理员备注',
  `status` smallint(2) NOT NULL DEFAULT '1' COMMENT '留言状态，1：正常，0：删除',
  `del_time` int(10) NOT NULL COMMENT '删除时间',
  `from_country` varchar(255) NOT NULL DEFAULT '' COMMENT '询盘客户来自哪个国家',
  `from_country_ip` varchar(100) NOT NULL DEFAULT '中国' COMMENT '客户IP',
  `type` tinyint(1) NOT NULL COMMENT '0:联系我们,1:底部,2:详情,3:侧栏',
  `file` varchar(255) DEFAULT NULL COMMENT '附件URL'
) ENGINE=MyISAM DEFAULT CHARSET=utf8;

CREATE TABLE `cmf_guestbook_data` (
  `id` int(11) NOT NULL,
  `guestbook_group_id` int(11) NOT NULL COMMENT 'guestbook_group ID',
  `fieldid` int(11) NOT NULL COMMENT 'guestbook_field ID 选择了哪个字段',
  `if_show` tinyint(1) NOT NULL DEFAULT '2' COMMENT '1-显示 2-不显示',
  `if_require` tinyint(1) NOT NULL DEFAULT '2' COMMENT '是否必须  1-必须 2-否',
  `addtime` int(11) DEFAULT NULL COMMENT '添加时间'
) ENGINE=MyISAM DEFAULT CHARSET=utf8 COMMENT='询盘所需字段表';

INSERT INTO `cmf_guestbook_data` (`id`, `guestbook_group_id`, `fieldid`, `if_show`, `if_require`, `addtime`) VALUES
(1, 1, 1, 2, 2, 1468830651),
(2, 1, 2, 1, 1, 1468830651),
(3, 1, 3, 2, 2, 1468830651),
(4, 1, 4, 2, 2, 1468830651),
(5, 1, 5, 2, 2, 1468830651),
(6, 1, 6, 2, 2, 1468830651),
(7, 1, 7, 2, 2, 1468830651),
(8, 1, 8, 2, 2, 1468830651),
(9, 1, 9, 2, 2, 1468830651),
(20, 1, 11, 2, 2, 1468830651),
(19, 1, 10, 2, 2, 1468830651),
(21, 2, 1, 1, 1, 1468830651),
(22, 2, 2, 2, 2, 1468830651),
(23, 2, 3, 1, 2, 1468830651),
(24, 2, 4, 2, 2, 1468830651),
(25, 2, 5, 1, 1, 1468830651),
(26, 2, 6, 2, 2, 1468830651),
(27, 2, 7, 1, 1, 1468830651),
(28, 2, 8, 2, 2, 1468830651),
(29, 2, 9, 1, 1, 1468830651),
(30, 2, 10, 2, 2, 1468830651),
(31, 2, 11, 1, 1, 1468830651);

CREATE TABLE `cmf_guestbook_field` (
  `id` int(11) NOT NULL,
  `name` varchar(50) NOT NULL COMMENT '字段名',
  `desc` varchar(50) DEFAULT NULL,
  `url` varchar(100) DEFAULT NULL COMMENT '验证码地址'
) ENGINE=MyISAM DEFAULT CHARSET=utf8 COMMENT='询盘显示字段管理表';

INSERT INTO `cmf_guestbook_field` (`id`, `name`, `desc`, `url`) VALUES
(1, 'full_name', '询盘人姓名', NULL),
(2, 'email', '询盘人邮箱', NULL),
(3, 'title', '标题', NULL),
(4, 'msg', '内容', NULL),
(5, 'company_name', '公司名称', NULL),
(6, 'tel', '电话', NULL),
(7, 'fax', '传真', NULL),
(8, 'address', '地址', NULL),
(9, 'from_country', '国家', NULL),
(10, 'verify', '验证码', NULL),
(11, 'file', '附件', NULL),
(12, 'pid', '产品', NULL);

CREATE TABLE `cmf_guestbook_group` (
  `id` int(11) NOT NULL,
  `name` varchar(50) NOT NULL COMMENT '询盘类型 ：footer , 其他',
  `addtime` int(11) NOT NULL COMMENT '添加时间'
) ENGINE=MyISAM DEFAULT CHARSET=utf8 COMMENT='询盘类别表';

INSERT INTO `cmf_guestbook_group` (`id`, `name`, `addtime`) VALUES
(1, 'footer询盘', 1468830651),
(2, '边栏询盘', 1468889825);

CREATE TABLE `cmf_guestbook_set` (
  `id` int(10) UNSIGNED NOT NULL,
  `zkey` varchar(255) NOT NULL DEFAULT '' COMMENT '标识',
  `zvalue` longtext COMMENT '值'
) ENGINE=MyISAM DEFAULT CHARSET=utf8;

INSERT INTO `cmf_guestbook_set` (`id`, `zkey`, `zvalue`) VALUES
(1, 'fenpei', '2'),
(2, 'yangshi', '1');

CREATE TABLE `cmf_help_document` (
  `id` bigint(20) UNSIGNED NOT NULL,
  `post_author` bigint(20) UNSIGNED DEFAULT '0' COMMENT '发表者id',
  `post_date` datetime DEFAULT '2000-01-01 00:00:00' COMMENT 'post创建日期，永久不变，一般不显示给用户',
  `post_content` longtext COMMENT 'post内容',
  `post_title` text COMMENT 'post标题',
  `post_modified` datetime DEFAULT '2000-01-01 00:00:00' COMMENT 'post更新时间，可在前台修改，显示给用户',
  `post_content_filtered` longtext,
  `post_type` int(2) DEFAULT NULL,
  `listorder` int(5) NOT NULL DEFAULT '0' COMMENT '排序'
) ENGINE=MyISAM DEFAULT CHARSET=utf8;

INSERT INTO `cmf_help_document` (`id`, `post_author`, `post_date`, `post_content`, `post_title`, `post_modified`, `post_content_filtered`, `post_type`, `listorder`) VALUES
(26, 1, '2018-04-17 10:11:20', '<p style=\"font-family: &quot;Microsoft YaHei&quot;; font-size: medium; white-space: normal;\">2.1一级产品分类的添加</p><p style=\"font-family: &quot;Microsoft YaHei&quot;; font-size: medium; white-space: normal;\">2.1.1 点击左侧的”网站管理”--“栏目管理”--“添加栏目”</p><p><img src=\"http://localhost/xxm/operationdoc/image/fenlei.png\"/><span style=\"font-family: &quot;Microsoft YaHei&quot;; font-size: medium;\">2.1.2 选择栏目模型（产品）---选择上级栏目（Products）---填写栏目名称---栏目目录---关键词---（可批量添加或者单条添加）&nbsp;</span></p><p><span style=\"font-family: &quot;Microsoft YaHei&quot;; font-size: medium;\"><img src=\"http://localhost/xxm/operationdoc/image/fenlei_xq1.png\"/></span></p><p><span style=\"font-family: &quot;Microsoft YaHei&quot;; font-size: medium;\"><span style=\"font-family: &quot;Microsoft YaHei&quot;; font-size: medium;\">可批量添加栏目，填写栏目名称，栏目目录，栏目页面关键词，如下图，已经添加了两个栏目，如果还需增加栏目，点击“添加”按钮，便出现新的一组“栏目名称，栏目目录，栏目页面关键词”。</span></span></p><p><span style=\"font-family: &quot;Microsoft YaHei&quot;; font-size: medium;\"><img src=\"http://localhost/xxm/operationdoc/image/fenlei_xq2.png\"/></span></p><p><span style=\"font-family: &quot;Microsoft YaHei&quot;; font-size: medium;\"><span style=\"font-family: &quot;Microsoft YaHei&quot;; font-size: medium;\">2.1.3 单个栏目的关键词设置</span></span></p><p><span style=\"font-family: &quot;Microsoft YaHei&quot;; font-size: medium;\"><img src=\"http://localhost/xxm/operationdoc/image/fenlei_xq3.png\"/></span></p><p><span style=\"font-family: &quot;Microsoft YaHei&quot;; font-size: medium;\"></span></p><p style=\"font-family: &quot;Microsoft YaHei&quot;; font-size: medium; white-space: normal;\">【栏目目录（英文目录）的正确写法是例如：LED Panel Light 那么栏目目录的正确写法是 led-panel-light】</p><p style=\"font-family: &quot;Microsoft YaHei&quot;; font-size: medium; white-space: normal;\">【***产品名称的首字母都要大写 目录要小写】</p><p style=\"font-family: &quot;Microsoft YaHei&quot;; font-size: medium; white-space: normal;\">【栏目目录单词之间一定要加“-”中杠线】</p><p style=\"font-family: &quot;Microsoft YaHei&quot;; font-size: medium; white-space: normal;\">【TDK中不要有特殊字符，如引号等】</p><p style=\"font-family: &quot;Microsoft YaHei&quot;; font-size: medium; white-space: normal;\">备注：产品二级分类的添加和这是一模一样的</p>', '2. 如何添加栏目、产品分类？', '2000-01-01 00:00:00', NULL, 9, 0),
(25, 1, '2018-04-17 10:09:34', '<p style=\"font-family: &quot;Microsoft YaHei&quot;; font-size: medium; white-space: normal;\">输入网址：域名/admin</p><p style=\"font-family: &quot;Microsoft YaHei&quot;; font-size: medium; white-space: normal;\">输入用户名、密码、验证码，登录即可。</p>', '1. 如何登录后台', '2000-01-01 00:00:00', NULL, 9, 0),
(27, 1, '2018-04-17 10:16:21', '<p><span style=\"font-family: &quot;Microsoft YaHei&quot;; font-size: medium;\">步骤一：点击左上方的“网站管理”--“产品管理”--“Products”---点击要添加产品的栏目---点击“添加内容”。如需修改的话，点击产品列表中相应产品右侧“编辑”即可。&nbsp;</span></p><p><img src=\"http://localhost/xxm/operationdoc/image/chanpin1.png\"/></p><p><span style=\"font-family: &quot;Microsoft YaHei&quot;; font-size: medium;\">步骤二： 必填项为：产品名称， seourl, SEO标题，SEO 关键字，SEO 描述，(①seourl可根据产品名称自动生成，生成规则为：大写字母变为小写字母，空格用中杠替换。如果产品名称中有特殊符号，请根据实际情况适当调整，要保证路径内没有空格否则出现页面打不开的情况②SEO标题，关键字，描述这里就是咱们谷歌抓取咱们的产品的主要信息，可布置关于产品的关键词和简单的产品描述可加上咱们的关键词③填写您简单的对于新闻的简述)产品型号，摘要，轮播图，摘要，产品描述，上传缩略图, 添加相关产品，可选择发布时间。图片的大小请处理为 xxxx&nbsp;</span></p><p><img src=\"http://localhost/xxm/operationdoc/image/chanpin2.png\"/><img src=\"http://localhost/xxm/operationdoc/image/chanpin3.png\"/></p>', '3.1 如何添加产品？', '2000-01-01 00:00:00', NULL, 10, 0);

CREATE TABLE `cmf_help_document_type` (
  `term_id` bigint(20) UNSIGNED NOT NULL COMMENT '分类id',
  `name` varchar(200) DEFAULT NULL COMMENT '分类名称',
  `parent` bigint(20) UNSIGNED DEFAULT '0' COMMENT '分类父id',
  `path` varchar(500) DEFAULT NULL COMMENT '分类层级关系路径',
  `listorder` int(5) NOT NULL DEFAULT '0' COMMENT '排序',
  `status` int(2) NOT NULL DEFAULT '1' COMMENT '状态，1发布，0不发布',
  `content` text COMMENT '内容',
  `type` int(1) NOT NULL DEFAULT '1' COMMENT '1 菜单 ， 2 列表',
  `content_type` int(1) NOT NULL DEFAULT '1' COMMENT '1 常用  2 不常用'
) ENGINE=MyISAM DEFAULT CHARSET=utf8;

INSERT INTO `cmf_help_document_type` (`term_id`, `name`, `parent`, `path`, `listorder`, `status`, `content`, `type`, `content_type`) VALUES
(9, '第一部分  网站管理', 0, '0-9', 0, 0, NULL, 1, 1),
(25, '其他', 0, '0-25', 0, 0, '<p>123123</p>', 1, 2),
(26, '示例', 25, '0-25-26', 0, 0, '<p>13123123123</p>', 2, 2);

CREATE TABLE `cmf_keywords_list` (
  `id` int(10) UNSIGNED NOT NULL,
  `keyword_id` varchar(255) NOT NULL COMMENT '关键词ID',
  `keyword` varchar(255) NOT NULL COMMENT '关键词',
  `gmt_create` datetime DEFAULT NULL COMMENT '创建时间'
) ENGINE=MyISAM DEFAULT CHARSET=utf8;

CREATE TABLE `cmf_keyword_project` (
  `id` tinyint(3) UNSIGNED NOT NULL,
  `pro_id` varchar(255) DEFAULT NULL COMMENT '项目id',
  `name` varchar(255) DEFAULT NULL COMMENT '项目名称',
  `domain` varchar(255) DEFAULT NULL COMMENT '域名',
  `status` tinyint(3) UNSIGNED DEFAULT NULL COMMENT '项目状态：1表示正在使用，0表示已经删除',
  `gmt_create` datetime DEFAULT NULL COMMENT '创建时间',
  `gmt_modified` datetime DEFAULT NULL COMMENT '修改时间'
) ENGINE=MyISAM DEFAULT CHARSET=utf8;

CREATE TABLE `cmf_langset` (
  `id` tinyint(4) NOT NULL,
  `lsign` char(100) NOT NULL DEFAULT '' COMMENT '语种标识',
  `lname` char(100) NOT NULL DEFAULT '' COMMENT '语种描述',
  `def` tinyint(4) NOT NULL DEFAULT '0' COMMENT '默认语言',
  `status` tinyint(4) NOT NULL DEFAULT '0' COMMENT '状态:1：以启用，0：未启用'
) ENGINE=MyISAM DEFAULT CHARSET=utf8;

INSERT INTO `cmf_langset` (`id`, `lsign`, `lname`, `def`, `status`) VALUES
(1, 'zh-cn', '中文', 0, 1),
(2, 'en-us', '英文', 1, 1),
(3, 'fg-fh', '法文', 0, 0);

CREATE TABLE `cmf_links` (
  `link_id` bigint(20) UNSIGNED NOT NULL,
  `link_url` varchar(255) NOT NULL COMMENT '友情链接地址',
  `link_name` varchar(255) NOT NULL COMMENT '友情链接名称',
  `link_image` varchar(255) DEFAULT NULL COMMENT '友情链接图标',
  `link_target` varchar(25) NOT NULL DEFAULT '_blank' COMMENT '友情链接打开方式',
  `link_description` text NOT NULL COMMENT '友情链接描述',
  `link_time` datetime DEFAULT NULL COMMENT '友情链接添加时间',
  `link_status` int(2) NOT NULL DEFAULT '1' COMMENT '状态，1显示，0不显示',
  `link_rating` int(11) NOT NULL DEFAULT '0' COMMENT '友情链接评级',
  `link_rel` varchar(255) DEFAULT NULL COMMENT '链接与网站的关系',
  `listorder` int(10) NOT NULL DEFAULT '0' COMMENT '排序'
) ENGINE=MyISAM DEFAULT CHARSET=utf8;

CREATE TABLE `cmf_locking` (
  `userid` int(11) NOT NULL COMMENT '用户ID',
  `username` varchar(30) NOT NULL DEFAULT '' COMMENT '用户名',
  `catid` smallint(5) NOT NULL DEFAULT '0' COMMENT '栏目ID',
  `id` mediumint(8) NOT NULL DEFAULT '0' COMMENT '信息ID',
  `locktime` int(10) NOT NULL DEFAULT '0' COMMENT '锁定时间'
) ENGINE=MyISAM DEFAULT CHARSET=utf8;

INSERT INTO `cmf_locking` (`userid`, `username`, `catid`, `id`, `locktime`) VALUES
(1, 'ReaNod68', 136, 180, 1532576825);

CREATE TABLE `cmf_menu` (
  `id` smallint(6) UNSIGNED NOT NULL,
  `parentid` smallint(6) UNSIGNED NOT NULL DEFAULT '0',
  `app` char(20) NOT NULL COMMENT '应用名称app',
  `model` char(20) NOT NULL COMMENT '控制器',
  `action` char(20) NOT NULL COMMENT '操作名称',
  `data` char(50) NOT NULL COMMENT '额外参数',
  `type` tinyint(1) NOT NULL DEFAULT '0' COMMENT '菜单类型  1：权限认证+菜单；0：只作为菜单',
  `status` tinyint(1) UNSIGNED NOT NULL DEFAULT '0' COMMENT '状态，1显示，0不显示',
  `name` varchar(50) NOT NULL COMMENT '菜单名称',
  `icon` varchar(50) DEFAULT NULL COMMENT '菜单图标',
  `remark` varchar(255) NOT NULL COMMENT '备注',
  `listorder` smallint(6) UNSIGNED NOT NULL DEFAULT '0' COMMENT '排序ID'
) ENGINE=MyISAM DEFAULT CHARSET=utf8;

INSERT INTO `cmf_menu` (`id`, `parentid`, `app`, `model`, `action`, `data`, `type`, `status`, `name`, `icon`, `remark`, `listorder`) VALUES
(1, 0, 'Admin', 'Content', 'default', '', 0, 0, '内容管理', 'th', '', 30),
(2, 339, 'Api', 'Guestbookadmin', 'index', '', 1, 1, '询盘管理', '', '', 0),
(3, 2, 'Api', 'Guestbookadmin', 'delete', '', 1, 0, '删除网站留言', '', '', 0),
(4, 1, 'Comment', 'Commentadmin', 'index', '', 1, 1, '评论管理', '', '', 0),
(5, 4, 'Comment', 'Commentadmin', 'delete', '', 1, 0, '删除评论', '', '', 0),
(6, 4, 'Comment', 'Commentadmin', 'check', '', 1, 0, '评论审核', '', '', 0),
(7, 1, 'Portal', 'AdminPost', 'index', '', 1, 1, '文章管理', '', '', 1),
(8, 7, 'Portal', 'AdminPost', 'listorders', '', 1, 0, '文章排序', '', '', 0),
(9, 7, 'Portal', 'AdminPost', 'top', '', 1, 0, '文章置顶', '', '', 0),
(10, 7, 'Portal', 'AdminPost', 'recommend', '', 1, 0, '文章推荐', '', '', 0),
(11, 7, 'Portal', 'AdminPost', 'move', '', 1, 0, '批量移动', '', '', 1000),
(12, 7, 'Portal', 'AdminPost', 'check', '', 1, 0, '文章审核', '', '', 1000),
(13, 7, 'Portal', 'AdminPost', 'delete', '', 1, 0, '删除文章', '', '', 1000),
(14, 7, 'Portal', 'AdminPost', 'edit', '', 1, 0, '编辑文章', '', '', 1000),
(15, 14, 'Portal', 'AdminPost', 'edit_post', '', 1, 0, '提交编辑', '', '', 0),
(16, 7, 'Portal', 'AdminPost', 'add', '', 1, 0, '添加文章', '', '', 1000),
(17, 16, 'Portal', 'AdminPost', 'add_post', '', 1, 0, '提交添加', '', '', 0),
(18, 333, 'Content', 'Category', 'index', '', 0, 1, '栏目管理', '', '', 1),
(19, 18, 'Content', 'Category', 'listorders', '', 1, 0, '文章分类排序', '', '', 0),
(20, 18, 'Content', 'Category', 'delete', '', 1, 0, '删除分类', '', '', 1000),
(21, 18, 'Content', 'Category', 'edit', '', 1, 0, '编辑分类', '', '', 1000),
(22, 21, 'Content', 'Category', 'edit_post', '', 1, 0, '提交编辑', '', '', 0),
(23, 18, 'Content', 'Category', 'add', '', 1, 0, '添加分类', '', '', 1000),
(24, 23, 'Content', 'Category', 'add_post', '', 1, 0, '提交添加', '', '', 0),
(25, 1, 'Portal', 'AdminPage', 'index', '', 1, 1, '页面管理', '', '', 3),
(26, 25, 'Portal', 'AdminPage', 'listorders', '', 1, 0, '页面排序', '', '', 0),
(27, 25, 'Portal', 'AdminPage', 'delete', '', 1, 0, '删除页面', '', '', 1000),
(28, 25, 'Portal', 'AdminPage', 'edit', '', 1, 0, '编辑页面', '', '', 1000),
(29, 28, 'Portal', 'AdminPage', 'edit_post', '', 1, 0, '提交编辑', '', '', 0),
(30, 25, 'Portal', 'AdminPage', 'add', '', 1, 0, '添加页面', '', '', 1000),
(31, 30, 'Portal', 'AdminPage', 'add_post', '', 1, 0, '提交添加', '', '', 0),
(32, 0, 'Admin', 'Recycle', 'default', '', 1, 0, '回收站', '', '', 10),
(33, 32, 'Portal', 'AdminPost', 'recyclebin', '', 1, 1, '文章回收', '', '', 0),
(34, 33, 'Portal', 'AdminPost', 'restore', '', 1, 0, '文章还原', '', '', 1000),
(35, 33, 'Portal', 'AdminPost', 'clean', '', 1, 0, '彻底删除', '', '', 1000),
(36, 32, 'Portal', 'AdminPage', 'recyclebin', '', 1, 1, '页面回收', '', '', 1),
(37, 36, 'Portal', 'AdminPage', 'clean', '', 1, 0, '彻底删除', '', '', 1000),
(38, 36, 'Portal', 'AdminPage', 'restore', '', 1, 0, '页面还原', '', '', 1000),
(39, 0, 'Admin', 'Extension', 'default', '', 0, 0, '扩展工具', 'cloud', '', 40),
(40, 0, 'Admin', 'Backup', 'default', '', 1, 0, '备份恢复', '', '', 9),
(41, 40, 'Admin', 'Backup', 'restore', '', 1, 1, '数据还原', '', '', 0),
(42, 40, 'Admin', 'Backup', 'index', '', 1, 1, '数据备份', '', '', 0),
(43, 42, 'Admin', 'Backup', 'index_post', '', 1, 0, '提交数据备份', '', '', 0),
(44, 40, 'Admin', 'Backup', 'download', '', 1, 0, '下载备份', '', '', 1000),
(45, 40, 'Admin', 'Backup', 'del_backup', '', 1, 0, '删除备份', '', '', 1000),
(46, 40, 'Admin', 'Backup', 'import', '', 1, 0, '数据备份导入', '', '', 1000),
(47, 39, 'Admin', 'Plugin', 'index', '', 1, 1, '插件管理', '', '', 0),
(48, 47, 'Admin', 'Plugin', 'toggle', '', 1, 0, '插件启用切换', '', '', 0),
(49, 47, 'Admin', 'Plugin', 'setting', '', 1, 0, '插件设置', '', '', 0),
(50, 49, 'Admin', 'Plugin', 'setting_post', '', 1, 0, '插件设置提交', '', '', 0),
(51, 47, 'Admin', 'Plugin', 'install', '', 1, 0, '插件安装', '', '', 0),
(52, 47, 'Admin', 'Plugin', 'uninstall', '', 1, 0, '插件卸载', '', '', 0),
(53, 39, 'Admin', 'Slide', 'default', '', 1, 1, '幻灯片', '', '', 1),
(54, 53, 'Admin', 'Slide', 'index', '', 1, 1, '幻灯片管理', '', '', 0),
(55, 54, 'Admin', 'Slide', 'listorders', '', 1, 0, '幻灯片排序', '', '', 0),
(56, 54, 'Admin', 'Slide', 'toggle', '', 1, 0, '幻灯片显示切换', '', '', 0),
(57, 54, 'Admin', 'Slide', 'delete', '', 1, 0, '删除幻灯片', '', '', 1000),
(58, 54, 'Admin', 'Slide', 'edit', '', 1, 0, '编辑幻灯片', '', '', 1000),
(59, 58, 'Admin', 'Slide', 'edit_post', '', 1, 0, '提交编辑', '', '', 0),
(60, 54, 'Admin', 'Slide', 'add', '', 1, 0, '添加幻灯片', '', '', 1000),
(61, 60, 'Admin', 'Slide', 'add_post', '', 1, 0, '提交添加', '', '', 0),
(62, 53, 'Admin', 'Slidecat', 'index', '', 1, 1, '幻灯片分类', '', '', 0),
(63, 62, 'Admin', 'Slidecat', 'delete', '', 1, 0, '删除分类', '', '', 1000),
(64, 62, 'Admin', 'Slidecat', 'edit', '', 1, 0, '编辑分类', '', '', 1000),
(65, 64, 'Admin', 'Slidecat', 'edit_post', '', 1, 0, '提交编辑', '', '', 0),
(66, 62, 'Admin', 'Slidecat', 'add', '', 1, 0, '添加分类', '', '', 1000),
(67, 66, 'Admin', 'Slidecat', 'add_post', '', 1, 0, '提交添加', '', '', 0),
(68, 39, 'Admin', 'Ad', 'index', '', 1, 1, '网站广告', '', '', 2),
(69, 68, 'Admin', 'Ad', 'toggle', '', 1, 0, '广告显示切换', '', '', 0),
(70, 68, 'Admin', 'Ad', 'delete', '', 1, 0, '删除广告', '', '', 1000),
(71, 68, 'Admin', 'Ad', 'edit', '', 1, 0, '编辑广告', '', '', 1000),
(72, 71, 'Admin', 'Ad', 'edit_post', '', 1, 0, '提交编辑', '', '', 0),
(73, 68, 'Admin', 'Ad', 'add', '', 1, 0, '添加广告', '', '', 1000),
(74, 73, 'Admin', 'Ad', 'add_post', '', 1, 0, '提交添加', '', '', 0),
(75, 333, 'Admin', 'Link', 'index', '', 0, 1, '友链管理', '', '', 1),
(76, 75, 'Admin', 'Link', 'listorders', '', 1, 0, '友情链接排序', '', '', 0),
(77, 75, 'Admin', 'Link', 'toggle', '', 1, 0, '友链显示切换', '', '', 0),
(78, 75, 'Admin', 'Link', 'delete', '', 1, 0, '删除友情链接', '', '', 1000),
(79, 75, 'Admin', 'Link', 'edit', '', 1, 0, '编辑友情链接', '', '', 1000),
(80, 79, 'Admin', 'Link', 'edit_post', '', 1, 0, '提交编辑', '', '', 0),
(81, 75, 'Admin', 'Link', 'add', '', 1, 0, '添加友情链接', '', '', 1000),
(82, 81, 'Admin', 'Link', 'add_post', '', 1, 0, '提交添加', '', '', 0),
(83, 39, 'Api', 'Oauthadmin', 'setting', '', 1, 1, '第三方登陆', 'leaf', '', 4),
(84, 83, 'Api', 'Oauthadmin', 'setting_post', '', 1, 0, '提交设置', '', '', 0),
(85, 0, 'Admin', 'Menu', 'default', '', 1, 1, '菜单管理', 'list', '', 20),
(86, 85, 'Admin', 'Navcat', 'default1', '', 1, 1, '前台菜单', '', '', 0),
(87, 86, 'Admin', 'Nav', 'index', '', 1, 1, '菜单管理', '', '', 0),
(88, 87, 'Admin', 'Nav', 'listorders', '', 1, 0, '前台导航排序', '', '', 0),
(89, 87, 'Admin', 'Nav', 'delete', '', 1, 0, '删除菜单', '', '', 1000),
(90, 87, 'Admin', 'Nav', 'edit', '', 1, 0, '编辑菜单', '', '', 1000),
(91, 90, 'Admin', 'Nav', 'edit_post', '', 1, 0, '提交编辑', '', '', 0),
(92, 87, 'Admin', 'Nav', 'add', '', 1, 0, '添加菜单', '', '', 1000),
(93, 92, 'Admin', 'Nav', 'add_post', '', 1, 0, '提交添加', '', '', 0),
(94, 86, 'Admin', 'Navcat', 'index', '', 1, 1, '菜单分类', '', '', 0),
(95, 94, 'Admin', 'Navcat', 'delete', '', 1, 0, '删除分类', '', '', 1000),
(96, 94, 'Admin', 'Navcat', 'edit', '', 1, 0, '编辑分类', '', '', 1000),
(97, 96, 'Admin', 'Navcat', 'edit_post', '', 1, 0, '提交编辑', '', '', 0),
(98, 94, 'Admin', 'Navcat', 'add', '', 1, 0, '添加分类', '', '', 1000),
(99, 98, 'Admin', 'Navcat', 'add_post', '', 1, 0, '提交添加', '', '', 0),
(100, 85, 'Admin', 'Menu', 'index', '', 1, 1, '后台菜单', '', '', 0),
(101, 100, 'Admin', 'Menu', 'add', '', 1, 0, '添加菜单', '', '', 0),
(102, 101, 'Admin', 'Menu', 'add_post', '', 1, 0, '提交添加', '', '', 0),
(103, 100, 'Admin', 'Menu', 'listorders', '', 1, 0, '后台菜单排序', '', '', 0),
(104, 100, 'Admin', 'Menu', 'export_menu', '', 1, 0, '菜单备份', '', '', 1000),
(105, 100, 'Admin', 'Menu', 'edit', '', 1, 0, '编辑菜单', '', '', 1000),
(106, 105, 'Admin', 'Menu', 'edit_post', '', 1, 0, '提交编辑', '', '', 0),
(107, 100, 'Admin', 'Menu', 'delete', '', 1, 0, '删除菜单', '', '', 1000),
(108, 100, 'Admin', 'Menu', 'lists', '', 1, 0, '所有菜单', '', '', 1000),
(109, 0, 'Admin', 'Setting', 'default', '', 0, 0, '设置', 'cogs', '', 7),
(110, 109, 'Admin', 'Setting', 'userdefault', '', 0, 1, '个人信息', '', '', 0),
(111, 110, 'Admin', 'User', 'userinfo', '', 1, 1, '修改信息', '', '', 0),
(112, 111, 'Admin', 'User', 'userinfo_post', '', 1, 0, '修改信息提交', '', '', 0),
(113, 110, 'Admin', 'Setting', 'password', '', 1, 1, '修改密码', '', '', 0),
(114, 113, 'Admin', 'Setting', 'password_post', '', 1, 0, '提交修改', '', '', 0),
(115, 334, 'Admin', 'Setting', 'site', '', 1, 1, '网站信息', '', '', 0),
(116, 115, 'Admin', 'Setting', 'site_post', '', 1, 0, '提交修改', '', '', 0),
(117, 115, 'Admin', 'Route', 'index', '', 1, 0, '路由列表', '', '', 0),
(118, 115, 'Admin', 'Route', 'add', '', 1, 0, '路由添加', '', '', 0),
(119, 118, 'Admin', 'Route', 'add_post', '', 1, 0, '路由添加提交', '', '', 0),
(120, 115, 'Admin', 'Route', 'edit', '', 1, 0, '路由编辑', '', '', 0),
(121, 120, 'Admin', 'Route', 'edit_post', '', 1, 0, '路由编辑提交', '', '', 0),
(122, 115, 'Admin', 'Route', 'delete', '', 1, 0, '路由删除', '', '', 0),
(123, 115, 'Admin', 'Route', 'ban', '', 1, 0, '路由禁止', '', '', 0),
(124, 115, 'Admin', 'Route', 'open', '', 1, 0, '路由启用', '', '', 0),
(125, 115, 'Admin', 'Route', 'listorders', '', 1, 0, '路由排序', '', '', 0),
(126, 109, 'Admin', 'Mailer', 'default', '', 1, 0, '邮箱设置', '', '', 0),
(127, 126, 'Admin', 'Mailer', 'index', '', 1, 1, 'SMTP配置', '', '', 0),
(128, 127, 'Admin', 'Mailer', 'index_post', '', 1, 0, '提交配置', '', '', 0),
(292, 163, 'Content', 'Createhtml', 'update_all', '', 1, 1, '一键更新', '', '', 0),
(131, 163, 'Admin', 'Setting', 'clearcache', '', 1, 1, '清除缓存', '', '', 1),
(132, 0, 'User', 'Indexadmin', 'default', '', 1, 0, '用户管理', 'group', '', 8),
(133, 132, 'User', 'Indexadmin', 'default1', '', 1, 0, '用户管理', '', '', 10),
(134, 133, 'User', 'Indexadmin', 'index', '', 1, 1, '本站用户', 'leaf', '', 0),
(135, 134, 'User', 'Indexadmin', 'ban', '', 1, 0, '拉黑会员', '', '', 0),
(136, 134, 'User', 'Indexadmin', 'cancelban', '', 1, 0, '启用会员', '', '', 0),
(286, 126, 'Admin', 'Mailer', 'active', '', 1, 0, '邮件模板', '', '', 0),
(287, 286, 'Admin', 'Mailer', 'active_post', '', 1, 0, '提交模板', '', '', 0),
(139, 132, 'User', 'Indexadmin', 'default3', '', 1, 0, '管理员管理', '', '', 10),
(140, 132, 'Admin', 'Rbac', 'index', '', 1, 0, '角色管理', '', '', 0),
(141, 140, 'Admin', 'Rbac', 'member', '', 1, 0, '成员管理', '', '', 1000),
(142, 140, 'Admin', 'Rbac', 'authorize', '', 1, 0, '权限设置', '', '', 1000),
(143, 142, 'Admin', 'Rbac', 'authorize_post', '', 1, 0, '提交设置', '', '', 0),
(144, 140, 'Admin', 'Rbac', 'roleedit', '', 1, 0, '编辑角色', '', '', 1000),
(145, 144, 'Admin', 'Rbac', 'roleedit_post', '', 1, 0, '提交编辑', '', '', 0),
(146, 140, 'Admin', 'Rbac', 'roledelete', '', 1, 0, '删除角色', '', '', 1000),
(147, 140, 'Admin', 'Rbac', 'roleadd', '', 1, 1, '添加角色', '', '', 1000),
(148, 147, 'Admin', 'Rbac', 'roleadd_post', '', 1, 0, '提交添加', '', '', 0),
(149, 132, 'Admin', 'User', 'index', '', 1, 1, '管理员管理', '', '', 0),
(150, 149, 'Admin', 'User', 'delete', '', 1, 0, '删除管理员', '', '', 1000),
(151, 149, 'Admin', 'User', 'edit', '', 1, 0, '管理员编辑', '', '', 1000),
(152, 151, 'Admin', 'User', 'edit_post', '', 1, 0, '编辑提交', '', '', 0),
(153, 149, 'Admin', 'User', 'add', '', 1, 0, '管理员添加', '', '', 1000),
(154, 153, 'Admin', 'User', 'add_post', '', 1, 0, '添加提交', '', '', 0),
(155, 47, 'Admin', 'Plugin', 'update', '', 1, 0, '插件更新', '', '', 0),
(156, 39, 'Admin', 'Storage', 'index', '', 1, 1, '文件存储', '', '', 0),
(157, 156, 'Admin', 'Storage', 'setting_post', '', 1, 0, '文件存储设置提交', '', '', 0),
(158, 54, 'Admin', 'Slide', 'ban', '', 1, 0, '禁用幻灯片', '', '', 0),
(159, 54, 'Admin', 'Slide', 'cancelban', '', 1, 0, '启用幻灯片', '', '', 0),
(160, 149, 'Admin', 'User', 'ban', '', 1, 0, '禁用管理员', '', '', 0),
(161, 149, 'Admin', 'User', 'cancelban', '', 1, 0, '启用管理员', '', '', 0),
(162, 109, 'Content', 'Models', 'index', '', 1, 1, '模型管理', '', '', 2),
(163, 333, 'Content', 'Createhtml', 'default', '', 1, 1, '更新管理', '', '', 12),
(164, 163, 'Content', 'Createhtml', 'index', '', 1, 1, '更新首页', '', '', 0),
(165, 163, 'Content', 'Createhtml', 'category', '', 1, 1, '批量更新栏目页', '', '', 0),
(166, 163, 'Content', 'Createhtml', 'update_urls', '', 1, 1, '批量更新URL', '', '', 0),
(167, 163, 'Content', 'Createhtml', 'update_show', '', 1, 1, '批量更新内容页', '', '', 0),
(168, 0, 'Socialplatform', 'Indexadmin', 'Index', '', 1, 0, '其它', 'bell-o', '', 50),
(169, 338, 'Socialplatform', 'Indexadmin', 'show', '', 1, 0, '社交', '', '', 0),
(170, 109, 'Socialplatform', 'Indexadmin', 'technical', '', 1, 0, '技术顾问', 'asterisk', '', 6),
(171, 0, 'Content', 'Contents', 'index', '', 1, 1, '内容管理', 'fa fa-file-text-o', '', 9),
(172, 0, 'Statistics', 'Report', 'main', '', 0, 0, '统计分析', 'line-chart', '', 2),
(173, 172, 'Statistics', 'Articlestatistics', 'statisticsarticle', '', 1, 1, '文章统计', '', '', 0),
(174, 18, 'Content', 'Category', 'singlepage', '', 1, 0, '添加单页', '', '', 0),
(175, 18, 'Content', 'Category', 'wadd', '', 1, 0, '添加外部链接', '', '', 0),
(176, 18, 'Content', 'Category', 'categoryshux', '', 1, 0, '终极属性转换', '', '', 0),
(177, 18, 'Content', 'Category', 'public_cache', '', 1, 0, '分类更新缓存', '', '', 0),
(178, 1, 'Content', 'Urlrule', 'index', '', 1, 1, 'URL规则管理', '', '', 0),
(179, 178, 'Content', 'Urlrule', 'add', '', 1, 0, 'URL规则添加', '', '', 0),
(180, 179, 'Content', 'Urlrule', 'add_post', '', 1, 0, 'URL规则添加提交', '', '', 0),
(181, 178, 'Content', 'Urlrule', 'edit', '', 1, 0, 'URL规则编辑', '', '', 0),
(182, 181, 'Content', 'Urlrule', 'edit_post', '', 1, 0, 'Url规则编辑提交', '', '', 0),
(183, 178, 'Content', 'Urlrule', 'delete', '', 1, 0, 'URL规则删除', '', '', 0),
(184, 172, 'Statistics', 'Productsstatistics', 'statisticsproducts', '', 1, 1, '产品统计', '', '', 1),
(185, 0, 'Release', 'Release', 'default', '', 1, 0, '营销管理', 'globe', '', 1),
(186, 185, 'Release', 'Release', 'mydefault', '', 0, 1, '平台管理', '', '', 0),
(187, 186, 'Release', 'Release', 'add', '', 1, 0, '添加B2B平台', '', '', 0),
(188, 172, 'Statistics', 'inquiryStatistics', 'statisticsInquiry', '', 1, 0, '询盘统计', '', '', 11),
(189, 187, 'Release', 'Release', 'add_post', '', 1, 0, 'B2B平台添加提交', '', '', 0),
(190, 109, 'Admin', 'Setting', 'logo', '', 1, 0, 'logo管理', 'wheelchair', '', 10),
(191, 186, 'Release', 'Release', 'edit', '', 1, 0, '修改信息', '', '', 0),
(192, 191, 'Release', 'Release', 'edit_post', '', 1, 0, '修改信息提交', '', '', 0),
(193, 186, 'Release', 'Release', 'delete', '', 1, 0, '营销平台删除', '', '', 0),
(194, 186, 'Release', 'Release', 'product', '', 1, 0, '选择产品', '', '', 0),
(195, 194, 'Release', 'Release', 'post_product', '', 1, 0, '发布产品到营销平台', '', '', 0),
(198, 172, 'Statistics', 'Report', 'index', '', 1, 1, '生成统计报告', '', '', 6),
(199, 172, 'Statistics', 'Foreignvis', 'index', '', 1, 1, '外商浏览量统计', '', '', 2),
(200, 132, 'User', 'Indexadmin', 'salesman', '', 1, 0, '业务员', '', '', 10),
(201, 172, 'Statistics', 'Keywordsrank', 'index', '', 1, 0, '关键词排名统计', '', '', 3),
(202, 185, 'Content', 'Category', 'mydefault', '', 1, 1, '关键词管理', '', '', 2),
(203, 202, 'Content', 'Tkslibrary', 'index', '', 1, 1, '关键词库', '', '', 1),
(204, 198, 'Statistics', 'Report', 'creport', '', 1, 0, '生成报告预览', '', '', 0),
(205, 204, 'Statistics', 'Report', 'zcpppdf', '', 1, 0, '生成报告', '', '', 0),
(206, 198, 'Statistics', 'Report', 'commentlist', '', 1, 0, '报告评论列表', '', '', 0),
(207, 206, 'Statistics', 'Report', 'editcomment', '', 1, 0, '修改评论', '', '', 0),
(208, 206, 'Statistics', 'Report', 'edit_post', '', 1, 0, '修改评论提交', '', '', 0),
(209, 206, 'Statistics', 'Report', 'delete', '', 1, 0, '删除评论', '', '', 0),
(210, 198, 'Statistics', 'Report', 'addcomment', '', 1, 0, '新增评论', '', '', 0),
(211, 210, 'Statistics', 'Report', 'add_post', '', 1, 0, '新增评论提交', '', '', 0),
(212, 334, 'Search', 'Search', 'index', '', 1, 0, '搜索设置', '', '', 0),
(213, 109, 'Socialplatform', 'Indexadmin', 'reminder', '', 1, 0, '域名和服务器到期提醒', '', '', 5),
(214, 293, 'Statistics', 'GoogleApi', 'index', '', 1, 0, '谷歌API', '', '', 5),
(236, 334, 'Contact', 'Contacttype', 'index', '', 1, 1, '页面信息管理', '', '', 5),
(216, 172, 'Statistics', 'Links', 'index', '', 1, 0, '发布链接统计', '', '', 4),
(224, 223, 'Crm', 'Cmanage', 'default', '', 1, 1, 'CRM系统设置', '', '', 90),
(217, 32, 'Api', 'Guestbookdel', 'index', '', 1, 1, '询盘回收', '', '', 0),
(218, 339, 'api', 'Guestbookadmin', 'guestbookgroup', '', 1, 0, '询盘显示管理', '', '', 0),
(219, 218, 'Api', 'Guestbookadmin', 'addGroup', '', 1, 0, '询盘类型添加', '', '', 0),
(220, 219, 'Api', 'Guestbookadmin', 'add_post', '', 1, 0, '询盘类型添加提交', '', '', 0),
(221, 218, 'Api', 'Guestbookadmin', 'editgroup', '', 1, 0, '询盘类型修改', '', '', 0),
(222, 221, 'Api', 'Guestbookadmin', 'edit_post', '', 1, 0, '询盘类型修改提交', '', '', 0),
(223, 0, 'Crm', 'Cindex', 'default', '', 1, 0, 'CRM系统', 'pie-chart', '', 4),
(225, 223, 'Crm', 'Cindex', 'client', '', 1, 1, '归属客户', '', '', 10),
(226, 223, 'Crm', 'Cindex', 'totalClient', '', 1, 1, '公海客户', '', '', 20),
(227, 225, 'Crm', 'Cindex', 'ownClient', '', 1, 1, '未成交客户', '', '', 1),
(270, 227, 'Crm', 'Cindex', 'exportMyClient', '', 1, 0, '导出客户列表', '', '', 0),
(229, 354, 'Crm', 'Cindex', 'addOne', '', 1, 1, '单个添加', '', '', 1),
(230, 354, 'Crm', 'Cindex', 'addList', '', 1, 1, '批量导入', '', '', 1),
(233, 224, 'Crm', 'Cmanage', 'clevel', '', 1, 1, '客户阶段管理', '', '', 0),
(333, 0, 'website', 'management', 'set', '', 1, 1, '网站管理', 'sitemap', '', 0),
(234, 224, 'Crm', 'Cmanage', 'ctype', '', 1, 1, '客户类型管理', '', '', 0),
(235, 224, 'Crm', 'Cmanage', 'coption', '', 1, 1, 'CRM常规设置', '', '', 0),
(328, 304, 'Crm', 'Cdata', 'addPost', '', 1, 0, '增加目标提交', '', '', 0),
(254, 226, 'Crm', 'Cindex', 'allotPost', '', 1, 0, '分配客户提交', '', '', 0),
(240, 233, 'Crm', 'Cmanage', 'editLevel', '', 1, 0, '修改级别', '', '', 0),
(241, 234, 'Crm', 'Cmanage', 'typeAdd', '', 1, 0, '添加类型提交', '', '', 0),
(327, 304, 'Crm', 'Cdata', 'addMonthData', '', 1, 0, '新增目标', '', '', 0),
(243, 234, 'Crm', 'Cmanage', 'addType', '', 1, 0, '添加类型', '', '', 0),
(244, 233, 'Crm', 'Cmanage', 'levelEdit', '', 1, 0, '修改级别提交', '', '', 0),
(245, 234, 'Crm', 'Cmanage', 'editType', '', 1, 0, '修改类型', '', '', 0),
(246, 234, 'Crm', 'Cmanage', 'typeEdit', '', 1, 0, '修改类型提交', '', '', 0),
(318, 339, 'Api', 'Guestbookadmin', 'setting', '', 1, 0, '询盘设置', '', '', 1),
(247, 234, 'Crm', 'Cmanage', 'typeDelete', '', 1, 0, '删除类型', '', '', 0),
(248, 235, 'Crm', 'Cmanage', 'editoption', '', 1, 0, 'CRM常规设置提交', '', '', 0),
(249, 226, 'Crm', 'Cindex', 'getClient', '', 1, 0, '抓取客户', '', '', 0),
(250, 226, 'Crm', 'Cindex', 'allotClient', '', 1, 0, '分配客户', '', '', 0),
(251, 226, 'Crm', 'Cindex', 'deleteClient', '', 1, 0, '删除客户', '', '', 0),
(252, 229, 'Crm', 'Cindex', 'oneAdd', '', 1, 0, '单个添加提交', '', '', 0),
(253, 230, 'Crm', 'Cindex', 'listAdd', '', 1, 0, '批量导入提交', '', '', 0),
(255, 229, 'Crm', 'Cindex', 'getSale', '', 1, 0, '获得下级业务员', '', '', 0),
(256, 226, 'Crm', 'Cindex', 'editClient', '', 1, 0, '编辑客户资料', '', '', 0),
(257, 226, 'Crm', 'Cindex', 'editPost', '', 1, 0, '编辑客户资料提交', '', '', 0),
(259, 227, 'Crm', 'Cindex', 'editMyLevel', '', 1, 0, '修改客户级别', '', '', 0),
(260, 227, 'Crm', 'Cindex', 'editLevelPost', '', 1, 0, '修改客户级别提交', '', '', 0),
(261, 227, 'Crm', 'Cindex', 'editMyType', '', 1, 0, '修改客户类别', '', '', 0),
(262, 227, 'Crm', 'Cindex', 'addContact', '', 1, 0, '添加沟通记录', '', '', 0),
(263, 227, 'Crm', 'Cindex', 'contactAdd', '', 1, 0, '添加沟通记录提交', '', '', 0),
(264, 227, 'Crm', 'Cindex', 'addMoreUser', '', 1, 0, '添加第二联系人', '', '', 0),
(265, 227, 'Crm', 'Cindex', 'addMore', '', 1, 0, '添加第二联系人提交', '', '', 0),
(266, 227, 'Crm', 'Cindex', 'editSecondUser', '', 1, 0, '修改第二联系人', '', '', 0),
(267, 227, 'Crm', 'Cindex', 'editSecondPost', '', 1, 0, '修改第二联系人提交', '', '', 0),
(268, 227, 'Crm', 'Cindex', 'deleteSecondUser', '', 1, 0, '删除第二联系人', '', '', 0),
(269, 223, 'Crm', 'Cmanage', 'main', '', 1, 0, '总览', '', '', 0),
(271, 225, 'Crm', 'Cmanage', 'flyClient', '', 1, 1, '飞出客户', '', '', 10),
(272, 223, 'Crm', 'Cindex', 'restore', '', 1, 1, '客户回收站', '', '', 100),
(273, 227, 'Crm', 'Cindex', 'goGh', '', 1, 0, '扔入公海', '', '', 0),
(274, 272, 'Crm', 'Cindex', 'restoreClient', '', 1, 0, '客户恢复', '', '', 0),
(275, 272, 'Crm', 'Cindex', 'pDeleteClient', '', 1, 0, '永久删除客户', '', '', 0),
(276, 227, 'Crm', 'Cindex', 'editTypePost', '', 1, 0, '修改客户类别提交', '', '', 0),
(277, 185, 'Content', 'Socially', 'index', '', 1, 1, '社交平台管理', '', '', 4),
(278, 18, 'Content', 'Category', 'changeismenu', '', 1, 0, '是否首页显示', '', '', 0),
(279, 109, 'Admin', 'Setting', 'languages', '', 1, 0, '多语言设置', '', '', 1),
(280, 163, 'Socialplatform', 'Indexadmin', 'site', '', 1, 0, '更新sitemap', '', '', 0),
(281, 109, 'Admin', 'DemoTem', 'index', '', 1, 0, '模板管理', '', '', 3),
(282, 109, 'Admin', 'Main', 'getVersion', '', 0, 0, '检查更新', '', '', 0),
(283, 32, 'Content', 'Contentshow', 'recycle', '', 1, 1, '内容回收', '', '', 0),
(289, 133, 'User', 'Oauthadmin', 'index', '', 1, 1, '第三方用户', 'leaf', '', 0),
(290, 289, 'User', 'Oauthadmin', 'delete', '', 1, 0, '第三方用户解绑', '', '', 0),
(293, 0, 'Gadgets', 'Currency', 'default', '', 1, 0, '工作助手', 'steam-square', '', 6),
(294, 293, 'Gadgets', 'Currency', 'index', '', 1, 1, '货币汇率', '', '', 0),
(295, 293, 'Gadgets', 'Exchagerate', 'index', '', 1, 0, '汇率查询', '', '', 3),
(296, 293, 'Gadgets', 'Customs', 'index', '', 1, 1, '海关', '', '', 2),
(297, 293, 'Gadgets', 'Translate', 'index', '', 1, 1, '翻译', '', '', 4),
(298, 293, 'Gadgets', 'Worldtime', 'index', '', 1, 0, '世界时间', '', '', 1),
(299, 333, 'Admin', 'Partner', 'index', '', 0, 0, '合作伙伴', '', '', 13),
(300, 0, 'Admin', 'Peixun', 'index', '', 1, 0, '培训提高', 'mortar-board', '', 5),
(301, 186, 'Release', 'Release', 'yellowPage', '', 1, 1, '目录列表', '', '', 3),
(302, 186, 'Release', 'Release', 'addYellow', '', 1, 0, '添加目录平台', '', '', 2),
(303, 223, 'Crm', 'Cdata', 'index', '', 1, 1, '数据看板', '', '', 1),
(304, 223, 'Crm', 'Cdata', 'monthData', '', 1, 1, '年度目标金额设置', '', '', 80),
(305, 223, 'Crm', 'Cindex', 'manageClientStatus', '', 1, 1, '申请阶段审批', '', '', 70),
(306, 227, 'Crm', 'Cindex', 'reqClientStatus', '', 1, 0, '阶段申请', '', '', 0),
(307, 227, 'Crm', 'Cindex', 'reqClientPost', '', 0, 0, '归属客户提交', '', '', 0),
(308, 305, 'Crm', 'Cindex', 'approveStatus', '', 1, 0, '审批阶段', '', '', 0),
(309, 305, 'Crm', 'Cindex', 'approvePost', '', 1, 0, '审批提交', '', '', 0),
(310, 227, 'Crm', 'Cindex', 'addOrder', '', 1, 0, '下订单', '', '', 0),
(311, 227, 'Crm', 'Cindex', 'orderPost', '', 1, 0, '提交新订单', '', '', 0),
(312, 223, 'Crm', 'Corder', 'orderList', '', 1, 1, '订单管理', '', '', 40),
(357, 312, 'Crm', 'Corder', 'cancelOrder', '', 1, 0, '删除订单', '', '', 7),
(314, 312, 'Crm', 'Corder', 'editOrder', '', 1, 0, '修改订单信息', '', '', 1),
(315, 312, 'Crm', 'Corder', 'editPost', '', 1, 0, '修改订单提交', '', '', 2),
(316, 312, 'Crm', 'Corder', 'addRefund', '', 1, 0, '添加回款记录', '', '', 3),
(317, 312, 'Crm', 'Corder', 'refundPost', '', 1, 0, '回款记录提交', '', '', 4),
(319, 224, 'Crm', 'Cmanage', 'branchCompany', '', 1, 1, '分公司设置', '', '', 0),
(320, 312, 'Crm', 'Corder', 'confirmRefund', '', 1, 0, '确认回款信息', '', '', 5),
(321, 312, 'Crm', 'Corder', 'delRefund', '', 1, 0, '删除回款信息', '', '', 6),
(322, 303, 'Crm', 'Cdata', 'saleProcess', '', 1, 0, '销售流程分析', '', '', 0),
(323, 303, 'Crm', 'Cdata', 'behaviour', '', 1, 0, '行为分析', '', '', 0),
(324, 323, 'Crm', 'Cdata', 'behav_step', '', 1, 0, '客户拜访情况', '', '', 0),
(325, 223, 'Crm', 'Cdata', 'report', '', 1, 0, '智能简报', '', '', 2),
(326, 323, 'Crm', 'Cdata', 'behav_step2', '', 1, 0, '客户沟通情况', '', '', 0),
(329, 304, 'Crm', 'Cdata', 'editMonthData', '', 1, 0, '编辑目标金额', '', '', 0),
(330, 304, 'Crm', 'Cdata', 'editPost', '', 1, 0, '编辑目标金额提交', '', '', 0),
(331, 304, 'Crm', 'Cdata', 'deleteMonthData', '', 1, 0, '删除目标设置', '', '', 0),
(334, 333, 'website', 'management', 'configure', '', 1, 1, '网站配置', '', '', 0),
(336, 186, 'Release', 'Release', 'index', '', 1, 1, 'B2B平台管理', '', '', 1),
(337, 202, 'Content', 'Category', 'listtdk', '', 1, 1, '关键词设置', '', '', 0),
(338, 185, 'Socialplatform', 'Indexadmin', 'mydefault', '', 1, 0, '社交平台', '', '', 3),
(339, 0, 'Api', 'Guestbookadmin', 'mydefault', '', 1, 1, '询盘管理', 'envelope-o', '', 3),
(369, 171, 'Content', 'Contentshow', 'classlist', '', 1, 0, '列表', '', '', 0),
(342, 171, 'Content', 'Contents', 'article', 'modelid=1', 1, 1, '新闻管理', '', '', 6),
(343, 171, 'Content', 'Contents', 'download', 'modelid=2', 1, 0, '下载管理', '', '', 8),
(344, 171, 'Content', 'Contents', 'photo', 'modelid=3', 1, 1, '证书管理', '', '', 0),
(345, 418, 'Content', 'Contents', 'product', 'modelid=5', 1, 1, 'Products', '', '', 0),
(370, 369, 'Content', 'Contentshow', 'edit', '', 1, 0, '编辑', '', '', 0),
(347, 171, 'Content', 'Contents', 'singlepage', 'modelid=0', 1, 1, '单页管理', '', '', 7),
(349, 339, 'Api', 'Guestbookadmin', 'email', '', 1, 0, '邮箱管理', '', '', 0),
(350, 293, 'Gadgets', 'Ip', 'index', '', 1, 0, 'IP地址查询', '', '', 0),
(351, 227, 'Crm', 'Cindex', 'requirehelp', '', 1, 0, '申请经理关注', '', '', 0),
(352, 227, 'Crm', 'Cindex', 'reqoffer', '', 1, 0, '申请报价审批', '', '', 0),
(353, 225, 'Crm', 'Cindex', 'hasOrder', '', 1, 1, '成交客户', '', '', 3),
(354, 223, 'Crm', 'Cindex', 'addCustomer', '', 1, 1, '添加客户', '', '', 30),
(355, 223, 'Crm', 'Cindex', 'offerClient', '', 1, 1, '申请报价审批', '', '', 60),
(356, 223, 'Crm', 'Cindex', 'helpList', '', 1, 1, '沟通关注审批', '', '', 50),
(358, 312, 'Crm', 'Corder', 'confirmOrder', '', 1, 0, '确认订单完成', '', '', 8),
(359, 356, 'Crm', 'Cindex', 'replyHelp', '', 1, 0, '经理审批提交', '', '', 0),
(360, 355, 'Crm', 'Cindex', 'confirmOffer', '', 1, 0, '经理审批报价提交', '', '', 0),
(361, 303, 'Crm', 'Cdata', 'singleSale', '', 0, 0, '业务经理查看单个人业绩', '', '', 0),
(362, 303, 'Crm', 'Cdata', 'department', '', 1, 0, '跳转分公司', '', '', 0),
(363, 303, 'Crm', 'Cdata', 'singleManager', '', 1, 0, '查看某个业务经理', '', '', 0),
(364, 303, 'Crm', 'Cdata', 'saleman', '', 1, 0, '查看个人', '', '', 0),
(365, 0, 'Admin', 'User', 'helpcenter', '', 1, 0, '帮助中心', '', '', 60),
(366, 223, 'Crm', 'Cdata', 'contactRemind', '', 0, 0, '今日沟通提醒', '', '', 0),
(367, 312, 'Crm', 'Corder', 'orderShip', '', 1, 0, '出运时间提醒列表', '', '', 0),
(368, 312, 'Crm', 'Cindex', 'outputOrder', '', 1, 0, '查看订单合同', '', '', 0),
(371, 369, 'Content', 'Contentshow', 'copy', '', 1, 0, '复制', '', '', 0),
(372, 369, 'Content', 'Contentshow', 'public_relationlist', '', 1, 0, '添加相关', '', '', 0),
(373, 369, 'Content', 'Contentshow', 'add', '', 1, 0, '添加内容', '', '', 0),
(374, 369, 'Content', 'Contentshow', 'listorder', '', 1, 0, '排序', '', '', 0),
(375, 369, 'Content', 'Contentshow', 'public_check', '', 1, 0, '审核', '', '', 0),
(376, 369, 'Content', 'Contentshow', 'public_nocheck', '', 1, 0, '取消审核', '', '', 0),
(377, 369, 'Content', 'Contentshow', 'istopajax', '', 1, 0, '置顶/取消置顶', '', '', 0),
(378, 369, 'Content', 'Contentshow', 'recommendajax', '', 1, 0, '推荐/取消推荐', '', '', 0),
(379, 369, 'Content', 'Contentshow', 'delete', '', 1, 0, '删除', '', '', 0),
(380, 369, 'content', 'createhtml', 'batch_show', '', 1, 0, '批量生成HTML', '', '', 0),
(381, 202, 'Content', 'Category', 'tdk', '', 1, 0, '关键词管理', '', '', 0),
(382, 381, 'Content', 'Category', 'edittdk', '', 1, 0, '编辑', '', '', 0),
(383, 381, 'Content', 'Tkslibrary', 'selecttks', '', 1, 0, '添加', '', '', 0),
(384, 203, 'Content', 'Tkslibrary', 'add', '', 1, 0, '添加', '', '', 0),
(385, 369, 'Content', 'Contentshow', 'seo_random', '', 1, 0, '随机关键词', '', '', 0),
(386, 333, 'Admin', 'Index', 'openEditMode', '', 1, 0, '开启编辑模式', '', '', 2),
(387, 386, 'Admin', 'Setting', 'lunbo', '', 1, 0, '轮播编辑', '', '', 0),
(388, 110, 'Admin', 'Points', 'index', '', 1, 0, '我的积分', '', '', 0),
(390, 110, 'Admin', 'Points', 'listpoint1', '', 1, 0, '积分审核', '', '', 0),
(391, 390, 'Admin', 'Points', 'edit', '', 1, 0, '审核', '', '', 0),
(392, 390, 'Admin', 'Points', 'edit_post', '', 1, 0, '提交', '', '', 0),
(393, 110, 'Admin', 'Points', 'add', '', 1, 0, '添加积分', '', '', 0),
(394, 393, 'Admin', 'Points', 'add_post', '', 1, 0, '提交', '', '', 0),
(395, 333, 'Admin', 'Ad', 'site', '', 1, 1, '图片管理', '', '', 10),
(396, 395, 'Admin', 'Ad', 'site_post', '', 1, 0, '提交', '', '', 0),
(397, 201, 'Statistics', 'Keywordsrank', 'addProject', '', 1, 1, '添加项目信息', '', '', 0),
(398, 201, 'Statistics', 'KeywordInquiry', 'index', '', 1, 1, '关键词排名查询', '', '', 0),
(348, 171, 'Content', 'Contents', 'faq', 'modelid=31', 1, 0, '常见问题', '', '', 0),
(400, 186, 'Release', 'Release', 'verify_code', '', 1, 0, '检查验证码', '', '', 0),
(401, 186, 'Release', 'Release', 'zclqyzm', '', 1, 0, '获取验证码', '', '', 0),
(402, 301, 'Release', 'Release', 'editYellow', '', 1, 0, '修改目录平台', '', '', 0),
(403, 301, 'Release', 'Release', 'yellowEditPost', '', 1, 0, '修改目录平台提交', '', '', 0),
(404, 301, 'Release', 'Release', 'deleteYellow', '', 1, 0, '删除目录平台', '', '', 0),
(405, 301, 'Release', 'Release', 'yellowProduct', '', 1, 0, '选择产品', '', '', 0),
(406, 301, 'Release', 'Release', 'yellowVerifyCode', '', 1, 0, '发布产品验证码', '', '', 0),
(407, 301, 'Release', 'Release', 'yellowPostProduct', '', 1, 0, '发布产品提交', '', '', 0),
(408, 302, 'Release', 'Release', 'yellowAddPost', '', 1, 0, '添加目录平台提交', '', '', 0),
(409, 336, 'Release', 'Release', 'editAccount', '', 1, 0, '编辑账号', '', '', 0),
(410, 336, 'Release', 'Release', 'accountPost', '', 1, 0, '编辑账号提交', '', '', 0),
(411, 198, 'Statistics', 'Report', 'creport_pre', '', 1, 0, '生成数据保存', '', '', 0),
(412, 333, 'Admin', 'Ad', 'site1', '', 1, 0, '广告图管理', '', '', 3),
(413, 418, 'Content', 'Contentshow', 'hot_product', '', 1, 1, '热销产品', '', '', 0),
(414, 418, 'Content', 'Contentshow', 'new_product', '', 1, 1, '推荐产品', '', '', 0),
(415, 163, 'Content', 'Createhtml', 'watermark', '', 1, 0, '一键生成水印', '', '', 0),
(416, 0, 'App', 'Home', 'mobile', '', 1, 0, '移动管理APP', 'mobile-phone', '', 25),
(417, 186, 'Release', 'Newrelease', 'index', '', 1, 0, 'B2B平台管理新', '', '', 0),
(418, 0, 'Content', 'Contents', 'product1', '', 1, 1, '产品管理', 'fa fa-bars', '', 4),
(419, 334, 'Admin', 'Setting', 'sitemap', '', 1, 1, '上传sitemap', '', '', 0),
(420, 236, 'Contact', 'Contacttype', 'add', '', 1, 0, '页面信息管理添加', '', '', 0),
(421, 236, 'Contact', 'Contacttype', 'add_post', '', 1, 0, '页面信息管理添加提交', '', '', 0),
(422, 236, 'Contact', 'Contacttype', 'edit', '', 1, 0, '页面信息管理编辑', '', '', 0),
(423, 236, 'Contact', 'Contacttype', 'edit_post', '', 1, 0, '页面信息管理编辑提交', '', '', 0),
(424, 369, 'Content', 'Contents', 'public_category', '', 1, 0, '产品分类列表', '', '', 0),
(425, 333, 'Admin', 'AdsPosition', 'index', '', 1, 1, '广告管理', '', '', 11),
(426, 425, 'Admin', 'AdsPosition', 'add', '', 1, 0, '添加广告位', '', '', 0),
(427, 426, 'Admin', 'AdsPosition', 'add_post', '', 1, 0, '提交', '', '', 0),
(428, 425, 'Admin', 'AdsPosition', 'edit', '', 1, 0, '编辑', '', '', 0),
(429, 428, 'Admin', 'AdsPosition', 'edit_post', '', 1, 0, '提交', '', '', 0),
(430, 425, 'Admin', 'AdsPosition', 'delete', '', 1, 0, '删除', '', '', 0),
(431, 333, 'Admin', 'Ads', 'index', '', 1, 0, '广告图列表', '', '', 5),
(432, 431, 'Admin', 'Ads', 'add', '', 1, 0, '添加', '', '', 0),
(433, 432, 'Admin', 'Ads', 'add_post', '', 1, 0, '提交', '', '', 0),
(434, 431, 'Admin', 'Ads', 'edit', '', 1, 0, '编辑', '', '', 0),
(435, 434, 'Admin', 'Ads', 'edit_post', '', 1, 0, '提交', '', '', 0),
(436, 431, 'Admin', 'Ads', 'delete', '', 1, 0, '删除', '', '', 0),
(437, 347, 'Content', 'Contentshow', 'pagedit', '', 1, 0, '打开单页', '', '', 0),
(438, 1, 'Portal', 'AdminTerm', 'index', '', 1, 1, '帮助文档分类', '', '', 0),
(439, 0, 'HelpDocument', 'AdminPost', 'default', '', 1, 0, '帮助文档管理', 'folder', '', 70),
(442, 347, 'Content', 'Contents', 'pagedit', '', 1, 0, '打开单页2', '', '', 0),
(451, 369, 'Content', 'Contentshow', 'public_imagescrop', '', 1, 0, '裁剪图片', '', '', 0),
(441, 439, 'HelpDocument', 'AdminTerm', 'index', '', 1, 1, '帮助文档常用列表', '', '', 0),
(443, 395, 'Admin', 'Ad', 'getxon2', '', 1, 0, '点击打开', '', '', 0),
(444, 395, 'Admin', 'Ad', 'folder', '', 1, 0, '添加目录', '', '', 0),
(445, 395, 'Admin', 'Ad', 'delimg', '', 1, 0, '删除', '', '', 0),
(446, 395, 'Admin', 'Ad', 'upload', '', 1, 0, '上传', '', '', 0),
(447, 199, 'Statistics', 'Foreignvis', 'excelForeign_c', '', 1, 0, '导出', '', '', 0),
(448, 2, 'Api', 'Guestbookadmin', 'distribution', '', 1, 0, '分配', '', '', 0),
(449, 413, 'Content', 'Contentshow', 'new_listorder', '', 1, 0, '排序', '', '', 0),
(450, 369, 'Content', 'Contentshow', 'sortorder', '', 1, 0, '设置排序', '', '', 0),
(452, 369, 'Content', 'Contentshow', 'public_crop_upload', '', 1, 0, '裁剪图片确认', '', '', 0),
(453, 439, 'HelpDocument', 'AdminTerm', 'fixed_list', '', 0, 1, '帮助文档固定列表', '', '', 0),
(457, 171, 'Content', 'Contents', 'video', 'modelid=41', 1, 0, '视频管理', '', '', 0),
(458, 418, 'Content', 'ContentImport', 'index', '', 1, 0, '批量导入产品', '', '', 0),
(459, 334, 'Admin', 'Setting', 'robots', '', 1, 1, '上传Robots', '', '', 0),
(460, 171, 'Content', 'Contents', 'guanjianzi', 'modelid=42', 1, 0, '关键字', '', '', 0),
(461, 171, 'Content', 'Contents', 'gslc', 'modelid=43', 1, 0, '公司历程', '', '', 0),
(462, 171, 'Content', 'Contents', 'anli', 'modelid=44', 1, 0, '案例', '', '', 0);

CREATE TABLE `cmf_menu22` (
  `id` smallint(6) UNSIGNED NOT NULL,
  `parentid` smallint(6) UNSIGNED NOT NULL DEFAULT '0',
  `app` char(20) NOT NULL COMMENT '应用名称app',
  `model` char(20) NOT NULL COMMENT '控制器',
  `action` char(20) NOT NULL COMMENT '操作名称',
  `data` char(50) NOT NULL COMMENT '额外参数',
  `type` tinyint(1) NOT NULL DEFAULT '0' COMMENT '菜单类型  1：权限认证+菜单；0：只作为菜单',
  `status` tinyint(1) UNSIGNED NOT NULL DEFAULT '0' COMMENT '状态，1显示，0不显示',
  `name` varchar(50) NOT NULL COMMENT '菜单名称',
  `icon` varchar(50) DEFAULT NULL COMMENT '菜单图标',
  `remark` varchar(255) NOT NULL COMMENT '备注',
  `listorder` smallint(6) UNSIGNED NOT NULL DEFAULT '0' COMMENT '排序ID'
) ENGINE=MyISAM DEFAULT CHARSET=utf8;

INSERT INTO `cmf_menu22` (`id`, `parentid`, `app`, `model`, `action`, `data`, `type`, `status`, `name`, `icon`, `remark`, `listorder`) VALUES
(1, 0, 'Admin', 'Content', 'default', '', 0, 0, '内容管理', 'th', '', 30),
(2, 339, 'Api', 'Guestbookadmin', 'index', '', 1, 1, '询盘管理', '', '', 0),
(3, 2, 'Api', 'Guestbookadmin', 'delete', '', 1, 0, '删除网站留言', '', '', 0),
(4, 1, 'Comment', 'Commentadmin', 'index', '', 1, 1, '评论管理', '', '', 0),
(5, 4, 'Comment', 'Commentadmin', 'delete', '', 1, 0, '删除评论', '', '', 0),
(6, 4, 'Comment', 'Commentadmin', 'check', '', 1, 0, '评论审核', '', '', 0),
(7, 1, 'Portal', 'AdminPost', 'index', '', 1, 1, '文章管理', '', '', 1),
(8, 7, 'Portal', 'AdminPost', 'listorders', '', 1, 0, '文章排序', '', '', 0),
(9, 7, 'Portal', 'AdminPost', 'top', '', 1, 0, '文章置顶', '', '', 0),
(10, 7, 'Portal', 'AdminPost', 'recommend', '', 1, 0, '文章推荐', '', '', 0),
(11, 7, 'Portal', 'AdminPost', 'move', '', 1, 0, '批量移动', '', '', 1000),
(12, 7, 'Portal', 'AdminPost', 'check', '', 1, 0, '文章审核', '', '', 1000),
(13, 7, 'Portal', 'AdminPost', 'delete', '', 1, 0, '删除文章', '', '', 1000),
(14, 7, 'Portal', 'AdminPost', 'edit', '', 1, 0, '编辑文章', '', '', 1000),
(15, 14, 'Portal', 'AdminPost', 'edit_post', '', 1, 0, '提交编辑', '', '', 0),
(16, 7, 'Portal', 'AdminPost', 'add', '', 1, 0, '添加文章', '', '', 1000),
(17, 16, 'Portal', 'AdminPost', 'add_post', '', 1, 0, '提交添加', '', '', 0),
(18, 333, 'Content', 'Category', 'index', '', 0, 1, '导航栏目管理', '', '', 1),
(19, 18, 'Content', 'Category', 'listorders', '', 1, 0, '文章分类排序', '', '', 0),
(20, 18, 'Content', 'Category', 'delete', '', 1, 0, '删除分类', '', '', 1000),
(21, 18, 'Content', 'Category', 'edit', '', 1, 0, '编辑分类', '', '', 1000),
(22, 21, 'Content', 'Category', 'edit_post', '', 1, 0, '提交编辑', '', '', 0),
(23, 18, 'Content', 'Category', 'add', '', 1, 0, '添加分类', '', '', 1000),
(24, 23, 'Content', 'Category', 'add_post', '', 1, 0, '提交添加', '', '', 0),
(25, 1, 'Portal', 'AdminPage', 'index', '', 1, 1, '页面管理', '', '', 3),
(26, 25, 'Portal', 'AdminPage', 'listorders', '', 1, 0, '页面排序', '', '', 0),
(27, 25, 'Portal', 'AdminPage', 'delete', '', 1, 0, '删除页面', '', '', 1000),
(28, 25, 'Portal', 'AdminPage', 'edit', '', 1, 0, '编辑页面', '', '', 1000),
(29, 28, 'Portal', 'AdminPage', 'edit_post', '', 1, 0, '提交编辑', '', '', 0),
(30, 25, 'Portal', 'AdminPage', 'add', '', 1, 0, '添加页面', '', '', 1000),
(31, 30, 'Portal', 'AdminPage', 'add_post', '', 1, 0, '提交添加', '', '', 0),
(32, 0, 'Admin', 'Recycle', 'default', '', 1, 0, '回收站', '', '', 10),
(33, 32, 'Portal', 'AdminPost', 'recyclebin', '', 1, 1, '文章回收', '', '', 0),
(34, 33, 'Portal', 'AdminPost', 'restore', '', 1, 0, '文章还原', '', '', 1000),
(35, 33, 'Portal', 'AdminPost', 'clean', '', 1, 0, '彻底删除', '', '', 1000),
(36, 32, 'Portal', 'AdminPage', 'recyclebin', '', 1, 1, '页面回收', '', '', 1),
(37, 36, 'Portal', 'AdminPage', 'clean', '', 1, 0, '彻底删除', '', '', 1000),
(38, 36, 'Portal', 'AdminPage', 'restore', '', 1, 0, '页面还原', '', '', 1000),
(39, 0, 'Admin', 'Extension', 'default', '', 0, 0, '扩展工具', 'cloud', '', 40),
(40, 0, 'Admin', 'Backup', 'default', '', 1, 0, '备份恢复', '', '', 9),
(41, 40, 'Admin', 'Backup', 'restore', '', 1, 1, '数据还原', '', '', 0),
(42, 40, 'Admin', 'Backup', 'index', '', 1, 1, '数据备份', '', '', 0),
(43, 42, 'Admin', 'Backup', 'index_post', '', 1, 0, '提交数据备份', '', '', 0),
(44, 40, 'Admin', 'Backup', 'download', '', 1, 0, '下载备份', '', '', 1000),
(45, 40, 'Admin', 'Backup', 'del_backup', '', 1, 0, '删除备份', '', '', 1000),
(46, 40, 'Admin', 'Backup', 'import', '', 1, 0, '数据备份导入', '', '', 1000),
(47, 39, 'Admin', 'Plugin', 'index', '', 1, 1, '插件管理', '', '', 0),
(48, 47, 'Admin', 'Plugin', 'toggle', '', 1, 0, '插件启用切换', '', '', 0),
(49, 47, 'Admin', 'Plugin', 'setting', '', 1, 0, '插件设置', '', '', 0),
(50, 49, 'Admin', 'Plugin', 'setting_post', '', 1, 0, '插件设置提交', '', '', 0),
(51, 47, 'Admin', 'Plugin', 'install', '', 1, 0, '插件安装', '', '', 0),
(52, 47, 'Admin', 'Plugin', 'uninstall', '', 1, 0, '插件卸载', '', '', 0),
(53, 39, 'Admin', 'Slide', 'default', '', 1, 1, '幻灯片', '', '', 1),
(54, 53, 'Admin', 'Slide', 'index', '', 1, 1, '幻灯片管理', '', '', 0),
(55, 54, 'Admin', 'Slide', 'listorders', '', 1, 0, '幻灯片排序', '', '', 0),
(56, 54, 'Admin', 'Slide', 'toggle', '', 1, 0, '幻灯片显示切换', '', '', 0),
(57, 54, 'Admin', 'Slide', 'delete', '', 1, 0, '删除幻灯片', '', '', 1000),
(58, 54, 'Admin', 'Slide', 'edit', '', 1, 0, '编辑幻灯片', '', '', 1000),
(59, 58, 'Admin', 'Slide', 'edit_post', '', 1, 0, '提交编辑', '', '', 0),
(60, 54, 'Admin', 'Slide', 'add', '', 1, 0, '添加幻灯片', '', '', 1000),
(61, 60, 'Admin', 'Slide', 'add_post', '', 1, 0, '提交添加', '', '', 0),
(62, 53, 'Admin', 'Slidecat', 'index', '', 1, 1, '幻灯片分类', '', '', 0),
(63, 62, 'Admin', 'Slidecat', 'delete', '', 1, 0, '删除分类', '', '', 1000),
(64, 62, 'Admin', 'Slidecat', 'edit', '', 1, 0, '编辑分类', '', '', 1000),
(65, 64, 'Admin', 'Slidecat', 'edit_post', '', 1, 0, '提交编辑', '', '', 0),
(66, 62, 'Admin', 'Slidecat', 'add', '', 1, 0, '添加分类', '', '', 1000),
(67, 66, 'Admin', 'Slidecat', 'add_post', '', 1, 0, '提交添加', '', '', 0),
(68, 39, 'Admin', 'Ad', 'index', '', 1, 1, '网站广告', '', '', 2),
(69, 68, 'Admin', 'Ad', 'toggle', '', 1, 0, '广告显示切换', '', '', 0),
(70, 68, 'Admin', 'Ad', 'delete', '', 1, 0, '删除广告', '', '', 1000),
(71, 68, 'Admin', 'Ad', 'edit', '', 1, 0, '编辑广告', '', '', 1000),
(72, 71, 'Admin', 'Ad', 'edit_post', '', 1, 0, '提交编辑', '', '', 0),
(73, 68, 'Admin', 'Ad', 'add', '', 1, 0, '添加广告', '', '', 1000),
(74, 73, 'Admin', 'Ad', 'add_post', '', 1, 0, '提交添加', '', '', 0),
(75, 185, 'Admin', 'Link', 'index', '', 0, 1, '友情链接管理', '', '', 1),
(76, 75, 'Admin', 'Link', 'listorders', '', 1, 0, '友情链接排序', '', '', 0),
(77, 75, 'Admin', 'Link', 'toggle', '', 1, 0, '友链显示切换', '', '', 0),
(78, 75, 'Admin', 'Link', 'delete', '', 1, 0, '删除友情链接', '', '', 1000),
(79, 75, 'Admin', 'Link', 'edit', '', 1, 0, '编辑友情链接', '', '', 1000),
(80, 79, 'Admin', 'Link', 'edit_post', '', 1, 0, '提交编辑', '', '', 0),
(81, 75, 'Admin', 'Link', 'add', '', 1, 0, '添加友情链接', '', '', 1000),
(82, 81, 'Admin', 'Link', 'add_post', '', 1, 0, '提交添加', '', '', 0),
(83, 39, 'Api', 'Oauthadmin', 'setting', '', 1, 1, '第三方登陆', 'leaf', '', 4),
(84, 83, 'Api', 'Oauthadmin', 'setting_post', '', 1, 0, '提交设置', '', '', 0),
(85, 0, 'Admin', 'Menu', 'default', '', 1, 1, '菜单管理', 'list', '', 20),
(86, 85, 'Admin', 'Navcat', 'default1', '', 1, 1, '前台菜单', '', '', 0),
(87, 86, 'Admin', 'Nav', 'index', '', 1, 1, '菜单管理', '', '', 0),
(88, 87, 'Admin', 'Nav', 'listorders', '', 1, 0, '前台导航排序', '', '', 0),
(89, 87, 'Admin', 'Nav', 'delete', '', 1, 0, '删除菜单', '', '', 1000),
(90, 87, 'Admin', 'Nav', 'edit', '', 1, 0, '编辑菜单', '', '', 1000),
(91, 90, 'Admin', 'Nav', 'edit_post', '', 1, 0, '提交编辑', '', '', 0),
(92, 87, 'Admin', 'Nav', 'add', '', 1, 0, '添加菜单', '', '', 1000),
(93, 92, 'Admin', 'Nav', 'add_post', '', 1, 0, '提交添加', '', '', 0),
(94, 86, 'Admin', 'Navcat', 'index', '', 1, 1, '菜单分类', '', '', 0),
(95, 94, 'Admin', 'Navcat', 'delete', '', 1, 0, '删除分类', '', '', 1000),
(96, 94, 'Admin', 'Navcat', 'edit', '', 1, 0, '编辑分类', '', '', 1000),
(97, 96, 'Admin', 'Navcat', 'edit_post', '', 1, 0, '提交编辑', '', '', 0),
(98, 94, 'Admin', 'Navcat', 'add', '', 1, 0, '添加分类', '', '', 1000),
(99, 98, 'Admin', 'Navcat', 'add_post', '', 1, 0, '提交添加', '', '', 0),
(100, 85, 'Admin', 'Menu', 'index', '', 1, 1, '后台菜单', '', '', 0),
(101, 100, 'Admin', 'Menu', 'add', '', 1, 0, '添加菜单', '', '', 0),
(102, 101, 'Admin', 'Menu', 'add_post', '', 1, 0, '提交添加', '', '', 0),
(103, 100, 'Admin', 'Menu', 'listorders', '', 1, 0, '后台菜单排序', '', '', 0),
(104, 100, 'Admin', 'Menu', 'export_menu', '', 1, 0, '菜单备份', '', '', 1000),
(105, 100, 'Admin', 'Menu', 'edit', '', 1, 0, '编辑菜单', '', '', 1000),
(106, 105, 'Admin', 'Menu', 'edit_post', '', 1, 0, '提交编辑', '', '', 0),
(107, 100, 'Admin', 'Menu', 'delete', '', 1, 0, '删除菜单', '', '', 1000),
(108, 100, 'Admin', 'Menu', 'lists', '', 1, 0, '所有菜单', '', '', 1000),
(109, 0, 'Admin', 'Setting', 'default', '', 0, 0, '设置', 'cogs', '', 7),
(110, 109, 'Admin', 'Setting', 'userdefault', '', 0, 1, '个人信息', '', '', 0),
(111, 110, 'Admin', 'User', 'userinfo', '', 1, 1, '修改信息', '', '', 0),
(112, 111, 'Admin', 'User', 'userinfo_post', '', 1, 0, '修改信息提交', '', '', 0),
(113, 110, 'Admin', 'Setting', 'password', '', 1, 1, '修改密码', '', '', 0),
(114, 113, 'Admin', 'Setting', 'password_post', '', 1, 0, '提交修改', '', '', 0),
(115, 334, 'Admin', 'Setting', 'site', '', 1, 1, '网站信息', '', '', 0),
(116, 115, 'Admin', 'Setting', 'site_post', '', 1, 0, '提交修改', '', '', 0),
(117, 115, 'Admin', 'Route', 'index', '', 1, 0, '路由列表', '', '', 0),
(118, 115, 'Admin', 'Route', 'add', '', 1, 0, '路由添加', '', '', 0),
(119, 118, 'Admin', 'Route', 'add_post', '', 1, 0, '路由添加提交', '', '', 0),
(120, 115, 'Admin', 'Route', 'edit', '', 1, 0, '路由编辑', '', '', 0),
(121, 120, 'Admin', 'Route', 'edit_post', '', 1, 0, '路由编辑提交', '', '', 0),
(122, 115, 'Admin', 'Route', 'delete', '', 1, 0, '路由删除', '', '', 0),
(123, 115, 'Admin', 'Route', 'ban', '', 1, 0, '路由禁止', '', '', 0),
(124, 115, 'Admin', 'Route', 'open', '', 1, 0, '路由启用', '', '', 0),
(125, 115, 'Admin', 'Route', 'listorders', '', 1, 0, '路由排序', '', '', 0),
(126, 109, 'Admin', 'Mailer', 'default', '', 1, 1, '邮箱设置', '', '', 0),
(127, 126, 'Admin', 'Mailer', 'index', '', 1, 1, 'SMTP配置', '', '', 0),
(128, 127, 'Admin', 'Mailer', 'index_post', '', 1, 0, '提交配置', '', '', 0),
(292, 163, 'Content', 'Createhtml', 'update_all', '', 1, 1, '一键更新', '', '', 0),
(131, 163, 'Admin', 'Setting', 'clearcache', '', 1, 1, '清除缓存', '', '', 1),
(132, 0, 'User', 'Indexadmin', 'default', '', 1, 0, '用户管理', 'group', '', 8),
(133, 132, 'User', 'Indexadmin', 'default1', '', 1, 0, '用户管理', '', '', 10),
(134, 133, 'User', 'Indexadmin', 'index', '', 1, 1, '本站用户', 'leaf', '', 0),
(135, 134, 'User', 'Indexadmin', 'ban', '', 1, 0, '拉黑会员', '', '', 0),
(136, 134, 'User', 'Indexadmin', 'cancelban', '', 1, 0, '启用会员', '', '', 0),
(286, 126, 'Admin', 'Mailer', 'active', '', 1, 0, '邮件模板', '', '', 0),
(287, 286, 'Admin', 'Mailer', 'active_post', '', 1, 0, '提交模板', '', '', 0),
(139, 132, 'User', 'Indexadmin', 'default3', '', 1, 0, '管理员管理', '', '', 10),
(140, 132, 'Admin', 'Rbac', 'index', '', 1, 1, '角色管理', '', '', 0),
(141, 140, 'Admin', 'Rbac', 'member', '', 1, 0, '成员管理', '', '', 1000),
(142, 140, 'Admin', 'Rbac', 'authorize', '', 1, 0, '权限设置', '', '', 1000),
(143, 142, 'Admin', 'Rbac', 'authorize_post', '', 1, 0, '提交设置', '', '', 0),
(144, 140, 'Admin', 'Rbac', 'roleedit', '', 1, 0, '编辑角色', '', '', 1000),
(145, 144, 'Admin', 'Rbac', 'roleedit_post', '', 1, 0, '提交编辑', '', '', 0),
(146, 140, 'Admin', 'Rbac', 'roledelete', '', 1, 0, '删除角色', '', '', 1000),
(147, 140, 'Admin', 'Rbac', 'roleadd', '', 1, 1, '添加角色', '', '', 1000),
(148, 147, 'Admin', 'Rbac', 'roleadd_post', '', 1, 0, '提交添加', '', '', 0),
(149, 132, 'Admin', 'User', 'index', '', 1, 1, '管理员管理', '', '', 0),
(150, 149, 'Admin', 'User', 'delete', '', 1, 0, '删除管理员', '', '', 1000),
(151, 149, 'Admin', 'User', 'edit', '', 1, 0, '管理员编辑', '', '', 1000),
(152, 151, 'Admin', 'User', 'edit_post', '', 1, 0, '编辑提交', '', '', 0),
(153, 149, 'Admin', 'User', 'add', '', 1, 0, '管理员添加', '', '', 1000),
(154, 153, 'Admin', 'User', 'add_post', '', 1, 0, '添加提交', '', '', 0),
(155, 47, 'Admin', 'Plugin', 'update', '', 1, 0, '插件更新', '', '', 0),
(156, 39, 'Admin', 'Storage', 'index', '', 1, 1, '文件存储', '', '', 0),
(157, 156, 'Admin', 'Storage', 'setting_post', '', 1, 0, '文件存储设置提交', '', '', 0),
(158, 54, 'Admin', 'Slide', 'ban', '', 1, 0, '禁用幻灯片', '', '', 0),
(159, 54, 'Admin', 'Slide', 'cancelban', '', 1, 0, '启用幻灯片', '', '', 0),
(160, 149, 'Admin', 'User', 'ban', '', 1, 0, '禁用管理员', '', '', 0),
(161, 149, 'Admin', 'User', 'cancelban', '', 1, 0, '启用管理员', '', '', 0),
(162, 109, 'Content', 'Models', 'index', '', 1, 1, '模型管理', '', '', 2),
(163, 333, 'Content', 'Createhtml', 'default', '', 1, 1, '更新管理', '', '', 3),
(164, 163, 'Content', 'Createhtml', 'index', '', 1, 1, '生成首页', '', '', 0),
(165, 163, 'Content', 'Createhtml', 'category', '', 1, 1, '批量生成栏目页', '', '', 0),
(166, 163, 'Content', 'Createhtml', 'update_urls', '', 1, 1, '批量更新URL', '', '', 0),
(167, 163, 'Content', 'Createhtml', 'update_show', '', 1, 1, '批量更新内容页', '', '', 0),
(168, 0, 'Socialplatform', 'Indexadmin', 'Index', '', 1, 0, '其它', 'bell-o', '', 50),
(169, 338, 'Socialplatform', 'Indexadmin', 'show', '', 1, 0, '社交', '', '', 0),
(170, 109, 'Socialplatform', 'Indexadmin', 'technical', '', 1, 1, '技术顾问', 'asterisk', '', 6),
(171, 333, 'Content', 'Contents', 'index', '', 1, 1, '栏目内容管理', '', '', 2),
(172, 0, 'Statistics', 'Report', 'main', '', 0, 1, '统计分析', 'line-chart', '', 2),
(173, 172, 'Statistics', 'Articlestatistics', 'statisticsarticle', '', 1, 1, '文章统计', '', '', 0),
(174, 18, 'Content', 'Category', 'singlepage', '', 1, 0, '添加单页', '', '', 0),
(175, 18, 'Content', 'Category', 'wadd', '', 1, 0, '添加外部链接', '', '', 0),
(176, 18, 'Content', 'Category', 'categoryshux', '', 1, 0, '终极属性转换', '', '', 0),
(177, 18, 'Content', 'Category', 'public_cache', '', 1, 0, '分类更新缓存', '', '', 0),
(178, 1, 'Content', 'Urlrule', 'index', '', 1, 1, 'URL规则管理', '', '', 0),
(179, 178, 'Content', 'Urlrule', 'add', '', 1, 0, 'URL规则添加', '', '', 0),
(180, 179, 'Content', 'Urlrule', 'add_post', '', 1, 0, 'URL规则添加提交', '', '', 0),
(181, 178, 'Content', 'Urlrule', 'edit', '', 1, 0, 'URL规则编辑', '', '', 0),
(182, 181, 'Content', 'Urlrule', 'edit_post', '', 1, 0, 'Url规则编辑提交', '', '', 0),
(183, 178, 'Content', 'Urlrule', 'delete', '', 1, 0, 'URL规则删除', '', '', 0),
(184, 172, 'Statistics', 'Productsstatistics', 'statisticsproducts', '', 1, 1, '产品统计', '', '', 1),
(185, 0, 'Release', 'Release', 'default', '', 1, 1, '营销管理', 'globe', '', 1),
(186, 185, 'Release', 'Release', 'mydefault', '', 1, 1, '平台管理', '', '', 0),
(187, 186, 'Release', 'Release', 'add', '', 1, 1, '添加B2B平台', '', '', 0),
(188, 172, 'Statistics', 'inquiryStatistics', 'statisticsInquiry', '', 1, 0, '询盘统计', '', '', 11),
(189, 187, 'Release', 'Release', 'add_post', '', 1, 0, 'B2B平台添加提交', '', '', 0),
(190, 109, 'Admin', 'Setting', 'logo', '', 1, 1, 'logo管理', 'wheelchair', '', 10),
(191, 186, 'Release', 'Release', 'edit', '', 1, 0, '修改信息', '', '', 0),
(192, 191, 'Release', 'Release', 'edit_post', '', 1, 0, '修改信息提交', '', '', 0),
(193, 186, 'Release', 'Release', 'delete', '', 1, 0, '营销平台删除', '', '', 0),
(194, 186, 'Release', 'Release', 'product', '', 1, 0, '选择产品', '', '', 0),
(195, 194, 'Release', 'Release', 'post_product', '', 1, 0, '发布产品到营销平台', '', '', 0),
(198, 172, 'Statistics', 'Report', 'index', '', 1, 1, '生成统计报告', '', '', 6),
(199, 172, 'Statistics', 'Foreignvis', 'index', '', 1, 1, '外商浏览量统计', '', '', 2),
(200, 132, 'User', 'Indexadmin', 'salesman', '', 1, 0, '业务员', '', '', 10),
(201, 172, 'Statistics', 'Keywordsrank', 'index', '', 1, 1, '关键词排名查询', '', '', 3),
(202, 185, 'Content', 'Category', 'mydefault', '', 1, 1, '关键词管理', '', '', 2),
(203, 202, 'Content', 'Tkslibrary', 'index', '', 1, 1, '关键词库', '', '', 1),
(204, 198, 'Statistics', 'Report', 'creport', '', 1, 0, '生成报告预览', '', '', 0),
(205, 204, 'Statistics', 'Report', 'zcpppdf', '', 1, 0, '生成报告', '', '', 0),
(206, 198, 'Statistics', 'Report', 'commentlist', '', 1, 0, '报告评论列表', '', '', 0),
(207, 206, 'Statistics', 'Report', 'editComment', '', 1, 0, '修改评论', '', '', 0),
(208, 206, 'Statistics', 'Report', 'edit_post', '', 1, 0, '修改评论提交', '', '', 0),
(209, 206, 'Statistics', 'Report', 'delete', '', 1, 0, '删除评论', '', '', 0),
(210, 198, 'Statistics', 'Report', 'addcomment', '', 1, 0, '新增评论', '', '', 0),
(211, 210, 'Statistics', 'Report', 'add_post', '', 1, 0, '新增评论提交', '', '', 0),
(212, 334, 'Search', 'Search', 'index', '', 1, 1, '搜索设置', '', '', 0),
(213, 109, 'Socialplatform', 'Indexadmin', 'reminder', '', 1, 1, '域名和服务器到期提醒', '', '', 5),
(214, 172, 'Statistics', 'GoogleApi', 'index', '', 1, 1, '谷歌API', '', '', 5),
(236, 333, 'Contact', 'Contacttype', 'index', '', 1, 1, '联系方式管理', '', '', 4),
(216, 172, 'Statistics', 'Links', 'index', '', 1, 1, '发布链接统计', '', '', 4),
(224, 223, 'Crm', 'Cmanage', 'default', '', 1, 1, 'CRM系统设置', '', '', 90),
(217, 32, 'Api', 'Guestbookdel', 'index', '', 1, 1, '询盘回收', '', '', 0),
(218, 339, 'api', 'Guestbookadmin', 'guestBookGroup', '', 1, 1, '询盘显示管理', '', '', 0),
(219, 218, 'Api', 'Guestbookadmin', 'addGroup', '', 1, 0, '询盘类型添加', '', '', 0),
(220, 219, 'Api', 'Guestbookadmin', 'add_post', '', 1, 0, '询盘类型添加提交', '', '', 0),
(221, 218, 'Api', 'Guestbookadmin', 'editGroup', '', 1, 0, '询盘类型修改', '', '', 0),
(222, 221, 'Api', 'Guestbookadmin', 'edit_post', '', 1, 0, '询盘类型修改提交', '', '', 0),
(223, 0, 'Crm', 'Cindex', 'default', '', 1, 1, 'CRM系统', 'pie-chart', '', 4),
(225, 223, 'Crm', 'Cindex', 'client', '', 1, 1, '归属客户', '', '', 10),
(226, 223, 'Crm', 'Cindex', 'totalClient', '', 1, 1, '公海客户', '', '', 20),
(227, 225, 'Crm', 'Cindex', 'ownClient', '', 1, 1, '未成交客户', '', '', 1),
(270, 227, 'Crm', 'Cindex', 'exportMyClient', '', 1, 0, '导出客户列表', '', '', 0),
(229, 354, 'Crm', 'Cindex', 'addOne', '', 1, 1, '单个添加', '', '', 1),
(230, 354, 'Crm', 'Cindex', 'addList', '', 1, 1, '批量导入', '', '', 1),
(233, 224, 'Crm', 'Cmanage', 'Clevel', '', 1, 1, '客户阶段管理', '', '', 0),
(333, 0, 'website', 'management', 'set', '', 1, 1, '网站管理', 'sitemap', '', 0),
(234, 224, 'Crm', 'Cmanage', 'Ctype', '', 1, 1, '客户类型管理', '', '', 0),
(235, 224, 'Crm', 'Cmanage', 'Coption', '', 1, 1, 'CRM常规设置', '', '', 0),
(328, 304, 'Crm', 'Cdata', 'addPost', '', 1, 0, '增加目标提交', '', '', 0),
(254, 226, 'Crm', 'Cindex', 'allotPost', '', 1, 0, '分配客户提交', '', '', 0),
(240, 233, 'Crm', 'Cmanage', 'editLevel', '', 1, 0, '修改级别', '', '', 0),
(241, 234, 'Crm', 'Cmanage', 'typeAdd', '', 1, 0, '添加类型提交', '', '', 0),
(327, 304, 'Crm', 'Cdata', 'addMonthData', '', 1, 0, '新增目标', '', '', 0),
(243, 234, 'Crm', 'Cmanage', 'addType', '', 1, 0, '添加类型', '', '', 0),
(244, 233, 'Crm', 'Cmanage', 'levelEdit', '', 1, 0, '修改级别提交', '', '', 0),
(245, 234, 'Crm', 'Cmanage', 'editType', '', 1, 0, '修改类型', '', '', 0),
(246, 234, 'Crm', 'Cmanage', 'typeEdit', '', 1, 0, '修改类型提交', '', '', 0),
(318, 339, 'Api', 'Guestbookadmin', 'setting', '', 1, 1, '询盘设置', '', '', 1),
(247, 234, 'Crm', 'Cmanage', 'typeDelete', '', 1, 0, '删除类型', '', '', 0),
(248, 235, 'Crm', 'Cmanage', 'editOption', '', 1, 0, 'CRM常规设置提交', '', '', 0),
(249, 226, 'Crm', 'Cindex', 'getClient', '', 1, 0, '抓取客户', '', '', 0),
(250, 226, 'Crm', 'Cindex', 'allotClient', '', 1, 0, '分配客户', '', '', 0),
(251, 226, 'Crm', 'Cindex', 'deleteClient', '', 1, 0, '删除客户', '', '', 0),
(252, 229, 'Crm', 'Cindex', 'oneAdd', '', 1, 0, '单个添加提交', '', '', 0),
(253, 230, 'Crm', 'Cindex', 'listAdd', '', 1, 0, '批量导入提交', '', '', 0),
(255, 229, 'Crm', 'Cindex', 'getSale', '', 1, 0, '获得下级业务员', '', '', 0),
(256, 226, 'Crm', 'Cindex', 'editClient', '', 1, 0, '编辑客户资料', '', '', 0),
(257, 226, 'Crm', 'Cindex', 'editPost', '', 1, 0, '编辑客户资料提交', '', '', 0),
(259, 227, 'Crm', 'Cindex', 'editMyLevel', '', 1, 0, '修改客户级别', '', '', 0),
(260, 227, 'Crm', 'Cindex', 'editLevelPost', '', 1, 0, '修改客户级别提交', '', '', 0),
(261, 227, 'Crm', 'Cindex', 'editMyType', '', 1, 0, '修改客户类别', '', '', 0),
(262, 227, 'Crm', 'Cindex', 'addContact', '', 1, 0, '添加沟通记录', '', '', 0),
(263, 227, 'Crm', 'Cindex', 'contactAdd', '', 1, 0, '添加沟通记录提交', '', '', 0),
(264, 227, 'Crm', 'Cindex', 'addMoreUser', '', 1, 0, '添加第二联系人', '', '', 0),
(265, 227, 'Crm', 'Cindex', 'addMore', '', 1, 0, '添加第二联系人提交', '', '', 0),
(266, 227, 'Crm', 'Cindex', 'editSecondUser', '', 1, 0, '修改第二联系人', '', '', 0),
(267, 227, 'Crm', 'Cindex', 'editSecondPost', '', 1, 0, '修改第二联系人提交', '', '', 0),
(268, 227, 'Crm', 'Cindex', 'deleteSecondUser', '', 1, 0, '删除第二联系人', '', '', 0),
(269, 223, 'Crm', 'Cmanage', 'main', '', 1, 0, '总览', '', '', 0),
(271, 225, 'Crm', 'Cmanage', 'flyClient', '', 1, 1, '飞出客户', '', '', 10),
(272, 223, 'Crm', 'Cindex', 'restore', '', 1, 1, '客户回收站', '', '', 100),
(273, 227, 'Crm', 'Cindex', 'goGh', '', 1, 0, '扔入公海', '', '', 0),
(274, 272, 'Crm', 'Cindex', 'restoreClient', '', 1, 0, '客户恢复', '', '', 0),
(275, 272, 'Crm', 'Cindex', 'pDeleteClient', '', 1, 0, '永久删除客户', '', '', 0),
(276, 227, 'Crm', 'Cindex', 'editTypePost', '', 1, 0, '修改客户类别提交', '', '', 0),
(277, 338, 'Content', 'Socially', 'index', '', 1, 1, '关注我们', '', '', 4),
(278, 18, 'Content', 'Category', 'changeismenu', '', 1, 0, '是否首页显示', '', '', 0),
(279, 109, 'Admin', 'Setting', 'languages', '', 1, 1, '多语言设置', '', '', 1),
(280, 163, 'Socialplatform', 'Indexadmin', 'site', '', 1, 1, '生成sitemap', '', '', 0),
(281, 109, 'Admin', 'DemoTem', 'index', '', 1, 1, '模板管理', '', '', 3),
(282, 109, 'Admin', 'Main', 'getVersion', '', 0, 0, '检查更新', '', '', 0),
(283, 32, 'Content', 'Contentshow', 'recycle', '', 1, 1, '内容回收', '', '', 0),
(289, 133, 'User', 'Oauthadmin', 'index', '', 1, 1, '第三方用户', 'leaf', '', 0),
(290, 289, 'User', 'Oauthadmin', 'delete', '', 1, 0, '第三方用户解绑', '', '', 0),
(293, 0, 'Gadgets', 'Currency', 'default', '', 1, 1, '工作助手', 'steam-square', '', 6),
(294, 293, 'Gadgets', 'Currency', 'index', '', 1, 1, '货币汇率', '', '', 0),
(295, 293, 'Gadgets', 'Exchagerate', 'index', '', 1, 1, '汇率查询', '', '', 3),
(296, 293, 'Gadgets', 'Customs', 'index', '', 1, 1, '海关', '', '', 2),
(297, 293, 'Gadgets', 'Translate', 'index', '', 1, 1, '翻译', '', '', 4),
(298, 293, 'Gadgets', 'Worldtime', 'index', '', 1, 1, '世界时间', '', '', 1),
(299, 333, 'Admin', 'Partner', 'index', '', 0, 1, '合作伙伴', '', '', 5),
(300, 0, 'Admin', 'Peixun', 'index', '', 1, 1, '培训提高', 'mortar-board', '', 5),
(301, 186, 'Release', 'Release', 'yellowPage', '', 1, 1, '目录列表', '', '', 3),
(302, 186, 'Release', 'Release', 'addYellow', '', 1, 1, '添加目录平台', '', '', 2),
(303, 223, 'Crm', 'Cdata', 'index', '', 1, 1, '数据看板', '', '', 1),
(304, 223, 'Crm', 'Cdata', 'monthData', '', 1, 1, '年度目标金额设置', '', '', 80),
(305, 223, 'Crm', 'Cindex', 'manageClientStatus', '', 1, 1, '申请阶段审批', '', '', 70),
(306, 227, 'Crm', 'Cindex', 'reqClientStatus', '', 1, 0, '阶段申请', '', '', 0),
(307, 227, 'Crm', 'Cindex', 'reqClientPost', '', 0, 0, '归属客户提交', '', '', 0),
(308, 305, 'Crm', 'Cindex', 'approveStatus', '', 1, 0, '审批阶段', '', '', 0),
(309, 305, 'Crm', 'Cindex', 'approvePost', '', 1, 0, '审批提交', '', '', 0),
(310, 227, 'Crm', 'Cindex', 'addOrder', '', 1, 0, '下订单', '', '', 0),
(311, 227, 'Crm', 'Cindex', 'orderPost', '', 1, 0, '提交新订单', '', '', 0),
(312, 223, 'Crm', 'Corder', 'orderList', '', 1, 1, '订单管理', '', '', 40),
(357, 312, 'Crm', 'Corder', 'cancelOrder', '', 1, 0, '删除订单', '', '', 7),
(314, 312, 'Crm', 'Corder', 'editOrder', '', 1, 0, '修改订单信息', '', '', 1),
(315, 312, 'Crm', 'Corder', 'editPost', '', 1, 0, '修改订单提交', '', '', 2),
(316, 312, 'Crm', 'Corder', 'addRefund', '', 1, 0, '添加回款记录', '', '', 3),
(317, 312, 'Crm', 'Corder', 'refundPost', '', 1, 0, '回款记录提交', '', '', 4),
(319, 224, 'Crm', 'Cmanage', 'branchCompany', '', 1, 1, '分公司设置', '', '', 0),
(320, 312, 'Crm', 'Corder', 'confirmRefund', '', 1, 0, '确认回款信息', '', '', 5),
(321, 312, 'Crm', 'Corder', 'delRefund', '', 1, 0, '删除回款信息', '', '', 6),
(322, 303, 'Crm', 'Cdata', 'saleProcess', '', 1, 0, '销售流程分析', '', '', 0),
(323, 303, 'Crm', 'Cdata', 'behaviour', '', 1, 0, '行为分析', '', '', 0),
(324, 323, 'Crm', 'Cdata', 'behav_step', '', 1, 0, '客户拜访情况', '', '', 0),
(325, 223, 'Crm', 'Cdata', 'report', '', 1, 0, '智能简报', '', '', 2),
(326, 323, 'Crm', 'Cdata', 'behav_step2', '', 1, 0, '客户沟通情况', '', '', 0),
(329, 304, 'Crm', 'Cdata', 'editMonthData', '', 1, 0, '编辑目标金额', '', '', 0),
(330, 304, 'Crm', 'Cdata', 'editPost', '', 1, 0, '编辑目标金额提交', '', '', 0),
(331, 304, 'Crm', 'Cdata', 'deleteMonthData', '', 1, 0, '删除目标设置', '', '', 0),
(334, 333, 'website', 'management', 'configure', '', 1, 1, '网站配置', '', '', 0),
(336, 186, 'Release', 'Release', 'index', '', 1, 1, 'B2B平台管理', '', '', 1),
(337, 202, 'Content', 'Category', 'listtdk', '', 1, 1, '关键词设置', '', '', 0),
(338, 185, 'Socialplatform', 'Indexadmin', 'mydefault', '', 1, 1, '社交平台', '', '', 3),
(339, 0, 'Api', 'Guestbookadmin', 'mydefault', '', 1, 1, '询盘管理', 'envelope-o', '', 3),
(342, 171, 'Content', 'Contents', 'article', 'modelid=1', 1, 1, '文章模型', '', '', 0),
(343, 171, 'Content', 'Contents', 'download', 'modelid=2', 1, 1, 'factory tour', '', '', 0),
(344, 171, 'Content', 'Contents', 'photo', 'modelid=3', 1, 1, '证书模型', '', '', 0),
(345, 171, 'Content', 'Contents', 'product', 'modelid=5', 1, 1, '产品', '', '', 0),
(347, 171, 'Content', 'Contents', 'singlepage', 'modelid=0', 1, 1, '单页管理', '', '', 0),
(348, 171, 'Content', 'Contents', 'faq', 'modelid=31', 1, 1, 'FAQ', '', '', 0),
(349, 339, 'Api', 'Guestbookadmin', 'email', '', 1, 1, '邮箱管理', '', '', 0),
(350, 293, 'Gadgets', 'Ip', 'index', '', 1, 1, 'IP地址查询', '', '', 0),
(351, 227, 'Crm', 'Cindex', 'requirehelp', '', 1, 0, '申请经理关注', '', '', 0),
(352, 227, 'Crm', 'Cindex', 'reqoffer', '', 1, 0, '申请报价审批', '', '', 0),
(353, 225, 'Crm', 'Cindex', 'hasOrder', '', 1, 1, '成交客户', '', '', 3),
(354, 223, 'Crm', 'Cindex', 'addCustomer', '', 1, 1, '添加客户', '', '', 30),
(355, 223, 'Crm', 'Cindex', 'offerClient', '', 1, 1, '申请报价审批', '', '', 60),
(356, 223, 'Crm', 'Cindex', 'helpList', '', 1, 1, '沟通关注审批', '', '', 50),
(358, 312, 'Crm', 'Corder', 'confirmOrder', '', 1, 0, '确认订单完成', '', '', 8),
(359, 356, 'Crm', 'Cindex', 'replyHelp', '', 1, 0, '经理审批提交', '', '', 0),
(360, 355, 'Crm', 'Cindex', 'confirmOffer', '', 1, 0, '经理审批报价提交', '', '', 0),
(361, 303, 'Crm', 'Cdata', 'singleSale', '', 0, 0, '业务经理查看单个人业绩', '', '', 0),
(362, 303, 'Crm', 'Cdata', 'department', '', 1, 0, '跳转分公司', '', '', 0),
(363, 303, 'Crm', 'Cdata', 'singleManager', '', 1, 0, '查看某个业务经理', '', '', 0),
(364, 303, 'Crm', 'Cdata', 'saleman', '', 1, 0, '查看个人', '', '', 0),
(365, 0, 'Admin', 'User', 'helpcenter', '', 1, 0, '帮助中心', '', '', 60),
(366, 223, 'Crm', 'Cdata', 'contactRemind', '', 0, 0, '今日沟通提醒', '', '', 0),
(367, 312, 'Crm', 'Corder', 'orderShip', '', 1, 0, '出运时间提醒列表', '', '', 0),
(368, 312, 'Crm', 'Cindex', 'outputOrder', '', 1, 0, '查看订单合同', '', '', 0);

CREATE TABLE `cmf_model` (
  `modelid` smallint(5) UNSIGNED NOT NULL,
  `name` char(30) NOT NULL DEFAULT '' COMMENT '模型名称',
  `menuid` int(200) NOT NULL COMMENT '菜单id',
  `description` char(100) NOT NULL DEFAULT '' COMMENT '描述',
  `tablename` char(20) NOT NULL DEFAULT '' COMMENT '表名',
  `setting` text COMMENT '配置信息',
  `addtime` int(10) UNSIGNED NOT NULL DEFAULT '0' COMMENT '添加时间',
  `items` smallint(5) UNSIGNED NOT NULL DEFAULT '0' COMMENT '信息数',
  `enablesearch` tinyint(1) UNSIGNED NOT NULL DEFAULT '1' COMMENT '是否开启全站搜索',
  `disabled` tinyint(1) UNSIGNED NOT NULL DEFAULT '0' COMMENT '是否禁用 1禁用',
  `default_style` char(30) NOT NULL DEFAULT '' COMMENT '风格',
  `category_template` char(30) NOT NULL DEFAULT '' COMMENT '栏目模板',
  `list_template` char(30) NOT NULL DEFAULT '' COMMENT '列表模板',
  `show_template` char(30) NOT NULL DEFAULT '' COMMENT '内容模板',
  `js_template` varchar(30) NOT NULL DEFAULT '' COMMENT 'JS模板',
  `sort` tinyint(3) NOT NULL DEFAULT '0' COMMENT '排序',
  `type` tinyint(1) NOT NULL DEFAULT '0' COMMENT '模块标识'
) ENGINE=MyISAM DEFAULT CHARSET=utf8;

INSERT INTO `cmf_model` (`modelid`, `name`, `menuid`, `description`, `tablename`, `setting`, `addtime`, `items`, `enablesearch`, `disabled`, `default_style`, `category_template`, `list_template`, `show_template`, `js_template`, `sort`, `type`) VALUES
(1, '文章模型', 342, '文章模型', 'article', '', 1403150253, 0, 1, 0, '', '', '', '', '', 0, 0),
(2, 'Download', 343, 'Download', 'download', '', 1403153866, 0, 1, 0, '', '', '', '', '', 0, 0),
(3, '证书模型', 344, '图片模型', 'photo', '', 1403153881, 0, 1, 0, '', '', '', '', '', 0, 0),
(5, '产品', 345, '产品模型', 'product', '', 1463623520, 0, 0, 0, '', '', '', '', '', 0, 0),
(31, 'FAQ', 348, 'faq', 'faq', '', 1474624158, 0, 0, 0, '', '', '', '', '', 0, 0),
(41, 'Video', 457, '文章模型导入的', 'video', '', 1540454300, 0, 1, 0, '', '', '', '', '', 0, 0),
(42, '关键字', 460, '文章模型', 'guanjianzi', '', 1562748355, 0, 1, 0, '', '', '', '', '', 0, 0),
(43, '公司历程', 461, '文章模型', 'gslc', '', 1562749533, 0, 1, 0, '', '', '', '', '', 0, 0),
(44, '案例', 462, '文章模型', 'anli', '', 1562749686, 0, 1, 0, '', '', '', '', '', 0, 0);

CREATE TABLE `cmf_model_field` (
  `fieldid` mediumint(8) UNSIGNED NOT NULL,
  `modelid` smallint(5) UNSIGNED NOT NULL DEFAULT '0' COMMENT '模型ID',
  `field` varchar(20) NOT NULL DEFAULT '' COMMENT '字段名',
  `name` varchar(30) NOT NULL DEFAULT '' COMMENT '别名',
  `tips` text COMMENT '字段提示',
  `css` varchar(30) NOT NULL DEFAULT '' COMMENT '表单样式',
  `minlength` int(10) UNSIGNED NOT NULL DEFAULT '0' COMMENT '最小值',
  `maxlength` int(10) UNSIGNED NOT NULL DEFAULT '0' COMMENT '最大值',
  `pattern` varchar(255) NOT NULL DEFAULT '' COMMENT '数据校验正则',
  `errortips` varchar(255) NOT NULL DEFAULT '' COMMENT '数据校验未通过的提示信息',
  `formtype` varchar(20) NOT NULL DEFAULT '' COMMENT '字段类型',
  `setting` mediumtext,
  `formattribute` varchar(255) NOT NULL DEFAULT '',
  `unsetgroupids` varchar(255) NOT NULL DEFAULT '',
  `unsetroleids` varchar(255) NOT NULL DEFAULT '',
  `iscore` tinyint(1) UNSIGNED NOT NULL DEFAULT '0' COMMENT '是否内部字段 1是',
  `issystem` tinyint(1) UNSIGNED NOT NULL DEFAULT '0' COMMENT '是否系统字段 1 是',
  `isunique` tinyint(1) UNSIGNED NOT NULL DEFAULT '0' COMMENT '值唯一',
  `isbase` tinyint(1) UNSIGNED NOT NULL DEFAULT '0' COMMENT '作为基本信息',
  `issearch` tinyint(1) UNSIGNED NOT NULL DEFAULT '0' COMMENT '作为搜索条件',
  `isadd` tinyint(1) UNSIGNED NOT NULL DEFAULT '0' COMMENT '在前台投稿中显示',
  `isfulltext` tinyint(1) UNSIGNED NOT NULL DEFAULT '0' COMMENT '作为全站搜索信息',
  `isposition` tinyint(1) UNSIGNED NOT NULL DEFAULT '0' COMMENT '是否入库到推荐位',
  `listorder` mediumint(8) UNSIGNED NOT NULL DEFAULT '0',
  `disabled` tinyint(1) UNSIGNED NOT NULL DEFAULT '0' COMMENT '1 禁用 0启用',
  `isomnipotent` tinyint(1) UNSIGNED NOT NULL DEFAULT '0',
  `islabels` tinyint(1) NOT NULL DEFAULT '0' COMMENT '是否为标签 0 否 1是'
) ENGINE=MyISAM DEFAULT CHARSET=utf8;

INSERT INTO `cmf_model_field` (`fieldid`, `modelid`, `field`, `name`, `tips`, `css`, `minlength`, `maxlength`, `pattern`, `errortips`, `formtype`, `setting`, `formattribute`, `unsetgroupids`, `unsetroleids`, `iscore`, `issystem`, `isunique`, `isbase`, `issearch`, `isadd`, `isfulltext`, `isposition`, `listorder`, `disabled`, `isomnipotent`, `islabels`) VALUES
(1, 1, 'status', '状态', '', '', 0, 2, '', '', 'box', 'a:8:{s:7:\"options\";s:0:\"\";s:9:\"fieldtype\";s:7:\"varchar\";s:5:\"width\";s:0:\"\";s:4:\"size\";s:0:\"\";s:12:\"defaultvalue\";s:0:\"\";s:10:\"outputtype\";s:1:\"0\";s:12:\"backstagefun\";s:0:\"\";s:8:\"frontfun\";s:0:\"\";}', '', '', '', 1, 1, 0, 1, 0, 0, 0, 0, 15, 0, 0, 0),
(2, 1, 'username', '用户名', '', '', 0, 20, '', '', 'text', 'a:5:{s:4:\"size\";s:0:\"\";s:12:\"defaultvalue\";s:0:\"\";s:10:\"ispassword\";s:1:\"0\";s:12:\"backstagefun\";s:0:\"\";s:8:\"frontfun\";s:0:\"\";}', '', '', '', 1, 1, 0, 1, 0, 0, 0, 0, 16, 0, 0, 0),
(3, 1, 'islink', '转向链接', '', '', 0, 0, '', '', 'islink', 'a:3:{s:4:\"size\";s:0:\"\";s:12:\"backstagefun\";s:0:\"\";s:8:\"frontfun\";s:0:\"\";}', '', '', '', 0, 1, 0, 0, 0, 1, 0, 0, 17, 1, 0, 0),
(4, 1, 'template', '内容页模板', '', '', 0, 30, '', '', 'template', 'a:2:{s:12:\"backstagefun\";s:0:\"\";s:8:\"frontfun\";s:0:\"\";}', '', '-99', '-99', 0, 0, 0, 0, 0, 0, 0, 0, 13, 0, 0, 0),
(5, 1, 'allow_comment', '允许评论', '', '', 0, 0, '', '', 'box', 'a:10:{s:7:\"options\";s:32:\"允许评论|1\n不允许评论|0\";s:7:\"boxtype\";s:5:\"radio\";s:9:\"fieldtype\";s:7:\"tinyint\";s:9:\"minnumber\";s:1:\"1\";s:5:\"width\";s:2:\"88\";s:4:\"size\";s:0:\"\";s:12:\"defaultvalue\";s:1:\"1\";s:10:\"outputtype\";s:1:\"1\";s:12:\"backstagefun\";s:0:\"\";s:8:\"frontfun\";s:0:\"\";}', '', '', '', 0, 0, 0, 0, 0, 0, 0, 0, 14, 0, 0, 0),
(7, 1, 'inputtime', '真实发布时间', '', '', 0, 0, '', '', 'datetime', 'a:5:{s:9:\"fieldtype\";s:3:\"int\";s:6:\"format\";s:11:\"Y-m-d H:i:s\";s:11:\"defaulttype\";s:1:\"0\";s:12:\"backstagefun\";s:0:\"\";s:8:\"frontfun\";s:0:\"\";}', '', '', '', 1, 1, 0, 0, 0, 0, 0, 1, 11, 0, 0, 0),
(140, 4, 'istop', '置顶', '', '', 0, 2, '', '', 'box', '', '', '', '', 1, 1, 0, 1, 0, 0, 0, 0, 15, 0, 0, 0),
(141, 4, 'recommend', '推荐', '', '', 0, 2, '', '', 'box', '', '', '', '', 1, 1, 0, 1, 0, 0, 0, 0, 15, 0, 0, 0),
(9, 1, 'url', 'URL', '', '', 0, 100, '', '', 'text', 'a:5:{s:4:\"size\";s:0:\"\";s:12:\"defaultvalue\";s:0:\"\";s:10:\"ispassword\";s:1:\"0\";s:12:\"backstagefun\";s:0:\"\";s:8:\"frontfun\";s:0:\"\";}', '', '', '', 1, 1, 0, 1, 0, 0, 0, 1, 12, 0, 0, 0),
(10, 1, 'listorder', '排序', '', '', 0, 6, '', '', 'number', 'a:7:{s:9:\"minnumber\";s:0:\"\";s:9:\"maxnumber\";s:0:\"\";s:13:\"decimaldigits\";s:1:\"0\";s:4:\"size\";s:0:\"\";s:12:\"defaultvalue\";s:0:\"\";s:12:\"backstagefun\";s:0:\"\";s:8:\"frontfun\";s:0:\"\";}', '', '', '', 1, 1, 0, 1, 0, 0, 0, 0, 18, 0, 0, 0),
(11, 1, 'relation', '相关文章', '', '', 0, 255, '', '', 'omnipotent', 'a:4:{s:8:\"formtext\";s:464:\"<input type=\"hidden\" name=\"info[relation]\" id=\"relation\" value=\"{FIELD_VALUE}\" style=\"50\" >\n<ul class=\"list-dot\" id=\"relation_text\">\n</ul>\n<input type=\"button\" value=\"添加相关\" onClick=\"omnipotent(\'selectid\',GV.DIMAUB+\'index.php?a=public_relationlist&m=Content&g=Content&modelid={MODELID}\',\'添加相关文章\',1)\" class=\"btn\">\n<span class=\"edit_content\">\n  <input type=\"button\" value=\"显示已有\" onClick=\"show_relation({MODELID},{ID})\" class=\"btn\">\n</span>\";s:9:\"fieldtype\";s:7:\"varchar\";s:12:\"backstagefun\";s:0:\"\";s:8:\"frontfun\";s:0:\"\";}', '', '', '', 0, 0, 0, 0, 0, 0, 1, 0, 8, 1, 0, 0),
(12, 1, 'thumb', '缩略图', '', '', 0, 100, '', '', 'image', 'a:10:{s:5:\"width\";s:0:\"\";s:12:\"defaultvalue\";s:0:\"\";s:9:\"show_type\";s:1:\"1\";s:15:\"upload_allowext\";s:20:\"jpg|jpeg|gif|png|bmp\";s:9:\"watermark\";s:1:\"0\";s:13:\"isselectimage\";s:1:\"1\";s:12:\"images_width\";s:0:\"\";s:13:\"images_height\";s:0:\"\";s:12:\"backstagefun\";s:0:\"\";s:8:\"frontfun\";s:0:\"\";}', '', '', '', 0, 1, 0, 0, 0, 1, 0, 1, 7, 0, 0, 0),
(13, 1, 'catid', '栏目', '', '', 1, 6, '/^[0-9]{1,6}$/', '请选择栏目', 'catid', 'a:2:{s:12:\"backstagefun\";s:0:\"\";s:8:\"frontfun\";s:0:\"\";}', '', '-99', '-99', 0, 1, 0, 1, 1, 1, 0, 0, 1, 0, 0, 0),
(15, 1, 'title', '标题', '', 'inputtitle', 1, 80, '', '请输入标题', 'title', 'a:2:{s:12:\"backstagefun\";s:0:\"\";s:8:\"frontfun\";s:0:\"\";}', '', '', '', 0, 1, 0, 1, 1, 1, 1, 1, 3, 0, 0, 0),
(17, 1, 'tags', 'TAGS', '多关之间用空格或者“,”隔开', '', 0, 0, '', '', 'tags', 'a:4:{s:12:\"backstagefun\";s:0:\"\";s:17:\"backstagefun_type\";s:1:\"1\";s:8:\"frontfun\";s:0:\"\";s:13:\"frontfun_type\";s:1:\"1\";}', '', '', '', 0, 1, 0, 1, 0, 0, 0, 0, 9, 1, 0, 0),
(18, 1, 'description', '摘要', '', '', 0, 350, '', '', 'textarea', 'a:7:{s:5:\"width\";s:2:\"99\";s:6:\"height\";s:2:\"46\";s:12:\"defaultvalue\";s:0:\"\";s:10:\"enablehtml\";s:1:\"0\";s:9:\"fieldtype\";s:10:\"mediumtext\";s:12:\"backstagefun\";s:0:\"\";s:8:\"frontfun\";s:0:\"\";}', '', '', '', 0, 1, 0, 1, 0, 1, 1, 1, 5, 0, 0, 0),
(19, 1, 'updatetime', '发布时间', '', '', 0, 0, '', '', 'datetime', 'a:5:{s:9:\"fieldtype\";s:3:\"int\";s:6:\"format\";s:11:\"Y-m-d H:i:s\";s:11:\"defaulttype\";s:1:\"0\";s:12:\"backstagefun\";s:0:\"\";s:8:\"frontfun\";s:0:\"\";}', '', '', '', 0, 1, 0, 0, 0, 0, 0, 0, 23, 0, 0, 0),
(20, 1, 'content', '内容', '', '', 1, 999999, '', '内容不能为空', 'editor', 'a:7:{s:7:\"toolbar\";s:4:\"full\";s:12:\"defaultvalue\";s:0:\"\";s:15:\"enablesaveimage\";s:1:\"1\";s:6:\"height\";s:0:\"\";s:9:\"fieldtype\";s:10:\"mediumtext\";s:12:\"backstagefun\";s:0:\"\";s:8:\"frontfun\";s:0:\"\";}', '', '', '', 0, 0, 0, 1, 0, 1, 1, 0, 6, 0, 0, 0),
(21, 1, 'copyfrom', '来源', '', '', 0, 0, '', '', 'copyfrom', 'a:4:{s:12:\"defaultvalue\";s:0:\"\";s:5:\"width\";s:0:\"\";s:12:\"backstagefun\";s:0:\"\";s:8:\"frontfun\";s:0:\"\";}', '', '', '', 0, 0, 0, 1, 0, 1, 0, 0, 5, 1, 0, 0),
(26, 2, 'username', '用户名', '', '', 0, 20, '', '', 'text', '', '', '', '', 1, 1, 0, 1, 0, 0, 0, 0, 16, 0, 0, 0),
(27, 2, 'islink', '转向链接', '', '', 0, 0, '', '', 'islink', '', '', '', '', 0, 1, 0, 0, 0, 1, 0, 0, 17, 1, 0, 0),
(28, 2, 'template', '内容页模板', '', '', 0, 30, '', '', 'template', 'a:2:{s:4:\"size\";s:0:\"\";s:12:\"defaultvalue\";s:0:\"\";}', '', '-99', '-99', 0, 0, 0, 0, 0, 0, 0, 0, 13, 0, 0, 0),
(29, 2, 'allow_comment', '允许评论', '', '', 0, 0, '', '', 'box', 'a:9:{s:7:\"options\";s:33:\"允许评论|1\n不允许评论|0\";s:7:\"boxtype\";s:5:\"radio\";s:9:\"fieldtype\";s:7:\"tinyint\";s:9:\"minnumber\";s:1:\"1\";s:5:\"width\";s:2:\"88\";s:4:\"size\";s:0:\"\";s:12:\"defaultvalue\";s:1:\"1\";s:10:\"outputtype\";s:1:\"1\";s:10:\"filtertype\";s:1:\"0\";}', '', '', '', 0, 0, 0, 0, 0, 0, 0, 0, 14, 0, 0, 0),
(66, 3, 'prefix', '自定义文件名', '', '', 0, 0, '', '', 'text', 'a:7:{s:4:\"size\";s:2:\"50\";s:12:\"defaultvalue\";s:0:\"\";s:10:\"ispassword\";s:1:\"0\";s:12:\"backstagefun\";s:0:\"\";s:17:\"backstagefun_type\";s:1:\"1\";s:8:\"frontfun\";s:0:\"\";s:13:\"frontfun_type\";s:1:\"1\";}', '', '', '', 0, 1, 0, 0, 0, 0, 0, 0, 8, 1, 0, 0),
(25, 2, 'status', '状态', '', '', 0, 2, '', '', 'box', '', '', '', '', 1, 1, 0, 1, 0, 0, 0, 0, 15, 0, 0, 0),
(65, 2, 'prefix', '自定义文件名', '', '', 0, 0, '', '', 'text', 'a:7:{s:4:\"size\";s:3:\"180\";s:12:\"defaultvalue\";s:0:\"\";s:10:\"ispassword\";s:1:\"0\";s:12:\"backstagefun\";s:0:\"\";s:17:\"backstagefun_type\";s:1:\"1\";s:8:\"frontfun\";s:0:\"\";s:13:\"frontfun_type\";s:1:\"1\";}', '', '', '', 0, 1, 0, 0, 0, 0, 0, 0, 17, 1, 0, 0),
(31, 2, 'inputtime', '真实发布时间', '', '', 0, 0, '', '', 'datetime', 'a:3:{s:9:\"fieldtype\";s:3:\"int\";s:6:\"format\";s:11:\"Y-m-d H:i:s\";s:11:\"defaulttype\";s:1:\"0\";}', '', '', '', 1, 1, 0, 0, 0, 0, 0, 1, 11, 0, 0, 0),
(137, 2, 'recommend', '推荐', '', '', 0, 2, '', '', 'box', '', '', '', '', 1, 1, 0, 1, 0, 0, 0, 0, 15, 0, 0, 0),
(138, 3, 'istop', '置顶', '', '', 0, 2, '', '', 'box', '', '', '', '', 1, 1, 0, 1, 0, 0, 0, 0, 15, 0, 0, 0),
(139, 3, 'recommend', '推荐', '', '', 0, 2, '', '', 'box', '', '', '', '', 1, 1, 0, 1, 0, 0, 0, 0, 15, 0, 0, 0),
(33, 2, 'url', 'URL', '', '', 0, 100, '', '', 'text', '', '', '', '', 1, 1, 0, 1, 0, 0, 0, 1, 12, 0, 0, 0),
(34, 2, 'listorder', '排序', '', '', 0, 6, '', '', 'number', '', '', '', '', 1, 1, 0, 1, 0, 0, 0, 0, 18, 0, 0, 0),
(35, 2, 'relation', '相关下载', '', '', 0, 255, '', '', 'omnipotent', 'a:4:{s:8:\"formtext\";s:464:\"<input type=\"hidden\" name=\"info[relation]\" id=\"relation\" value=\"{FIELD_VALUE}\" style=\"50\" >\n<ul class=\"list-dot\" id=\"relation_text\">\n</ul>\n<input type=\"button\" value=\"添加相关\" onClick=\"omnipotent(\'selectid\',GV.DIMAUB+\'index.php?a=public_relationlist&m=Content&g=Content&modelid={MODELID}\',\'添加相关信息\',1)\" class=\"btn\">\n<span class=\"edit_content\">\n  <input type=\"button\" value=\"显示已有\" onClick=\"show_relation({MODELID},{ID})\" class=\"btn\">\n</span>\";s:9:\"fieldtype\";s:7:\"varchar\";s:12:\"backstagefun\";s:0:\"\";s:8:\"frontfun\";s:0:\"\";}', '', '', '', 0, 0, 0, 0, 0, 0, 1, 0, 8, 1, 0, 0),
(36, 2, 'thumb', '缩略图', '', '', 0, 100, '', '', 'image', 'a:9:{s:4:\"size\";s:2:\"50\";s:12:\"defaultvalue\";s:0:\"\";s:9:\"show_type\";s:1:\"1\";s:14:\"upload_maxsize\";s:4:\"1024\";s:15:\"upload_allowext\";s:20:\"jpg|jpeg|gif|png|bmp\";s:9:\"watermark\";s:1:\"0\";s:13:\"isselectimage\";s:1:\"1\";s:12:\"images_width\";s:0:\"\";s:13:\"images_height\";s:0:\"\";}', '', '', '', 0, 1, 0, 0, 0, 1, 0, 1, 7, 1, 0, 0),
(37, 2, 'catid', '栏目', '', '', 1, 6, '/^[0-9]{1,6}$/', '请选择栏目', 'catid', 'a:1:{s:12:\"defaultvalue\";s:0:\"\";}', '', '-99', '-99', 0, 1, 0, 1, 1, 1, 0, 0, 1, 0, 0, 0),
(38, 2, 'typeid', '类别', '', '', 0, 0, '', '', 'typeid', 'a:2:{s:9:\"minnumber\";s:0:\"\";s:12:\"defaultvalue\";s:0:\"\";}', '', '', '', 1, 1, 0, 1, 1, 1, 0, 0, 2, 0, 0, 0),
(39, 2, 'title', '标题', '', 'inputtitle', 1, 80, '', '请输入标题', 'title', '', '', '', '', 0, 1, 0, 1, 1, 1, 1, 1, 2, 0, 0, 0),
(41, 2, 'tags', 'TAGS', '多关之间用空格或者“,”隔开', '', 0, 0, '', '', 'tags', 'a:4:{s:12:\"backstagefun\";s:0:\"\";s:17:\"backstagefun_type\";s:1:\"1\";s:8:\"frontfun\";s:0:\"\";s:13:\"frontfun_type\";s:1:\"1\";}', '', '', '', 0, 1, 0, 1, 0, 0, 0, 0, 4, 1, 0, 0),
(42, 2, 'description', '摘要', '', '', 0, 350, '', '', 'textarea', 'a:7:{s:5:\"width\";s:2:\"98\";s:6:\"height\";s:2:\"46\";s:12:\"defaultvalue\";s:0:\"\";s:10:\"enablehtml\";s:1:\"0\";s:9:\"fieldtype\";s:10:\"mediumtext\";s:12:\"backstagefun\";s:0:\"\";s:8:\"frontfun\";s:0:\"\";}', '', '', '', 0, 1, 0, 1, 0, 1, 1, 1, 3, 0, 0, 0),
(43, 2, 'updatetime', '发布时间', '', '', 0, 0, '', '', 'datetime', 'a:3:{s:9:\"fieldtype\";s:3:\"int\";s:6:\"format\";s:11:\"Y-m-d H:i:s\";s:11:\"defaulttype\";s:1:\"0\";}', '', '', '', 0, 1, 0, 0, 0, 0, 0, 0, 23, 0, 0, 0),
(45, 3, 'status', '状态', '', '', 0, 2, '', '', 'box', '', '', '', '', 1, 1, 0, 1, 0, 0, 0, 0, 15, 0, 0, 0),
(46, 3, 'username', '用户名', '', '', 0, 20, '', '', 'text', '', '', '', '', 1, 1, 0, 1, 0, 0, 0, 0, 16, 0, 0, 0),
(47, 3, 'islink', '转向链接', '', '', 0, 0, '', '', 'islink', '', '', '', '', 0, 1, 0, 0, 0, 1, 0, 0, 17, 1, 0, 0),
(48, 3, 'template', '内容页模板', '', '', 0, 30, '', '', 'template', 'a:2:{s:4:\"size\";s:0:\"\";s:12:\"defaultvalue\";s:0:\"\";}', '', '-99', '-99', 0, 0, 0, 0, 0, 0, 0, 0, 13, 0, 0, 0),
(49, 3, 'allow_comment', '允许评论', '', '', 0, 0, '', '', 'box', 'a:9:{s:7:\"options\";s:33:\"允许评论|1\n不允许评论|0\";s:7:\"boxtype\";s:5:\"radio\";s:9:\"fieldtype\";s:7:\"tinyint\";s:9:\"minnumber\";s:1:\"1\";s:5:\"width\";s:2:\"88\";s:4:\"size\";s:0:\"\";s:12:\"defaultvalue\";s:1:\"1\";s:10:\"outputtype\";s:1:\"1\";s:10:\"filtertype\";s:1:\"0\";}', '', '', '', 0, 0, 0, 0, 0, 0, 0, 0, 14, 0, 0, 0),
(67, 2, 'download', '文件下载', '', '', 0, 0, '', '', 'downfiles', 'a:9:{s:15:\"upload_allowext\";s:20:\"gif|jpg|jpeg|png|bmp\";s:13:\"isselectimage\";s:1:\"0\";s:13:\"upload_number\";s:2:\"10\";s:10:\"statistics\";s:0:\"\";s:12:\"downloadlink\";s:1:\"1\";s:12:\"backstagefun\";s:0:\"\";s:17:\"backstagefun_type\";s:1:\"1\";s:8:\"frontfun\";s:0:\"\";s:13:\"frontfun_type\";s:1:\"1\";}', '', '', '', 0, 0, 0, 1, 0, 1, 0, 0, 4, 1, 0, 0),
(51, 3, 'inputtime', '真实发布时间', '', '', 0, 0, '', '', 'datetime', 'a:3:{s:9:\"fieldtype\";s:3:\"int\";s:6:\"format\";s:11:\"Y-m-d H:i:s\";s:11:\"defaulttype\";s:1:\"0\";}', '', '', '', 1, 1, 0, 0, 0, 0, 0, 1, 11, 0, 0, 0),
(136, 2, 'istop', '置顶', '', '', 0, 2, '', '', 'box', '', '', '', '', 1, 1, 0, 1, 0, 0, 0, 0, 15, 0, 0, 0),
(53, 3, 'url', 'URL', '', '', 0, 100, '', '', 'text', '', '', '', '', 1, 1, 0, 1, 0, 0, 0, 1, 12, 0, 0, 0),
(54, 3, 'listorder', '排序', '', '', 0, 6, '', '', 'number', '', '', '', '', 1, 1, 0, 1, 0, 0, 0, 0, 18, 0, 0, 0),
(55, 3, 'relation', '相关图片', '', '', 0, 255, '', '', 'omnipotent', 'a:4:{s:8:\"formtext\";s:464:\"<input type=\"hidden\" name=\"info[relation]\" id=\"relation\" value=\"{FIELD_VALUE}\" style=\"50\" >\n<ul class=\"list-dot\" id=\"relation_text\">\n</ul>\n<input type=\"button\" value=\"添加相关\" onClick=\"omnipotent(\'selectid\',GV.DIMAUB+\'index.php?a=public_relationlist&m=Content&g=Content&modelid={MODELID}\',\'添加相关信息\',1)\" class=\"btn\">\n<span class=\"edit_content\">\n  <input type=\"button\" value=\"显示已有\" onClick=\"show_relation({MODELID},{ID})\" class=\"btn\">\n</span>\";s:9:\"fieldtype\";s:7:\"varchar\";s:12:\"backstagefun\";s:0:\"\";s:8:\"frontfun\";s:0:\"\";}', '', '', '', 0, 0, 0, 0, 0, 0, 1, 0, 8, 1, 0, 0),
(56, 3, 'thumb', '缩略图', '', '', 0, 100, '', '', 'image', 'a:9:{s:4:\"size\";s:2:\"50\";s:12:\"defaultvalue\";s:0:\"\";s:9:\"show_type\";s:1:\"1\";s:14:\"upload_maxsize\";s:4:\"1024\";s:15:\"upload_allowext\";s:20:\"jpg|jpeg|gif|png|bmp\";s:9:\"watermark\";s:1:\"0\";s:13:\"isselectimage\";s:1:\"1\";s:12:\"images_width\";s:0:\"\";s:13:\"images_height\";s:0:\"\";}', '', '', '', 0, 1, 0, 0, 0, 1, 0, 1, 7, 0, 0, 0),
(57, 3, 'catid', '栏目', '', '', 1, 6, '/^[0-9]{1,6}$/', '请选择栏目', 'catid', 'a:1:{s:12:\"defaultvalue\";s:0:\"\";}', '', '-99', '-99', 0, 1, 0, 1, 1, 1, 0, 0, 0, 0, 0, 0),
(59, 3, 'title', '标题', '', 'inputtitle', 1, 80, '', '请输入标题', 'title', '', '', '', '', 0, 1, 0, 1, 1, 1, 1, 1, 3, 0, 0, 0),
(382, 1, 'seourl', 'seourl', '', 'inputtitle', 0, 80, '', '', 'seourl', '', '', '', '', 0, 1, 0, 1, 1, 1, 1, 1, 3, 0, 0, 0),
(383, 2, 'seourl', 'seourl', '', 'inputtitle', 0, 80, '', '', 'seourl', '', '', '', '', 0, 1, 0, 1, 1, 1, 1, 1, 2, 0, 0, 0),
(61, 3, 'tags', 'TAGS', '多关之间用空格或者“,”隔开', '', 0, 0, '', '', 'tags', 'a:4:{s:12:\"backstagefun\";s:0:\"\";s:17:\"backstagefun_type\";s:1:\"1\";s:8:\"frontfun\";s:0:\"\";s:13:\"frontfun_type\";s:1:\"1\";}', '', '', '', 0, 1, 0, 1, 0, 0, 0, 0, 4, 1, 0, 0),
(62, 3, 'description', '摘要', '', '', 0, 350, '', '', 'textarea', 'a:7:{s:5:\"width\";s:2:\"98\";s:6:\"height\";s:2:\"46\";s:12:\"defaultvalue\";s:0:\"\";s:10:\"enablehtml\";s:1:\"0\";s:9:\"fieldtype\";s:10:\"mediumtext\";s:12:\"backstagefun\";s:0:\"\";s:8:\"frontfun\";s:0:\"\";}', '', '', '', 0, 1, 0, 1, 0, 1, 1, 1, 5, 1, 0, 0),
(63, 3, 'updatetime', '发布时间', '', '', 0, 0, '', '', 'datetime', 'a:3:{s:9:\"fieldtype\";s:3:\"int\";s:6:\"format\";s:11:\"Y-m-d H:i:s\";s:11:\"defaulttype\";s:1:\"0\";}', '', '', '', 0, 1, 0, 0, 0, 0, 0, 0, 23, 0, 0, 0),
(68, 3, 'imgs', '图片列表', '', '', 0, 0, '', '', 'images', 'a:8:{s:15:\"upload_allowext\";s:20:\"gif|jpg|jpeg|png|bmp\";s:13:\"isselectimage\";s:1:\"0\";s:13:\"upload_number\";s:2:\"10\";s:9:\"watermark\";s:1:\"0\";s:12:\"backstagefun\";s:0:\"\";s:17:\"backstagefun_type\";s:1:\"1\";s:8:\"frontfun\";s:0:\"\";s:13:\"frontfun_type\";s:1:\"1\";}', '', '', '', 0, 0, 0, 1, 0, 1, 0, 0, 8, 1, 0, 0),
(69, 4, 'status', '状态', '', '', 0, 2, '', '', 'box', '', '', '', '', 1, 1, 0, 1, 0, 0, 0, 0, 15, 0, 0, 0),
(70, 4, 'username', '用户名', '', '', 0, 20, '', '', 'text', '', '', '', '', 1, 1, 0, 1, 0, 0, 0, 0, 16, 0, 0, 0),
(71, 4, 'islink', '转向链接', '', '', 0, 0, '', '', 'islink', '', '', '', '', 0, 1, 0, 0, 0, 1, 0, 0, 17, 0, 0, 0),
(72, 4, 'template', '内容页模板', '', '', 0, 30, '', '', 'template', 'a:2:{s:4:\"size\";s:0:\"\";s:12:\"defaultvalue\";s:0:\"\";}', '', '-99', '-99', 0, 0, 0, 0, 0, 0, 0, 0, 13, 0, 0, 0),
(73, 4, 'allow_comment', '允许评论', '', '', 0, 0, '', '', 'box', 'a:9:{s:7:\"options\";s:33:\"允许评论|1\n不允许评论|0\";s:7:\"boxtype\";s:5:\"radio\";s:9:\"fieldtype\";s:7:\"tinyint\";s:9:\"minnumber\";s:1:\"1\";s:5:\"width\";s:2:\"88\";s:4:\"size\";s:0:\"\";s:12:\"defaultvalue\";s:1:\"1\";s:10:\"outputtype\";s:1:\"1\";s:10:\"filtertype\";s:1:\"0\";}', '', '', '', 0, 0, 0, 0, 0, 0, 0, 0, 14, 0, 0, 0),
(75, 4, 'inputtime', '真实发布时间', '', '', 0, 0, '', '', 'datetime', 'a:3:{s:9:\"fieldtype\";s:3:\"int\";s:6:\"format\";s:11:\"Y-m-d H:i:s\";s:11:\"defaulttype\";s:1:\"0\";}', '', '', '', 1, 1, 0, 0, 0, 0, 0, 1, 11, 0, 0, 0),
(77, 4, 'url', 'URL', '', '', 0, 100, '', '', 'text', '', '', '', '', 1, 1, 0, 1, 0, 0, 0, 1, 12, 0, 0, 0),
(78, 4, 'listorder', '排序', '', '', 0, 6, '', '', 'number', '', '', '', '', 1, 1, 0, 1, 0, 0, 0, 0, 18, 0, 0, 0),
(79, 4, 'relation', '相关文章', '', '', 0, 255, '', '', 'omnipotent', 'a:4:{s:8:\"formtext\";s:464:\"<input type=\"hidden\" name=\"info[relation]\" id=\"relation\" value=\"{FIELD_VALUE}\" style=\"50\" >\n<ul class=\"list-dot\" id=\"relation_text\">\n</ul>\n<input type=\"button\" value=\"添加相关\" onClick=\"omnipotent(\'selectid\',GV.DIMAUB+\'index.php?a=public_relationlist&m=Content&g=Content&modelid={MODELID}\',\'添加相关文章\',1)\" class=\"btn\">\n<span class=\"edit_content\">\n  <input type=\"button\" value=\"显示已有\" onClick=\"show_relation({MODELID},{ID})\" class=\"btn\">\n</span>\";s:9:\"fieldtype\";s:7:\"varchar\";s:12:\"backstagefun\";s:0:\"\";s:8:\"frontfun\";s:0:\"\";}', '', '', '', 0, 0, 0, 0, 0, 0, 1, 0, 8, 0, 0, 0),
(80, 4, 'thumb', '缩略图', '', '', 0, 100, '', '', 'image', 'a:9:{s:4:\"size\";s:2:\"50\";s:12:\"defaultvalue\";s:0:\"\";s:9:\"show_type\";s:1:\"1\";s:14:\"upload_maxsize\";s:4:\"1024\";s:15:\"upload_allowext\";s:20:\"jpg|jpeg|gif|png|bmp\";s:9:\"watermark\";s:1:\"0\";s:13:\"isselectimage\";s:1:\"1\";s:12:\"images_width\";s:0:\"\";s:13:\"images_height\";s:0:\"\";}', '', '', '', 0, 1, 0, 0, 0, 1, 0, 1, 7, 0, 0, 0),
(81, 4, 'catid', '栏目', '', '', 1, 6, '/^[0-9]{1,6}$/', '请选择栏目', 'catid', 'a:1:{s:12:\"defaultvalue\";s:0:\"\";}', '', '-99', '-99', 0, 1, 0, 1, 1, 1, 0, 0, 1, 0, 0, 0),
(82, 4, 'typeid', '类别', '', '', 0, 0, '', '', 'typeid', 'a:2:{s:9:\"minnumber\";s:0:\"\";s:12:\"defaultvalue\";s:0:\"\";}', '', '', '', 1, 1, 0, 1, 1, 1, 0, 0, 2, 0, 0, 0),
(83, 4, 'title', '标题', '', 'inputtitle', 1, 80, '', '请输入标题', 'title', '', '', '', '', 0, 1, 0, 1, 1, 1, 1, 1, 3, 0, 0, 0),
(384, 3, 'seourl', 'seourl', '', 'inputtitle', 0, 80, '', '', 'seourl', '', '', '', '', 0, 1, 0, 1, 1, 1, 1, 1, 3, 0, 0, 0),
(85, 4, 'tags', 'TAGS', '多关之间用空格或者“,”隔开', '', 0, 0, '', '', 'tags', 'a:4:{s:12:\"backstagefun\";s:0:\"\";s:17:\"backstagefun_type\";s:1:\"1\";s:8:\"frontfun\";s:0:\"\";s:13:\"frontfun_type\";s:1:\"1\";}', '', '', '', 0, 1, 0, 1, 0, 0, 0, 0, 4, 0, 0, 0),
(86, 4, 'description', '摘要', '', '', 0, 255, '', '', 'textarea', 'a:4:{s:5:\"width\";s:2:\"98\";s:6:\"height\";s:2:\"46\";s:12:\"defaultvalue\";s:0:\"\";s:10:\"enablehtml\";s:1:\"0\";}', '', '', '', 0, 1, 0, 1, 0, 1, 1, 1, 5, 0, 0, 0),
(87, 4, 'updatetime', '发布时间', '', '', 0, 0, '', '', 'datetime', 'a:3:{s:9:\"fieldtype\";s:3:\"int\";s:6:\"format\";s:11:\"Y-m-d H:i:s\";s:11:\"defaulttype\";s:1:\"0\";}', '', '', '', 0, 1, 0, 0, 0, 0, 0, 0, 10, 0, 0, 0),
(88, 4, 'content', '内容', '', '', 1, 999999, '', '内容不能为空', 'editor', 'a:6:{s:7:\"toolbar\";s:4:\"full\";s:12:\"defaultvalue\";s:0:\"\";s:13:\"enablekeylink\";s:1:\"1\";s:10:\"replacenum\";s:1:\"2\";s:9:\"link_mode\";s:1:\"0\";s:15:\"enablesaveimage\";s:1:\"1\";}', '', '', '', 0, 0, 0, 1, 0, 1, 1, 0, 6, 0, 0, 0),
(89, 5, 'status', '状态', '', '', 0, 2, '', '', 'box', '', '', '', '', 1, 1, 0, 1, 0, 0, 0, 0, 18, 0, 0, 0),
(90, 5, 'username', '用户名', '', '', 0, 20, '', '', 'text', 'a:5:{s:4:\"size\";s:0:\"\";s:12:\"defaultvalue\";s:0:\"\";s:10:\"ispassword\";s:1:\"0\";s:12:\"backstagefun\";s:0:\"\";s:8:\"frontfun\";s:0:\"\";}', '', '', '', 1, 1, 0, 1, 0, 0, 0, 0, 21, 0, 0, 0),
(91, 5, 'islink', '转向链接', '', '', 0, 0, '', '', 'islink', '', '', '', '', 0, 1, 0, 0, 0, 1, 0, 0, 22, 1, 0, 0),
(92, 5, 'template', '内容页模板', '', '', 0, 30, '', '', 'template', 'a:2:{s:4:\"size\";s:0:\"\";s:12:\"defaultvalue\";s:0:\"\";}', '', '-99', '-99', 0, 0, 0, 0, 0, 0, 0, 0, 16, 0, 0, 0),
(93, 5, 'allow_comment', '允许评论', '', '', 0, 0, '', '', 'box', 'a:9:{s:7:\"options\";s:33:\"允许评论|1\n不允许评论|0\";s:7:\"boxtype\";s:5:\"radio\";s:9:\"fieldtype\";s:7:\"tinyint\";s:9:\"minnumber\";s:1:\"1\";s:5:\"width\";s:2:\"88\";s:4:\"size\";s:0:\"\";s:12:\"defaultvalue\";s:1:\"1\";s:10:\"outputtype\";s:1:\"1\";s:10:\"filtertype\";s:1:\"0\";}', '', '', '', 0, 0, 0, 0, 0, 0, 0, 0, 17, 0, 0, 0),
(95, 5, 'inputtime', '真实发布时间', '', '', 0, 0, '', '', 'datetime', 'a:3:{s:9:\"fieldtype\";s:3:\"int\";s:6:\"format\";s:11:\"Y-m-d H:i:s\";s:11:\"defaulttype\";s:1:\"0\";}', '', '', '', 1, 1, 0, 0, 0, 0, 0, 1, 14, 0, 0, 0),
(135, 1, 'recommend', '推荐', '', '', 0, 2, '', '', 'box', 'a:8:{s:7:\"options\";s:0:\"\";s:9:\"fieldtype\";s:7:\"varchar\";s:5:\"width\";s:0:\"\";s:4:\"size\";s:0:\"\";s:12:\"defaultvalue\";s:0:\"\";s:10:\"outputtype\";s:1:\"0\";s:12:\"backstagefun\";s:0:\"\";s:8:\"frontfun\";s:0:\"\";}', '', '', '', 1, 1, 0, 1, 0, 0, 0, 0, 15, 0, 0, 0),
(97, 5, 'url', 'URL', '', '', 0, 100, '', '', 'text', '', '', '', '', 1, 1, 0, 1, 0, 0, 0, 1, 15, 0, 0, 0),
(98, 5, 'listorder', '排序', '', '', 0, 6, '', '', 'number', '', '', '', '', 1, 1, 0, 1, 0, 0, 0, 0, 23, 0, 0, 0),
(99, 5, 'relation', '相关产品', '', '', 0, 255, '', '', 'omnipotent', 'a:4:{s:8:\"formtext\";s:361:\"<input type=\"hidden\" name=\"info[relation]\" id=\"relation\" value=\"{FIELD_VALUE}\" style=\"50\" >\r\n<ul class=\"list-dot\" id=\"relation_text\">\r\n{FIELD_DATA}\r\n</ul>\r\n<input type=\"button\" value=\"添加相关\"  onClick=\"omnipotent(\'relation\',GV.DIMAUB+\'index.php?a=public_relationlist&m=Contentshow&g=Content&modelid=5&rel_id=relation\',\'添加相关产品\',1)\" class=\"btn\">\";s:9:\"fieldtype\";s:7:\"varchar\";s:12:\"backstagefun\";s:0:\"\";s:8:\"frontfun\";s:0:\"\";}', '', '', '', 0, 0, 0, 0, 0, 0, 1, 0, 13, 0, 0, 0),
(100, 5, 'thumb', '缩略图', '', '', 0, 100, '', '', 'image', 'a:9:{s:5:\"width\";s:0:\"\";s:12:\"defaultvalue\";s:0:\"\";s:9:\"show_type\";s:1:\"1\";s:15:\"upload_allowext\";s:20:\"jpg|jpeg|gif|png|bmp\";s:13:\"isselectimage\";s:1:\"1\";s:12:\"images_width\";s:0:\"\";s:13:\"images_height\";s:0:\"\";s:12:\"backstagefun\";s:0:\"\";s:8:\"frontfun\";s:0:\"\";}', '', '', '', 0, 1, 0, 1, 0, 1, 0, 1, 8, 0, 0, 0),
(101, 5, 'catid', '栏目', '', '', 1, 6, '/^[0-9]{1,6}$/', '请选择栏目', 'catid', 'a:1:{s:12:\"defaultvalue\";s:0:\"\";}', '', '-99', '-99', 0, 1, 0, 1, 1, 1, 0, 0, 0, 0, 0, 0),
(102, 5, 'typeid', '类别', '', '', 0, 0, '', '', 'typeid', 'a:2:{s:9:\"minnumber\";s:0:\"\";s:12:\"defaultvalue\";s:0:\"\";}', '', '', '', 1, 1, 0, 1, 1, 1, 0, 0, 3, 0, 0, 0),
(103, 5, 'title', '产品名称', '', 'inputtitle', 1, 80, '', '请输入标题', 'title', 'a:2:{s:12:\"backstagefun\";s:0:\"\";s:8:\"frontfun\";s:0:\"\";}', '', '', '', 0, 1, 0, 1, 1, 1, 1, 1, 1, 0, 0, 0),
(105, 5, 'tags', 'TAGS', '多关之间用空格或者“,”隔开', '', 0, 0, '', '', 'tags', 'a:4:{s:12:\"backstagefun\";s:0:\"\";s:17:\"backstagefun_type\";s:1:\"1\";s:8:\"frontfun\";s:0:\"\";s:13:\"frontfun_type\";s:1:\"1\";}', '', '', '', 0, 1, 0, 1, 0, 0, 0, 0, 0, 1, 0, 0),
(106, 5, 'description', '摘要', '', '', 0, 350, '', '', 'textarea', 'a:7:{s:5:\"width\";s:2:\"98\";s:6:\"height\";s:2:\"46\";s:12:\"defaultvalue\";s:0:\"\";s:10:\"enablehtml\";s:1:\"0\";s:9:\"fieldtype\";s:10:\"mediumtext\";s:12:\"backstagefun\";s:0:\"\";s:8:\"frontfun\";s:0:\"\";}', '', '', '', 0, 1, 0, 1, 1, 1, 1, 1, 7, 1, 0, 0),
(107, 5, 'updatetime', '发布时间', '', '', 0, 0, '', '', 'datetime', 'a:3:{s:9:\"fieldtype\";s:3:\"int\";s:6:\"format\";s:11:\"Y-m-d H:i:s\";s:11:\"defaulttype\";s:1:\"0\";}', '', '', '', 0, 1, 0, 0, 0, 0, 0, 0, 24, 0, 0, 0),
(108, 5, 'content', '产品详情', '', '', 1, 999999, '', '内容不能为空', 'editor', 'a:7:{s:7:\"toolbar\";s:4:\"full\";s:12:\"defaultvalue\";s:0:\"\";s:15:\"enablesaveimage\";s:1:\"1\";s:6:\"height\";s:0:\"\";s:9:\"fieldtype\";s:10:\"mediumtext\";s:12:\"backstagefun\";s:0:\"\";s:8:\"frontfun\";s:0:\"\";}', '', '', '', 0, 0, 0, 1, 1, 1, 1, 0, 10, 0, 0, 0),
(110, 5, 'size', '产品型号', '', '', 1, 10, '/^[0-9a-z]+$/i', '型号为1-10位数字加字母', 'text', 'a:7:{s:4:\"size\";s:3:\"150\";s:12:\"defaultvalue\";s:0:\"\";s:10:\"ispassword\";s:1:\"0\";s:12:\"backstagefun\";s:0:\"\";s:17:\"backstagefun_type\";s:1:\"1\";s:8:\"frontfun\";s:0:\"\";s:13:\"frontfun_type\";s:1:\"1\";}', '', '', '', 0, 1, 0, 1, 1, 1, 1, 0, 7, 1, 0, 0),
(109, 5, 'price', '价格', '', '', 0, 7, '/^[0-9.-]+$/', '请填写价格！', 'text', 'a:7:{s:4:\"size\";s:0:\"\";s:12:\"defaultvalue\";s:0:\"\";s:10:\"ispassword\";s:1:\"0\";s:12:\"backstagefun\";s:0:\"\";s:17:\"backstagefun_type\";s:1:\"1\";s:8:\"frontfun\";s:0:\"\";s:13:\"frontfun_type\";s:1:\"1\";}', '', '', '', 0, 1, 0, 1, 0, 1, 0, 0, 7, 1, 0, 0),
(134, 1, 'istop', '置顶', '', '', 0, 2, '', '', 'box', 'a:8:{s:7:\"options\";s:0:\"\";s:9:\"fieldtype\";s:7:\"varchar\";s:5:\"width\";s:0:\"\";s:4:\"size\";s:0:\"\";s:12:\"defaultvalue\";s:0:\"\";s:10:\"outputtype\";s:1:\"0\";s:12:\"backstagefun\";s:0:\"\";s:8:\"frontfun\";s:0:\"\";}', '', '', '', 1, 1, 0, 1, 0, 0, 0, 0, 15, 0, 0, 0),
(142, 5, 'istop', '置顶', '', '', 0, 2, '', '', 'box', '', '', '', '', 1, 1, 0, 1, 0, 0, 0, 0, 19, 1, 0, 0),
(143, 5, 'recommend', '推荐', '', '', 0, 2, '', '', 'box', '', '', '', '', 1, 1, 0, 1, 0, 0, 0, 0, 20, 0, 0, 0),
(197, 1, 'seotitle', 'SEO标题', '', 'inputtitle', 0, 110, '', '请输入标题', 'textarea', 'a:7:{s:5:\"width\";s:3:\"100\";s:6:\"height\";s:2:\"20\";s:12:\"defaultvalue\";s:0:\"\";s:10:\"enablehtml\";s:1:\"0\";s:9:\"fieldtype\";s:10:\"mediumtext\";s:12:\"backstagefun\";s:0:\"\";s:8:\"frontfun\";s:0:\"\";}', '', '', '', 0, 1, 0, 1, 1, 1, 1, 1, 3, 0, 0, 0),
(198, 2, 'seotitle', 'SEO标题', '', 'inputtitle', 0, 110, '', '请输入标题', 'textarea', 'a:7:{s:5:\"width\";s:3:\"100\";s:6:\"height\";s:2:\"46\";s:12:\"defaultvalue\";s:0:\"\";s:10:\"enablehtml\";s:1:\"0\";s:9:\"fieldtype\";s:10:\"mediumtext\";s:12:\"backstagefun\";s:0:\"\";s:8:\"frontfun\";s:0:\"\";}', '', '', '', 0, 1, 0, 1, 1, 1, 1, 1, 4, 1, 0, 0),
(199, 3, 'seotitle', 'SEO标题', '', 'inputtitle', 0, 60, '', '请输入标题', 'textarea', 'a:7:{s:5:\"width\";s:3:\"100\";s:6:\"height\";s:2:\"20\";s:12:\"defaultvalue\";s:0:\"\";s:10:\"enablehtml\";s:1:\"0\";s:9:\"fieldtype\";s:10:\"mediumtext\";s:12:\"backstagefun\";s:0:\"\";s:8:\"frontfun\";s:0:\"\";}', '', '', '', 0, 1, 0, 1, 1, 1, 1, 1, 3, 1, 0, 0),
(200, 5, 'seotitle', 'SEO标题', '', 'inputtitle', 0, 110, '', '请输入标题', 'textarea', 'a:7:{s:5:\"width\";s:3:\"100\";s:6:\"height\";s:2:\"20\";s:12:\"defaultvalue\";s:0:\"\";s:10:\"enablehtml\";s:1:\"0\";s:9:\"fieldtype\";s:10:\"mediumtext\";s:12:\"backstagefun\";s:0:\"\";s:8:\"frontfun\";s:0:\"\";}', '', '', '', 0, 1, 0, 1, 1, 1, 1, 1, 6, 0, 0, 0),
(201, 1, 'seokeywords', 'SEO关键字', '', '', 0, 200, '', '', 'textarea', 'a:7:{s:5:\"width\";s:3:\"100\";s:6:\"height\";s:2:\"20\";s:12:\"defaultvalue\";s:0:\"\";s:10:\"enablehtml\";s:1:\"0\";s:9:\"fieldtype\";s:10:\"mediumtext\";s:12:\"backstagefun\";s:0:\"\";s:8:\"frontfun\";s:0:\"\";}', '', '', '', 0, 1, 0, 1, 0, 1, 1, 1, 4, 0, 0, 0),
(202, 2, 'seokeywords', 'SEO关键字', '', '', 0, 200, '', '', 'textarea', 'a:7:{s:5:\"width\";s:3:\"100\";s:6:\"height\";s:2:\"46\";s:12:\"defaultvalue\";s:0:\"\";s:10:\"enablehtml\";s:1:\"0\";s:9:\"fieldtype\";s:10:\"mediumtext\";s:12:\"backstagefun\";s:0:\"\";s:8:\"frontfun\";s:0:\"\";}', '', '', '', 0, 1, 0, 1, 0, 1, 1, 1, 4, 1, 0, 0),
(203, 3, 'seokeywords', 'SEO关键字', '', '', 0, 100, '', '', 'textarea', 'a:7:{s:5:\"width\";s:3:\"100\";s:6:\"height\";s:2:\"20\";s:12:\"defaultvalue\";s:0:\"\";s:10:\"enablehtml\";s:1:\"0\";s:9:\"fieldtype\";s:10:\"mediumtext\";s:12:\"backstagefun\";s:0:\"\";s:8:\"frontfun\";s:0:\"\";}', '', '', '', 0, 1, 0, 1, 0, 1, 1, 1, 5, 1, 0, 0),
(204, 5, 'seokeywords', 'SEO关键字', '', '', 0, 200, '', '', 'textarea', 'a:7:{s:5:\"width\";s:3:\"100\";s:6:\"height\";s:2:\"20\";s:12:\"defaultvalue\";s:0:\"\";s:10:\"enablehtml\";s:1:\"0\";s:9:\"fieldtype\";s:10:\"mediumtext\";s:12:\"backstagefun\";s:0:\"\";s:8:\"frontfun\";s:0:\"\";}', '', '', '', 0, 1, 0, 1, 0, 1, 1, 1, 6, 0, 0, 0),
(205, 1, 'seodescription', 'SEO描述', '', '', 0, 300, '', '', 'textarea', 'a:7:{s:5:\"width\";s:2:\"98\";s:6:\"height\";s:2:\"46\";s:12:\"defaultvalue\";s:0:\"\";s:10:\"enablehtml\";s:1:\"0\";s:9:\"fieldtype\";s:10:\"mediumtext\";s:12:\"backstagefun\";s:0:\"\";s:8:\"frontfun\";s:0:\"\";}', '', '', '', 0, 1, 0, 1, 0, 1, 1, 1, 4, 0, 0, 0),
(206, 2, 'seodescription', 'SEO描述', '', '', 0, 300, '', '', 'textarea', 'a:7:{s:5:\"width\";s:2:\"98\";s:6:\"height\";s:2:\"46\";s:12:\"defaultvalue\";s:0:\"\";s:10:\"enablehtml\";s:1:\"0\";s:9:\"fieldtype\";s:10:\"mediumtext\";s:12:\"backstagefun\";s:0:\"\";s:8:\"frontfun\";s:0:\"\";}', '', '', '', 0, 1, 0, 1, 0, 1, 1, 1, 4, 1, 0, 0),
(207, 3, 'seodescription', 'SEO描述', '', '', 0, 200, '', '', 'textarea', 'a:7:{s:5:\"width\";s:2:\"98\";s:6:\"height\";s:2:\"46\";s:12:\"defaultvalue\";s:0:\"\";s:10:\"enablehtml\";s:1:\"0\";s:9:\"fieldtype\";s:10:\"mediumtext\";s:12:\"backstagefun\";s:0:\"\";s:8:\"frontfun\";s:0:\"\";}', '', '', '', 0, 1, 0, 1, 0, 1, 1, 1, 5, 1, 0, 0),
(208, 5, 'seodescription', 'SEO描述', '', '', 0, 300, '', '', 'textarea', 'a:7:{s:5:\"width\";s:2:\"98\";s:6:\"height\";s:2:\"46\";s:12:\"defaultvalue\";s:0:\"\";s:10:\"enablehtml\";s:1:\"0\";s:9:\"fieldtype\";s:10:\"mediumtext\";s:12:\"backstagefun\";s:0:\"\";s:8:\"frontfun\";s:0:\"\";}', '', '', '', 0, 1, 0, 1, 0, 1, 1, 1, 6, 0, 0, 0),
(209, 5, 'mopic', '轮播图', '', '', 0, 0, '', '', 'images', 'a:5:{s:15:\"upload_allowext\";s:20:\"gif|jpg|jpeg|png|bmp\";s:13:\"isselectimage\";s:1:\"0\";s:13:\"upload_number\";s:1:\"5\";s:12:\"backstagefun\";s:0:\"\";s:8:\"frontfun\";s:0:\"\";}', '', '', '', 0, 0, 0, 1, 0, 1, 0, 0, 8, 0, 0, 0),
(381, 5, 'seourl', 'seourl', '', 'inputtitle', 0, 80, '', '', 'seourl', 'a:2:{s:12:\"backstagefun\";s:0:\"\";s:8:\"frontfun\";s:0:\"\";}', '', '', '', 0, 1, 0, 1, 1, 1, 1, 1, 5, 0, 0, 0),
(689, 2, 'full_content', '内容', '', '', 0, 0, '', '', 'editor', 'a:8:{s:7:\"toolbar\";s:5:\"basic\";s:9:\"mbtoolbar\";s:5:\"basic\";s:12:\"defaultvalue\";s:0:\"\";s:15:\"enablesaveimage\";s:1:\"0\";s:6:\"height\";s:3:\"200\";s:9:\"fieldtype\";s:10:\"mediumtext\";s:12:\"backstagefun\";s:0:\"\";s:8:\"frontfun\";s:0:\"\";}', '', '', '', 0, 0, 0, 1, 0, 1, 1, 0, 0, 1, 0, 0),
(690, 5, 'spec_description', '产品简介', '', '', 0, 0, '', '', 'editor', 'a:8:{s:7:\"toolbar\";s:4:\"full\";s:9:\"mbtoolbar\";s:4:\"full\";s:12:\"defaultvalue\";s:0:\"\";s:15:\"enablesaveimage\";s:1:\"0\";s:6:\"height\";s:3:\"200\";s:9:\"fieldtype\";s:10:\"mediumtext\";s:12:\"backstagefun\";s:0:\"\";s:8:\"frontfun\";s:0:\"\";}', '', '', '', 0, 0, 0, 1, 0, 1, 1, 0, 9, 0, 0, 0),
(687, 31, 'isdelay', '是否推迟', '', '', 0, 2, '', '', 'box', '', '', '', '', 1, 1, 0, 1, 0, 0, 0, 0, 15, 0, 0, 0),
(686, 31, 'seourl', 'seourl', '', 'inputtitle', 0, 80, '', '', 'seourl', '', '', '', '', 0, 1, 0, 1, 1, 1, 1, 1, 2, 0, 0, 0),
(685, 31, 'seodescription', 'SEO描述', '', '', 0, 300, '', '', 'textarea', 'a:7:{s:5:\"width\";s:2:\"98\";s:6:\"height\";s:2:\"46\";s:12:\"defaultvalue\";s:0:\"\";s:10:\"enablehtml\";s:1:\"0\";s:9:\"fieldtype\";s:10:\"mediumtext\";s:12:\"backstagefun\";s:0:\"\";s:8:\"frontfun\";s:0:\"\";}', '', '', '', 0, 1, 0, 1, 0, 1, 1, 1, 5, 0, 0, 0),
(684, 31, 'seokeywords', 'SEO关键字', '', '', 0, 200, '', '', 'keyword', 'a:2:{s:12:\"backstagefun\";s:0:\"\";s:8:\"frontfun\";s:0:\"\";}', '', '-99', '-99', 0, 1, 0, 1, 1, 1, 1, 0, 4, 0, 0, 0),
(683, 31, 'seotitle', 'SEO标题', '', 'inputtitle', 1, 110, '', '请输入标题', 'title', 'a:2:{s:12:\"backstagefun\";s:0:\"\";s:8:\"frontfun\";s:0:\"\";}', '', '', '', 0, 1, 0, 1, 1, 1, 1, 1, 3, 0, 0, 0),
(682, 31, 'content', '内容', '', '', 1, 999999, '', '内容不能为空', 'editor', 'a:6:{s:7:\"toolbar\";s:4:\"full\";s:12:\"defaultvalue\";s:0:\"\";s:13:\"enablekeylink\";s:1:\"1\";s:10:\"replacenum\";s:1:\"2\";s:9:\"link_mode\";s:1:\"0\";s:15:\"enablesaveimage\";s:1:\"1\";}', '', '', '', 0, 0, 0, 1, 0, 1, 1, 0, 6, 0, 0, 0),
(681, 31, 'updatetime', '发布时间', '', '', 0, 0, '', '', 'datetime', 'a:5:{s:9:\"fieldtype\";s:3:\"int\";s:6:\"format\";s:11:\"Y-m-d H:i:s\";s:11:\"defaulttype\";s:1:\"1\";s:12:\"backstagefun\";s:0:\"\";s:8:\"frontfun\";s:0:\"\";}', '', '', '', 0, 1, 0, 0, 0, 0, 0, 0, 10, 0, 0, 0),
(679, 31, 'title', '标题', '', 'inputtitle', 1, 80, '', '请输入标题', 'title', '', '', '', '', 0, 1, 0, 1, 1, 1, 1, 1, 1, 0, 0, 0),
(680, 31, 'description', '摘要', '', '', 0, 350, '', '', 'textarea', 'a:7:{s:5:\"width\";s:2:\"98\";s:6:\"height\";s:2:\"46\";s:12:\"defaultvalue\";s:0:\"\";s:10:\"enablehtml\";s:1:\"0\";s:9:\"fieldtype\";s:10:\"mediumtext\";s:12:\"backstagefun\";s:0:\"\";s:8:\"frontfun\";s:0:\"\";}', '', '', '', 0, 1, 0, 1, 0, 1, 1, 1, 5, 0, 0, 0),
(677, 31, 'catid', '栏目', '', '', 1, 6, '/^[0-9]{1,6}$/', '请选择栏目', 'catid', 'a:1:{s:12:\"defaultvalue\";s:0:\"\";}', '', '-99', '-99', 0, 1, 0, 1, 1, 1, 0, 0, 0, 0, 0, 0),
(678, 31, 'typeid', '类别', '', '', 0, 0, '', '', 'typeid', 'a:2:{s:9:\"minnumber\";s:0:\"\";s:12:\"defaultvalue\";s:0:\"\";}', '', '', '', 1, 1, 0, 1, 1, 1, 0, 0, 0, 0, 0, 0),
(676, 31, 'thumb', '缩略图', '', '', 0, 100, '', '', 'image', 'a:9:{s:4:\"size\";s:2:\"50\";s:12:\"defaultvalue\";s:0:\"\";s:9:\"show_type\";s:1:\"1\";s:14:\"upload_maxsize\";s:4:\"1024\";s:15:\"upload_allowext\";s:20:\"jpg|jpeg|gif|png|bmp\";s:9:\"watermark\";s:1:\"0\";s:13:\"isselectimage\";s:1:\"1\";s:12:\"images_width\";s:0:\"\";s:13:\"images_height\";s:0:\"\";}', '', '', '', 0, 1, 0, 0, 0, 1, 0, 1, 7, 1, 0, 0),
(675, 31, 'relation', '相关文章', '', '', 0, 255, '', '', 'omnipotent', 'a:4:{s:8:\"formtext\";s:464:\"<input type=\"hidden\" name=\"info[relation]\" id=\"relation\" value=\"{FIELD_VALUE}\" style=\"50\" >\n<ul class=\"list-dot\" id=\"relation_text\">\n</ul>\n<input type=\"button\" value=\"添加相关\" onClick=\"omnipotent(\'selectid\',\'{RUL}index.php?g=Content&m=Contentshow&a=public_relationlist&modelid={MODELID}\',\'添加相关文章\',1)\" class=\"btn\">\n<span class=\"edit_content\">\n  <input type=\"button\" value=\"显示已有\" onClick=\"show_relation({MODELID},{ID})\" class=\"btn\">\n</span>\";s:9:\"fieldtype\";s:7:\"varchar\";s:12:\"backstagefun\";s:0:\"\";s:8:\"frontfun\";s:0:\"\";}', '', '', '', 0, 0, 0, 0, 0, 0, 1, 0, 8, 1, 0, 0),
(673, 31, 'url', 'URL', '', '', 0, 100, '', '', 'text', '', '', '', '', 1, 1, 0, 1, 0, 0, 0, 1, 12, 0, 0, 0),
(674, 31, 'listorder', '排序', '', '', 0, 6, '', '', 'number', '', '', '', '', 1, 1, 0, 1, 0, 0, 0, 0, 18, 0, 0, 0),
(672, 31, 'inputtime', '真实发布时间', '', '', 0, 0, '', '', 'datetime', 'a:5:{s:9:\"fieldtype\";s:3:\"int\";s:6:\"format\";s:11:\"Y-m-d H:i:s\";s:11:\"defaulttype\";s:1:\"1\";s:12:\"backstagefun\";s:0:\"\";s:8:\"frontfun\";s:0:\"\";}', '', '', '', 1, 1, 0, 0, 0, 0, 0, 1, 11, 0, 0, 0),
(671, 31, 'allow_comment', '允许评论', '', '', 0, 0, '', '', 'box', 'a:9:{s:7:\"options\";s:33:\"允许评论|1\r\n不允许评论|0\";s:7:\"boxtype\";s:5:\"radio\";s:9:\"fieldtype\";s:7:\"tinyint\";s:9:\"minnumber\";s:1:\"1\";s:5:\"width\";s:2:\"88\";s:4:\"size\";s:0:\"\";s:12:\"defaultvalue\";s:1:\"1\";s:10:\"outputtype\";s:1:\"1\";s:10:\"filtertype\";s:1:\"0\";}', '', '', '', 0, 0, 0, 0, 0, 0, 0, 0, 14, 0, 0, 0),
(670, 31, 'template', '内容页模板', '', '', 0, 30, '', '', 'template', 'a:2:{s:4:\"size\";s:0:\"\";s:12:\"defaultvalue\";s:0:\"\";}', '', '-99', '-99', 0, 0, 0, 0, 0, 0, 0, 0, 13, 0, 0, 0),
(667, 31, 'recommend', '推荐', '', '', 0, 2, '', '', 'box', '', '', '', '', 1, 1, 0, 1, 0, 0, 0, 0, 15, 0, 0, 0),
(668, 31, 'username', '用户名', '', '', 0, 20, '', '', 'text', '', '', '', '', 1, 1, 0, 1, 0, 0, 0, 0, 16, 0, 0, 0),
(669, 31, 'islink', '转向链接', '', '', 0, 0, '', '', 'islink', '', '', '', '', 0, 1, 0, 0, 0, 1, 0, 0, 17, 1, 0, 0),
(666, 31, 'istop', '置顶', '', '', 0, 2, '', '', 'box', '', '', '', '', 1, 1, 0, 1, 0, 0, 0, 0, 15, 0, 0, 0),
(665, 31, 'status', '状态', '', '', 0, 2, '', '', 'box', '', '', '', '', 1, 1, 0, 1, 0, 0, 0, 0, 15, 0, 0, 0),
(760, 5, 'checkbox', '爱好', '', '', 0, 0, '', '', 'box', 'a:10:{s:7:\"options\";s:28:\"看书|1\r\n画画|2\r\n写字|3\";s:7:\"boxtype\";s:8:\"checkbox\";s:9:\"fieldtype\";s:7:\"varchar\";s:9:\"minnumber\";s:1:\"1\";s:5:\"width\";s:2:\"80\";s:4:\"size\";s:1:\"1\";s:12:\"defaultvalue\";s:1:\"1\";s:10:\"outputtype\";s:1:\"0\";s:12:\"backstagefun\";s:0:\"\";s:8:\"frontfun\";s:0:\"\";}', '', '', '', 0, 0, 0, 1, 0, 1, 0, 0, 0, 1, 0, 0),
(761, 2, 'downfile', '上传附件', '', '', 0, 0, '', '', 'downfile', 'a:9:{s:5:\"width\";s:0:\"\";s:12:\"defaultvalue\";s:0:\"\";s:15:\"upload_allowext\";s:3:\"pdf\";s:9:\"watermark\";s:1:\"0\";s:13:\"isselectimage\";s:1:\"0\";s:10:\"statistics\";s:0:\"\";s:12:\"downloadlink\";s:1:\"0\";s:12:\"backstagefun\";s:0:\"\";s:8:\"frontfun\";s:0:\"\";}', '', '', '', 0, 0, 0, 1, 0, 1, 0, 0, 3, 0, 0, 0),
(763, 41, 'status', '状态', '', '', 0, 2, '', '', 'box', 'a:8:{s:7:\"options\";s:0:\"\";s:9:\"fieldtype\";s:7:\"varchar\";s:5:\"width\";s:0:\"\";s:4:\"size\";s:0:\"\";s:12:\"defaultvalue\";s:0:\"\";s:10:\"outputtype\";s:1:\"0\";s:12:\"backstagefun\";s:0:\"\";s:8:\"frontfun\";s:0:\"\";}', '', '', '', 1, 1, 0, 1, 0, 0, 0, 0, 15, 0, 0, 0),
(764, 41, 'istop', '置顶', '', '', 0, 2, '', '', 'box', 'a:8:{s:7:\"options\";s:0:\"\";s:9:\"fieldtype\";s:7:\"varchar\";s:5:\"width\";s:0:\"\";s:4:\"size\";s:0:\"\";s:12:\"defaultvalue\";s:0:\"\";s:10:\"outputtype\";s:1:\"0\";s:12:\"backstagefun\";s:0:\"\";s:8:\"frontfun\";s:0:\"\";}', '', '', '', 1, 1, 0, 1, 0, 0, 0, 0, 15, 0, 0, 0),
(765, 41, 'recommend', '推荐', '', '', 0, 2, '', '', 'box', 'a:8:{s:7:\"options\";s:0:\"\";s:9:\"fieldtype\";s:7:\"varchar\";s:5:\"width\";s:0:\"\";s:4:\"size\";s:0:\"\";s:12:\"defaultvalue\";s:0:\"\";s:10:\"outputtype\";s:1:\"0\";s:12:\"backstagefun\";s:0:\"\";s:8:\"frontfun\";s:0:\"\";}', '', '', '', 1, 1, 0, 1, 0, 0, 0, 0, 15, 0, 0, 0),
(766, 41, 'username', '用户名', '', '', 0, 20, '', '', 'text', 'a:5:{s:4:\"size\";s:0:\"\";s:12:\"defaultvalue\";s:0:\"\";s:10:\"ispassword\";s:1:\"0\";s:12:\"backstagefun\";s:0:\"\";s:8:\"frontfun\";s:0:\"\";}', '', '', '', 1, 1, 0, 1, 0, 0, 0, 0, 16, 0, 0, 0),
(767, 41, 'islink', '转向链接', '', '', 0, 0, '', '', 'islink', 'a:3:{s:4:\"size\";s:0:\"\";s:12:\"backstagefun\";s:0:\"\";s:8:\"frontfun\";s:0:\"\";}', '', '', '', 0, 1, 0, 0, 0, 1, 0, 0, 17, 1, 0, 0),
(768, 41, 'template', '内容页模板', '', '', 0, 30, '', '', 'template', 'a:2:{s:12:\"backstagefun\";s:0:\"\";s:8:\"frontfun\";s:0:\"\";}', '', '-99', '-99', 0, 0, 0, 0, 0, 0, 0, 0, 13, 0, 0, 0),
(769, 41, 'allow_comment', '允许评论', '', '', 0, 0, '', '', 'box', 'a:10:{s:7:\"options\";s:32:\"允许评论|1\n不允许评论|0\";s:7:\"boxtype\";s:5:\"radio\";s:9:\"fieldtype\";s:7:\"tinyint\";s:9:\"minnumber\";s:1:\"1\";s:5:\"width\";s:2:\"88\";s:4:\"size\";s:0:\"\";s:12:\"defaultvalue\";s:1:\"1\";s:10:\"outputtype\";s:1:\"1\";s:12:\"backstagefun\";s:0:\"\";s:8:\"frontfun\";s:0:\"\";}', '', '', '', 0, 0, 0, 0, 0, 0, 0, 0, 14, 0, 0, 0),
(770, 41, 'inputtime', '真实发布时间', '', '', 0, 0, '', '', 'datetime', 'a:5:{s:9:\"fieldtype\";s:3:\"int\";s:6:\"format\";s:11:\"Y-m-d H:i:s\";s:11:\"defaulttype\";s:1:\"0\";s:12:\"backstagefun\";s:0:\"\";s:8:\"frontfun\";s:0:\"\";}', '', '', '', 1, 1, 0, 0, 0, 0, 0, 1, 11, 0, 0, 0),
(771, 41, 'url', 'URL', '', '', 0, 100, '', '', 'text', 'a:5:{s:4:\"size\";s:0:\"\";s:12:\"defaultvalue\";s:0:\"\";s:10:\"ispassword\";s:1:\"0\";s:12:\"backstagefun\";s:0:\"\";s:8:\"frontfun\";s:0:\"\";}', '', '', '', 1, 1, 0, 1, 0, 0, 0, 1, 12, 0, 0, 0),
(772, 41, 'listorder', '排序', '', '', 0, 6, '', '', 'number', 'a:7:{s:9:\"minnumber\";s:0:\"\";s:9:\"maxnumber\";s:0:\"\";s:13:\"decimaldigits\";s:1:\"0\";s:4:\"size\";s:0:\"\";s:12:\"defaultvalue\";s:0:\"\";s:12:\"backstagefun\";s:0:\"\";s:8:\"frontfun\";s:0:\"\";}', '', '', '', 1, 1, 0, 1, 0, 0, 0, 0, 18, 0, 0, 0),
(773, 41, 'relation', '相关文章', '', '', 0, 255, '', '', 'omnipotent', 'a:4:{s:8:\"formtext\";s:464:\"<input type=\"hidden\" name=\"info[relation]\" id=\"relation\" value=\"{FIELD_VALUE}\" style=\"50\" >\n<ul class=\"list-dot\" id=\"relation_text\">\n</ul>\n<input type=\"button\" value=\"添加相关\" onClick=\"omnipotent(\'selectid\',GV.DIMAUB+\'index.php?a=public_relationlist&m=Content&g=Content&modelid={MODELID}\',\'添加相关文章\',1)\" class=\"btn\">\n<span class=\"edit_content\">\n  <input type=\"button\" value=\"显示已有\" onClick=\"show_relation({MODELID},{ID})\" class=\"btn\">\n</span>\";s:9:\"fieldtype\";s:7:\"varchar\";s:12:\"backstagefun\";s:0:\"\";s:8:\"frontfun\";s:0:\"\";}', '', '', '', 0, 0, 0, 0, 0, 0, 1, 0, 8, 1, 0, 0),
(774, 41, 'thumb', '缩略图', '', '', 0, 100, '', '', 'image', 'a:10:{s:5:\"width\";s:0:\"\";s:12:\"defaultvalue\";s:0:\"\";s:9:\"show_type\";s:1:\"1\";s:15:\"upload_allowext\";s:20:\"jpg|jpeg|gif|png|bmp\";s:9:\"watermark\";s:1:\"0\";s:13:\"isselectimage\";s:1:\"1\";s:12:\"images_width\";s:0:\"\";s:13:\"images_height\";s:0:\"\";s:12:\"backstagefun\";s:0:\"\";s:8:\"frontfun\";s:0:\"\";}', '', '', '', 0, 1, 0, 0, 0, 1, 0, 1, 7, 1, 0, 0),
(775, 41, 'catid', '栏目', '', '', 1, 6, '/^[0-9]{1,6}$/', '请选择栏目', 'catid', 'a:2:{s:12:\"backstagefun\";s:0:\"\";s:8:\"frontfun\";s:0:\"\";}', '', '-99', '-99', 0, 1, 0, 1, 1, 1, 0, 0, 1, 0, 0, 0),
(776, 41, 'typeid', '类别', '', '', 0, 0, '', '', 'typeid', 'a:2:{s:9:\"minnumber\";s:0:\"\";s:12:\"defaultvalue\";s:0:\"\";}', '', '', '', 1, 1, 0, 1, 1, 1, 0, 0, 2, 0, 0, 0),
(777, 41, 'title', '标题', '', 'inputtitle', 1, 80, '', '请输入标题', 'title', 'a:2:{s:12:\"backstagefun\";s:0:\"\";s:8:\"frontfun\";s:0:\"\";}', '', '', '', 0, 1, 0, 1, 1, 1, 1, 1, 3, 0, 0, 0),
(778, 41, 'description', '摘要', '', '', 0, 350, '', '', 'textarea', 'a:7:{s:5:\"width\";s:2:\"99\";s:6:\"height\";s:2:\"46\";s:12:\"defaultvalue\";s:0:\"\";s:10:\"enablehtml\";s:1:\"0\";s:9:\"fieldtype\";s:10:\"mediumtext\";s:12:\"backstagefun\";s:0:\"\";s:8:\"frontfun\";s:0:\"\";}', '', '', '', 0, 1, 0, 1, 0, 1, 1, 1, 5, 1, 0, 0),
(779, 41, 'updatetime', '发布时间', '', '', 0, 0, '', '', 'datetime', 'a:5:{s:9:\"fieldtype\";s:3:\"int\";s:6:\"format\";s:11:\"Y-m-d H:i:s\";s:11:\"defaulttype\";s:1:\"0\";s:12:\"backstagefun\";s:0:\"\";s:8:\"frontfun\";s:0:\"\";}', '', '', '', 0, 1, 0, 0, 0, 0, 0, 0, 23, 0, 0, 0),
(780, 41, 'content', '内容', '', '', 1, 999999, '', '内容不能为空', 'editor', 'a:7:{s:7:\"toolbar\";s:4:\"full\";s:12:\"defaultvalue\";s:0:\"\";s:15:\"enablesaveimage\";s:1:\"1\";s:6:\"height\";s:0:\"\";s:9:\"fieldtype\";s:10:\"mediumtext\";s:12:\"backstagefun\";s:0:\"\";s:8:\"frontfun\";s:0:\"\";}', '', '', '', 0, 0, 0, 1, 0, 1, 1, 0, 6, 1, 0, 0),
(781, 41, 'seotitle', 'SEO标题', '', 'inputtitle', 0, 110, '', '请输入标题', 'textarea', 'a:7:{s:5:\"width\";s:3:\"100\";s:6:\"height\";s:2:\"20\";s:12:\"defaultvalue\";s:0:\"\";s:10:\"enablehtml\";s:1:\"0\";s:9:\"fieldtype\";s:10:\"mediumtext\";s:12:\"backstagefun\";s:0:\"\";s:8:\"frontfun\";s:0:\"\";}', '', '', '', 0, 1, 0, 1, 1, 1, 1, 1, 3, 1, 0, 0),
(782, 41, 'seokeywords', 'SEO关键字', '', '', 0, 200, '', '', 'textarea', 'a:7:{s:5:\"width\";s:3:\"100\";s:6:\"height\";s:2:\"20\";s:12:\"defaultvalue\";s:0:\"\";s:10:\"enablehtml\";s:1:\"0\";s:9:\"fieldtype\";s:10:\"mediumtext\";s:12:\"backstagefun\";s:0:\"\";s:8:\"frontfun\";s:0:\"\";}', '', '', '', 0, 1, 0, 1, 0, 1, 1, 1, 4, 1, 0, 0),
(783, 41, 'seodescription', 'SEO描述', '', '', 0, 300, '', '', 'textarea', 'a:7:{s:5:\"width\";s:2:\"98\";s:6:\"height\";s:2:\"46\";s:12:\"defaultvalue\";s:0:\"\";s:10:\"enablehtml\";s:1:\"0\";s:9:\"fieldtype\";s:10:\"mediumtext\";s:12:\"backstagefun\";s:0:\"\";s:8:\"frontfun\";s:0:\"\";}', '', '', '', 0, 1, 0, 1, 0, 1, 1, 1, 4, 1, 0, 0),
(784, 41, 'seourl', 'seourl', '', 'inputtitle', 0, 80, '', '', 'seourl', 's:0:\"\";', '', '', '', 0, 1, 0, 1, 1, 1, 1, 1, 3, 0, 0, 0),
(785, 41, 'isdelay', '是否推迟', '', '', 0, 2, '', '', 'box', '', '', '', '', 1, 1, 0, 1, 0, 0, 0, 0, 15, 0, 0, 0),
(786, 41, 'copyfrom', '来源', '', '', 0, 0, '', '', 'copyfrom', 'a:4:{s:12:\"defaultvalue\";s:0:\"\";s:5:\"width\";s:0:\"\";s:12:\"backstagefun\";s:0:\"\";s:8:\"frontfun\";s:0:\"\";}', '', '', '', 0, 0, 0, 1, 0, 1, 0, 0, 5, 0, 0, 0),
(787, 41, 'shipinurl', '视频链接地址', '', '', 0, 0, '', '', 'text', 'a:5:{s:4:\"size\";s:3:\"400\";s:12:\"defaultvalue\";s:0:\"\";s:10:\"ispassword\";s:1:\"0\";s:12:\"backstagefun\";s:0:\"\";s:8:\"frontfun\";s:0:\"\";}', '', '', '', 0, 0, 0, 1, 0, 1, 1, 0, 4, 0, 0, 0),
(788, 42, 'status', '状态', '', '', 0, 2, '', '', 'box', 'a:8:{s:7:\"options\";s:0:\"\";s:9:\"fieldtype\";s:7:\"varchar\";s:5:\"width\";s:0:\"\";s:4:\"size\";s:0:\"\";s:12:\"defaultvalue\";s:0:\"\";s:10:\"outputtype\";s:1:\"0\";s:12:\"backstagefun\";s:0:\"\";s:8:\"frontfun\";s:0:\"\";}', '', '', '', 1, 1, 0, 1, 0, 0, 0, 0, 15, 0, 0, 0),
(789, 42, 'istop', '置顶', '', '', 0, 2, '', '', 'box', 'a:8:{s:7:\"options\";s:0:\"\";s:9:\"fieldtype\";s:7:\"varchar\";s:5:\"width\";s:0:\"\";s:4:\"size\";s:0:\"\";s:12:\"defaultvalue\";s:0:\"\";s:10:\"outputtype\";s:1:\"0\";s:12:\"backstagefun\";s:0:\"\";s:8:\"frontfun\";s:0:\"\";}', '', '', '', 1, 1, 0, 1, 0, 0, 0, 0, 15, 0, 0, 0),
(790, 42, 'recommend', '推荐', '', '', 0, 2, '', '', 'box', 'a:8:{s:7:\"options\";s:0:\"\";s:9:\"fieldtype\";s:7:\"varchar\";s:5:\"width\";s:0:\"\";s:4:\"size\";s:0:\"\";s:12:\"defaultvalue\";s:0:\"\";s:10:\"outputtype\";s:1:\"0\";s:12:\"backstagefun\";s:0:\"\";s:8:\"frontfun\";s:0:\"\";}', '', '', '', 1, 1, 0, 1, 0, 0, 0, 0, 15, 0, 0, 0),
(791, 42, 'username', '用户名', '', '', 0, 20, '', '', 'text', 'a:5:{s:4:\"size\";s:0:\"\";s:12:\"defaultvalue\";s:0:\"\";s:10:\"ispassword\";s:1:\"0\";s:12:\"backstagefun\";s:0:\"\";s:8:\"frontfun\";s:0:\"\";}', '', '', '', 1, 1, 0, 1, 0, 0, 0, 0, 16, 0, 0, 0),
(792, 42, 'islink', '转向链接', '', '', 0, 0, '', '', 'islink', 'a:3:{s:4:\"size\";s:0:\"\";s:12:\"backstagefun\";s:0:\"\";s:8:\"frontfun\";s:0:\"\";}', '', '', '', 0, 1, 0, 0, 0, 1, 0, 0, 17, 1, 0, 0),
(793, 42, 'template', '内容页模板', '', '', 0, 30, '', '', 'template', 'a:2:{s:12:\"backstagefun\";s:0:\"\";s:8:\"frontfun\";s:0:\"\";}', '', '-99', '-99', 0, 0, 0, 0, 0, 0, 0, 0, 13, 0, 0, 0),
(794, 42, 'allow_comment', '允许评论', '', '', 0, 0, '', '', 'box', 'a:10:{s:7:\"options\";s:32:\"允许评论|1\n不允许评论|0\";s:7:\"boxtype\";s:5:\"radio\";s:9:\"fieldtype\";s:7:\"tinyint\";s:9:\"minnumber\";s:1:\"1\";s:5:\"width\";s:2:\"88\";s:4:\"size\";s:0:\"\";s:12:\"defaultvalue\";s:1:\"1\";s:10:\"outputtype\";s:1:\"1\";s:12:\"backstagefun\";s:0:\"\";s:8:\"frontfun\";s:0:\"\";}', '', '', '', 0, 0, 0, 0, 0, 0, 0, 0, 14, 0, 0, 0),
(795, 42, 'inputtime', '真实发布时间', '', '', 0, 0, '', '', 'datetime', 'a:5:{s:9:\"fieldtype\";s:3:\"int\";s:6:\"format\";s:11:\"Y-m-d H:i:s\";s:11:\"defaulttype\";s:1:\"0\";s:12:\"backstagefun\";s:0:\"\";s:8:\"frontfun\";s:0:\"\";}', '', '', '', 1, 1, 0, 0, 0, 0, 0, 1, 11, 0, 0, 0),
(796, 42, 'url', 'URL', '', '', 0, 100, '', '', 'text', 'a:5:{s:4:\"size\";s:0:\"\";s:12:\"defaultvalue\";s:0:\"\";s:10:\"ispassword\";s:1:\"0\";s:12:\"backstagefun\";s:0:\"\";s:8:\"frontfun\";s:0:\"\";}', '', '', '', 1, 1, 0, 1, 0, 0, 0, 1, 12, 0, 0, 0),
(797, 42, 'listorder', '排序', '', '', 0, 6, '', '', 'number', 'a:7:{s:9:\"minnumber\";s:0:\"\";s:9:\"maxnumber\";s:0:\"\";s:13:\"decimaldigits\";s:1:\"0\";s:4:\"size\";s:0:\"\";s:12:\"defaultvalue\";s:0:\"\";s:12:\"backstagefun\";s:0:\"\";s:8:\"frontfun\";s:0:\"\";}', '', '', '', 1, 1, 0, 1, 0, 0, 0, 0, 18, 0, 0, 0),
(798, 42, 'relation', '相关文章', '', '', 0, 255, '', '', 'omnipotent', 'a:4:{s:8:\"formtext\";s:464:\"<input type=\"hidden\" name=\"info[relation]\" id=\"relation\" value=\"{FIELD_VALUE}\" style=\"50\" >\n<ul class=\"list-dot\" id=\"relation_text\">\n</ul>\n<input type=\"button\" value=\"添加相关\" onClick=\"omnipotent(\'selectid\',GV.DIMAUB+\'index.php?a=public_relationlist&m=Content&g=Content&modelid={MODELID}\',\'添加相关文章\',1)\" class=\"btn\">\n<span class=\"edit_content\">\n  <input type=\"button\" value=\"显示已有\" onClick=\"show_relation({MODELID},{ID})\" class=\"btn\">\n</span>\";s:9:\"fieldtype\";s:7:\"varchar\";s:12:\"backstagefun\";s:0:\"\";s:8:\"frontfun\";s:0:\"\";}', '', '', '', 0, 0, 0, 0, 0, 0, 1, 0, 8, 1, 0, 0),
(799, 42, 'thumb', '缩略图', '', '', 0, 100, '', '', 'image', 'a:10:{s:5:\"width\";s:0:\"\";s:12:\"defaultvalue\";s:0:\"\";s:9:\"show_type\";s:1:\"1\";s:15:\"upload_allowext\";s:20:\"jpg|jpeg|gif|png|bmp\";s:9:\"watermark\";s:1:\"0\";s:13:\"isselectimage\";s:1:\"1\";s:12:\"images_width\";s:0:\"\";s:13:\"images_height\";s:0:\"\";s:12:\"backstagefun\";s:0:\"\";s:8:\"frontfun\";s:0:\"\";}', '', '', '', 0, 1, 0, 0, 0, 1, 0, 1, 7, 1, 0, 0),
(800, 42, 'catid', '栏目', '', '', 1, 6, '/^[0-9]{1,6}$/', '请选择栏目', 'catid', 'a:2:{s:12:\"backstagefun\";s:0:\"\";s:8:\"frontfun\";s:0:\"\";}', '', '-99', '-99', 0, 1, 0, 1, 1, 1, 0, 0, 1, 0, 0, 0),
(801, 42, 'typeid', '类别', '', '', 0, 0, '', '', 'typeid', 'a:2:{s:9:\"minnumber\";s:0:\"\";s:12:\"defaultvalue\";s:0:\"\";}', '', '', '', 1, 1, 0, 1, 1, 1, 0, 0, 2, 0, 0, 0),
(802, 42, 'title', '标题', '', 'inputtitle', 1, 80, '', '请输入标题', 'title', 'a:2:{s:12:\"backstagefun\";s:0:\"\";s:8:\"frontfun\";s:0:\"\";}', '', '', '', 0, 1, 0, 1, 1, 1, 1, 1, 3, 0, 0, 0),
(803, 42, 'description', '摘要', '', '', 0, 350, '', '', 'textarea', 'a:7:{s:5:\"width\";s:2:\"99\";s:6:\"height\";s:2:\"46\";s:12:\"defaultvalue\";s:0:\"\";s:10:\"enablehtml\";s:1:\"0\";s:9:\"fieldtype\";s:10:\"mediumtext\";s:12:\"backstagefun\";s:0:\"\";s:8:\"frontfun\";s:0:\"\";}', '', '', '', 0, 1, 0, 1, 0, 1, 1, 1, 5, 1, 0, 0),
(804, 42, 'updatetime', '发布时间', '', '', 0, 0, '', '', 'datetime', 'a:5:{s:9:\"fieldtype\";s:3:\"int\";s:6:\"format\";s:11:\"Y-m-d H:i:s\";s:11:\"defaulttype\";s:1:\"0\";s:12:\"backstagefun\";s:0:\"\";s:8:\"frontfun\";s:0:\"\";}', '', '', '', 0, 1, 0, 0, 0, 0, 0, 0, 23, 0, 0, 0),
(805, 42, 'content', '内容', '', '', 1, 999999, '', '内容不能为空', 'editor', 'a:7:{s:7:\"toolbar\";s:4:\"full\";s:12:\"defaultvalue\";s:0:\"\";s:15:\"enablesaveimage\";s:1:\"1\";s:6:\"height\";s:0:\"\";s:9:\"fieldtype\";s:10:\"mediumtext\";s:12:\"backstagefun\";s:0:\"\";s:8:\"frontfun\";s:0:\"\";}', '', '', '', 0, 0, 0, 1, 0, 1, 1, 0, 6, 1, 0, 0),
(806, 42, 'seotitle', 'SEO标题', '', 'inputtitle', 0, 110, '', '请输入标题', 'textarea', 'a:7:{s:5:\"width\";s:3:\"100\";s:6:\"height\";s:2:\"20\";s:12:\"defaultvalue\";s:0:\"\";s:10:\"enablehtml\";s:1:\"0\";s:9:\"fieldtype\";s:10:\"mediumtext\";s:12:\"backstagefun\";s:0:\"\";s:8:\"frontfun\";s:0:\"\";}', '', '', '', 0, 1, 0, 1, 1, 1, 1, 1, 3, 1, 0, 0),
(807, 42, 'seokeywords', 'SEO关键字', '', '', 0, 200, '', '', 'textarea', 'a:7:{s:5:\"width\";s:3:\"100\";s:6:\"height\";s:2:\"20\";s:12:\"defaultvalue\";s:0:\"\";s:10:\"enablehtml\";s:1:\"0\";s:9:\"fieldtype\";s:10:\"mediumtext\";s:12:\"backstagefun\";s:0:\"\";s:8:\"frontfun\";s:0:\"\";}', '', '', '', 0, 1, 0, 1, 0, 1, 1, 1, 4, 1, 0, 0);
INSERT INTO `cmf_model_field` (`fieldid`, `modelid`, `field`, `name`, `tips`, `css`, `minlength`, `maxlength`, `pattern`, `errortips`, `formtype`, `setting`, `formattribute`, `unsetgroupids`, `unsetroleids`, `iscore`, `issystem`, `isunique`, `isbase`, `issearch`, `isadd`, `isfulltext`, `isposition`, `listorder`, `disabled`, `isomnipotent`, `islabels`) VALUES
(808, 42, 'seodescription', 'SEO描述', '', '', 0, 300, '', '', 'textarea', 'a:7:{s:5:\"width\";s:2:\"98\";s:6:\"height\";s:2:\"46\";s:12:\"defaultvalue\";s:0:\"\";s:10:\"enablehtml\";s:1:\"0\";s:9:\"fieldtype\";s:10:\"mediumtext\";s:12:\"backstagefun\";s:0:\"\";s:8:\"frontfun\";s:0:\"\";}', '', '', '', 0, 1, 0, 1, 0, 1, 1, 1, 4, 1, 0, 0),
(809, 42, 'seourl', 'seourl', '', 'inputtitle', 0, 80, '', '', 'seourl', 's:0:\"\";', '', '', '', 0, 1, 0, 1, 1, 1, 1, 1, 3, 0, 0, 0),
(810, 42, 'isdelay', '是否推迟', '', '', 0, 2, '', '', 'box', 's:0:\"\";', '', '', '', 1, 1, 0, 1, 0, 0, 0, 0, 15, 0, 0, 0),
(811, 42, 'tzurl', '跳转链接', '', '', 0, 0, '', '', 'text', 'a:5:{s:4:\"size\";s:3:\"400\";s:12:\"defaultvalue\";s:0:\"\";s:10:\"ispassword\";s:1:\"0\";s:12:\"backstagefun\";s:0:\"\";s:8:\"frontfun\";s:0:\"\";}', '', '', '', 0, 0, 0, 1, 0, 1, 1, 0, 4, 0, 0, 0),
(812, 42, 'copyfrom', '来源', '', '', 0, 0, '', '', 'copyfrom', 'a:4:{s:12:\"defaultvalue\";s:0:\"\";s:5:\"width\";s:0:\"\";s:12:\"backstagefun\";s:0:\"\";s:8:\"frontfun\";s:0:\"\";}', '', '', '', 0, 0, 0, 1, 0, 1, 0, 0, 5, 1, 0, 0),
(813, 43, 'status', '状态', '', '', 0, 2, '', '', 'box', 'a:8:{s:7:\"options\";s:0:\"\";s:9:\"fieldtype\";s:7:\"varchar\";s:5:\"width\";s:0:\"\";s:4:\"size\";s:0:\"\";s:12:\"defaultvalue\";s:0:\"\";s:10:\"outputtype\";s:1:\"0\";s:12:\"backstagefun\";s:0:\"\";s:8:\"frontfun\";s:0:\"\";}', '', '', '', 1, 1, 0, 1, 0, 0, 0, 0, 15, 0, 0, 0),
(814, 43, 'istop', '置顶', '', '', 0, 2, '', '', 'box', 'a:8:{s:7:\"options\";s:0:\"\";s:9:\"fieldtype\";s:7:\"varchar\";s:5:\"width\";s:0:\"\";s:4:\"size\";s:0:\"\";s:12:\"defaultvalue\";s:0:\"\";s:10:\"outputtype\";s:1:\"0\";s:12:\"backstagefun\";s:0:\"\";s:8:\"frontfun\";s:0:\"\";}', '', '', '', 1, 1, 0, 1, 0, 0, 0, 0, 15, 0, 0, 0),
(815, 43, 'recommend', '推荐', '', '', 0, 2, '', '', 'box', 'a:8:{s:7:\"options\";s:0:\"\";s:9:\"fieldtype\";s:7:\"varchar\";s:5:\"width\";s:0:\"\";s:4:\"size\";s:0:\"\";s:12:\"defaultvalue\";s:0:\"\";s:10:\"outputtype\";s:1:\"0\";s:12:\"backstagefun\";s:0:\"\";s:8:\"frontfun\";s:0:\"\";}', '', '', '', 1, 1, 0, 1, 0, 0, 0, 0, 15, 0, 0, 0),
(816, 43, 'username', '用户名', '', '', 0, 20, '', '', 'text', 'a:5:{s:4:\"size\";s:0:\"\";s:12:\"defaultvalue\";s:0:\"\";s:10:\"ispassword\";s:1:\"0\";s:12:\"backstagefun\";s:0:\"\";s:8:\"frontfun\";s:0:\"\";}', '', '', '', 1, 1, 0, 1, 0, 0, 0, 0, 16, 0, 0, 0),
(817, 43, 'islink', '转向链接', '', '', 0, 0, '', '', 'islink', 'a:3:{s:4:\"size\";s:0:\"\";s:12:\"backstagefun\";s:0:\"\";s:8:\"frontfun\";s:0:\"\";}', '', '', '', 0, 1, 0, 0, 0, 1, 0, 0, 17, 1, 0, 0),
(818, 43, 'template', '内容页模板', '', '', 0, 30, '', '', 'template', 'a:2:{s:12:\"backstagefun\";s:0:\"\";s:8:\"frontfun\";s:0:\"\";}', '', '-99', '-99', 0, 0, 0, 0, 0, 0, 0, 0, 13, 0, 0, 0),
(819, 43, 'allow_comment', '允许评论', '', '', 0, 0, '', '', 'box', 'a:10:{s:7:\"options\";s:32:\"允许评论|1\n不允许评论|0\";s:7:\"boxtype\";s:5:\"radio\";s:9:\"fieldtype\";s:7:\"tinyint\";s:9:\"minnumber\";s:1:\"1\";s:5:\"width\";s:2:\"88\";s:4:\"size\";s:0:\"\";s:12:\"defaultvalue\";s:1:\"1\";s:10:\"outputtype\";s:1:\"1\";s:12:\"backstagefun\";s:0:\"\";s:8:\"frontfun\";s:0:\"\";}', '', '', '', 0, 0, 0, 0, 0, 0, 0, 0, 14, 0, 0, 0),
(820, 43, 'inputtime', '真实发布时间', '', '', 0, 0, '', '', 'datetime', 'a:5:{s:9:\"fieldtype\";s:3:\"int\";s:6:\"format\";s:11:\"Y-m-d H:i:s\";s:11:\"defaulttype\";s:1:\"0\";s:12:\"backstagefun\";s:0:\"\";s:8:\"frontfun\";s:0:\"\";}', '', '', '', 1, 1, 0, 0, 0, 0, 0, 1, 11, 0, 0, 0),
(821, 43, 'url', 'URL', '', '', 0, 100, '', '', 'text', 'a:5:{s:4:\"size\";s:0:\"\";s:12:\"defaultvalue\";s:0:\"\";s:10:\"ispassword\";s:1:\"0\";s:12:\"backstagefun\";s:0:\"\";s:8:\"frontfun\";s:0:\"\";}', '', '', '', 1, 1, 0, 1, 0, 0, 0, 1, 12, 0, 0, 0),
(822, 43, 'listorder', '排序', '', '', 0, 6, '', '', 'number', 'a:7:{s:9:\"minnumber\";s:0:\"\";s:9:\"maxnumber\";s:0:\"\";s:13:\"decimaldigits\";s:1:\"0\";s:4:\"size\";s:0:\"\";s:12:\"defaultvalue\";s:0:\"\";s:12:\"backstagefun\";s:0:\"\";s:8:\"frontfun\";s:0:\"\";}', '', '', '', 1, 1, 0, 1, 0, 0, 0, 0, 18, 0, 0, 0),
(823, 43, 'relation', '相关文章', '', '', 0, 255, '', '', 'omnipotent', 'a:4:{s:8:\"formtext\";s:464:\"<input type=\"hidden\" name=\"info[relation]\" id=\"relation\" value=\"{FIELD_VALUE}\" style=\"50\" >\n<ul class=\"list-dot\" id=\"relation_text\">\n</ul>\n<input type=\"button\" value=\"添加相关\" onClick=\"omnipotent(\'selectid\',GV.DIMAUB+\'index.php?a=public_relationlist&m=Content&g=Content&modelid={MODELID}\',\'添加相关文章\',1)\" class=\"btn\">\n<span class=\"edit_content\">\n  <input type=\"button\" value=\"显示已有\" onClick=\"show_relation({MODELID},{ID})\" class=\"btn\">\n</span>\";s:9:\"fieldtype\";s:7:\"varchar\";s:12:\"backstagefun\";s:0:\"\";s:8:\"frontfun\";s:0:\"\";}', '', '', '', 0, 0, 0, 0, 0, 0, 1, 0, 8, 1, 0, 0),
(824, 43, 'thumb', '缩略图', '', '', 0, 100, '', '', 'image', 'a:10:{s:5:\"width\";s:0:\"\";s:12:\"defaultvalue\";s:0:\"\";s:9:\"show_type\";s:1:\"1\";s:15:\"upload_allowext\";s:20:\"jpg|jpeg|gif|png|bmp\";s:9:\"watermark\";s:1:\"0\";s:13:\"isselectimage\";s:1:\"1\";s:12:\"images_width\";s:0:\"\";s:13:\"images_height\";s:0:\"\";s:12:\"backstagefun\";s:0:\"\";s:8:\"frontfun\";s:0:\"\";}', '', '', '', 0, 1, 0, 0, 0, 1, 0, 1, 7, 1, 0, 0),
(825, 43, 'catid', '栏目', '', '', 1, 6, '/^[0-9]{1,6}$/', '请选择栏目', 'catid', 'a:2:{s:12:\"backstagefun\";s:0:\"\";s:8:\"frontfun\";s:0:\"\";}', '', '-99', '-99', 0, 1, 0, 1, 1, 1, 0, 0, 1, 0, 0, 0),
(826, 43, 'typeid', '类别', '', '', 0, 0, '', '', 'typeid', 'a:2:{s:9:\"minnumber\";s:0:\"\";s:12:\"defaultvalue\";s:0:\"\";}', '', '', '', 1, 1, 0, 1, 1, 1, 0, 0, 2, 0, 0, 0),
(827, 43, 'title', '标题', '', 'inputtitle', 1, 80, '', '请输入标题', 'title', 'a:2:{s:12:\"backstagefun\";s:0:\"\";s:8:\"frontfun\";s:0:\"\";}', '', '', '', 0, 1, 0, 1, 1, 1, 1, 1, 3, 0, 0, 0),
(828, 43, 'description', '摘要', '', '', 0, 350, '', '', 'textarea', 'a:7:{s:5:\"width\";s:2:\"99\";s:6:\"height\";s:2:\"46\";s:12:\"defaultvalue\";s:0:\"\";s:10:\"enablehtml\";s:1:\"0\";s:9:\"fieldtype\";s:10:\"mediumtext\";s:12:\"backstagefun\";s:0:\"\";s:8:\"frontfun\";s:0:\"\";}', '', '', '', 0, 1, 0, 1, 0, 1, 1, 1, 5, 1, 0, 0),
(829, 43, 'updatetime', '发布时间', '', '', 0, 0, '', '', 'datetime', 'a:5:{s:9:\"fieldtype\";s:3:\"int\";s:6:\"format\";s:11:\"Y-m-d H:i:s\";s:11:\"defaulttype\";s:1:\"0\";s:12:\"backstagefun\";s:0:\"\";s:8:\"frontfun\";s:0:\"\";}', '', '', '', 0, 1, 0, 0, 0, 0, 0, 0, 23, 0, 0, 0),
(830, 43, 'content', '内容', '', '', 1, 999999, '', '内容不能为空', 'editor', 'a:7:{s:7:\"toolbar\";s:4:\"full\";s:12:\"defaultvalue\";s:0:\"\";s:15:\"enablesaveimage\";s:1:\"1\";s:6:\"height\";s:0:\"\";s:9:\"fieldtype\";s:10:\"mediumtext\";s:12:\"backstagefun\";s:0:\"\";s:8:\"frontfun\";s:0:\"\";}', '', '', '', 0, 0, 0, 1, 0, 1, 1, 0, 6, 0, 0, 0),
(831, 43, 'seotitle', 'SEO标题', '', 'inputtitle', 0, 110, '', '请输入标题', 'textarea', 'a:7:{s:5:\"width\";s:3:\"100\";s:6:\"height\";s:2:\"20\";s:12:\"defaultvalue\";s:0:\"\";s:10:\"enablehtml\";s:1:\"0\";s:9:\"fieldtype\";s:10:\"mediumtext\";s:12:\"backstagefun\";s:0:\"\";s:8:\"frontfun\";s:0:\"\";}', '', '', '', 0, 1, 0, 1, 1, 1, 1, 1, 3, 1, 0, 0),
(832, 43, 'seokeywords', 'SEO关键字', '', '', 0, 200, '', '', 'textarea', 'a:7:{s:5:\"width\";s:3:\"100\";s:6:\"height\";s:2:\"20\";s:12:\"defaultvalue\";s:0:\"\";s:10:\"enablehtml\";s:1:\"0\";s:9:\"fieldtype\";s:10:\"mediumtext\";s:12:\"backstagefun\";s:0:\"\";s:8:\"frontfun\";s:0:\"\";}', '', '', '', 0, 1, 0, 1, 0, 1, 1, 1, 4, 1, 0, 0),
(833, 43, 'seodescription', 'SEO描述', '', '', 0, 300, '', '', 'textarea', 'a:7:{s:5:\"width\";s:2:\"98\";s:6:\"height\";s:2:\"46\";s:12:\"defaultvalue\";s:0:\"\";s:10:\"enablehtml\";s:1:\"0\";s:9:\"fieldtype\";s:10:\"mediumtext\";s:12:\"backstagefun\";s:0:\"\";s:8:\"frontfun\";s:0:\"\";}', '', '', '', 0, 1, 0, 1, 0, 1, 1, 1, 4, 1, 0, 0),
(834, 43, 'seourl', 'seourl', '', 'inputtitle', 0, 80, '', '', 'seourl', 's:0:\"\";', '', '', '', 0, 1, 0, 1, 1, 1, 1, 1, 3, 0, 0, 0),
(835, 43, 'isdelay', '是否推迟', '', '', 0, 2, '', '', 'box', 's:0:\"\";', '', '', '', 1, 1, 0, 1, 0, 0, 0, 0, 15, 0, 0, 0),
(836, 43, 'tzurl', '跳转链接', '', '', 0, 0, '', '', 'text', 'a:5:{s:4:\"size\";s:3:\"400\";s:12:\"defaultvalue\";s:0:\"\";s:10:\"ispassword\";s:1:\"0\";s:12:\"backstagefun\";s:0:\"\";s:8:\"frontfun\";s:0:\"\";}', '', '', '', 0, 0, 0, 1, 0, 1, 1, 0, 4, 1, 0, 0),
(837, 43, 'copyfrom', '来源', '', '', 0, 0, '', '', 'copyfrom', 'a:4:{s:12:\"defaultvalue\";s:0:\"\";s:5:\"width\";s:0:\"\";s:12:\"backstagefun\";s:0:\"\";s:8:\"frontfun\";s:0:\"\";}', '', '', '', 0, 0, 0, 1, 0, 1, 0, 0, 5, 1, 0, 0),
(838, 44, 'status', '状态', '', '', 0, 2, '', '', 'box', 'a:8:{s:7:\"options\";s:0:\"\";s:9:\"fieldtype\";s:7:\"varchar\";s:5:\"width\";s:0:\"\";s:4:\"size\";s:0:\"\";s:12:\"defaultvalue\";s:0:\"\";s:10:\"outputtype\";s:1:\"0\";s:12:\"backstagefun\";s:0:\"\";s:8:\"frontfun\";s:0:\"\";}', '', '', '', 1, 1, 0, 1, 0, 0, 0, 0, 15, 0, 0, 0),
(839, 44, 'istop', '置顶', '', '', 0, 2, '', '', 'box', 'a:8:{s:7:\"options\";s:0:\"\";s:9:\"fieldtype\";s:7:\"varchar\";s:5:\"width\";s:0:\"\";s:4:\"size\";s:0:\"\";s:12:\"defaultvalue\";s:0:\"\";s:10:\"outputtype\";s:1:\"0\";s:12:\"backstagefun\";s:0:\"\";s:8:\"frontfun\";s:0:\"\";}', '', '', '', 1, 1, 0, 1, 0, 0, 0, 0, 15, 0, 0, 0),
(840, 44, 'recommend', '推荐', '', '', 0, 2, '', '', 'box', 'a:8:{s:7:\"options\";s:0:\"\";s:9:\"fieldtype\";s:7:\"varchar\";s:5:\"width\";s:0:\"\";s:4:\"size\";s:0:\"\";s:12:\"defaultvalue\";s:0:\"\";s:10:\"outputtype\";s:1:\"0\";s:12:\"backstagefun\";s:0:\"\";s:8:\"frontfun\";s:0:\"\";}', '', '', '', 1, 1, 0, 1, 0, 0, 0, 0, 15, 0, 0, 0),
(841, 44, 'username', '用户名', '', '', 0, 20, '', '', 'text', 'a:5:{s:4:\"size\";s:0:\"\";s:12:\"defaultvalue\";s:0:\"\";s:10:\"ispassword\";s:1:\"0\";s:12:\"backstagefun\";s:0:\"\";s:8:\"frontfun\";s:0:\"\";}', '', '', '', 1, 1, 0, 1, 0, 0, 0, 0, 16, 0, 0, 0),
(842, 44, 'islink', '转向链接', '', '', 0, 0, '', '', 'islink', 'a:3:{s:4:\"size\";s:0:\"\";s:12:\"backstagefun\";s:0:\"\";s:8:\"frontfun\";s:0:\"\";}', '', '', '', 0, 1, 0, 0, 0, 1, 0, 0, 17, 1, 0, 0),
(843, 44, 'template', '内容页模板', '', '', 0, 30, '', '', 'template', 'a:2:{s:12:\"backstagefun\";s:0:\"\";s:8:\"frontfun\";s:0:\"\";}', '', '-99', '-99', 0, 0, 0, 0, 0, 0, 0, 0, 13, 0, 0, 0),
(844, 44, 'allow_comment', '允许评论', '', '', 0, 0, '', '', 'box', 'a:10:{s:7:\"options\";s:32:\"允许评论|1\n不允许评论|0\";s:7:\"boxtype\";s:5:\"radio\";s:9:\"fieldtype\";s:7:\"tinyint\";s:9:\"minnumber\";s:1:\"1\";s:5:\"width\";s:2:\"88\";s:4:\"size\";s:0:\"\";s:12:\"defaultvalue\";s:1:\"1\";s:10:\"outputtype\";s:1:\"1\";s:12:\"backstagefun\";s:0:\"\";s:8:\"frontfun\";s:0:\"\";}', '', '', '', 0, 0, 0, 0, 0, 0, 0, 0, 14, 0, 0, 0),
(845, 44, 'inputtime', '真实发布时间', '', '', 0, 0, '', '', 'datetime', 'a:5:{s:9:\"fieldtype\";s:3:\"int\";s:6:\"format\";s:11:\"Y-m-d H:i:s\";s:11:\"defaulttype\";s:1:\"0\";s:12:\"backstagefun\";s:0:\"\";s:8:\"frontfun\";s:0:\"\";}', '', '', '', 1, 1, 0, 0, 0, 0, 0, 1, 11, 0, 0, 0),
(846, 44, 'url', 'URL', '', '', 0, 100, '', '', 'text', 'a:5:{s:4:\"size\";s:0:\"\";s:12:\"defaultvalue\";s:0:\"\";s:10:\"ispassword\";s:1:\"0\";s:12:\"backstagefun\";s:0:\"\";s:8:\"frontfun\";s:0:\"\";}', '', '', '', 1, 1, 0, 1, 0, 0, 0, 1, 12, 0, 0, 0),
(847, 44, 'listorder', '排序', '', '', 0, 6, '', '', 'number', 'a:7:{s:9:\"minnumber\";s:0:\"\";s:9:\"maxnumber\";s:0:\"\";s:13:\"decimaldigits\";s:1:\"0\";s:4:\"size\";s:0:\"\";s:12:\"defaultvalue\";s:0:\"\";s:12:\"backstagefun\";s:0:\"\";s:8:\"frontfun\";s:0:\"\";}', '', '', '', 1, 1, 0, 1, 0, 0, 0, 0, 18, 0, 0, 0),
(848, 44, 'relation', '相关文章', '', '', 0, 255, '', '', 'omnipotent', 'a:4:{s:8:\"formtext\";s:464:\"<input type=\"hidden\" name=\"info[relation]\" id=\"relation\" value=\"{FIELD_VALUE}\" style=\"50\" >\n<ul class=\"list-dot\" id=\"relation_text\">\n</ul>\n<input type=\"button\" value=\"添加相关\" onClick=\"omnipotent(\'selectid\',GV.DIMAUB+\'index.php?a=public_relationlist&m=Content&g=Content&modelid={MODELID}\',\'添加相关文章\',1)\" class=\"btn\">\n<span class=\"edit_content\">\n  <input type=\"button\" value=\"显示已有\" onClick=\"show_relation({MODELID},{ID})\" class=\"btn\">\n</span>\";s:9:\"fieldtype\";s:7:\"varchar\";s:12:\"backstagefun\";s:0:\"\";s:8:\"frontfun\";s:0:\"\";}', '', '', '', 0, 0, 0, 0, 0, 0, 1, 0, 8, 1, 0, 0),
(849, 44, 'thumb', '缩略图', '', '', 0, 100, '', '', 'image', 'a:10:{s:5:\"width\";s:0:\"\";s:12:\"defaultvalue\";s:0:\"\";s:9:\"show_type\";s:1:\"1\";s:15:\"upload_allowext\";s:20:\"jpg|jpeg|gif|png|bmp\";s:9:\"watermark\";s:1:\"0\";s:13:\"isselectimage\";s:1:\"1\";s:12:\"images_width\";s:0:\"\";s:13:\"images_height\";s:0:\"\";s:12:\"backstagefun\";s:0:\"\";s:8:\"frontfun\";s:0:\"\";}', '', '', '', 0, 1, 0, 0, 0, 1, 0, 1, 7, 0, 0, 0),
(850, 44, 'catid', '栏目', '', '', 1, 6, '/^[0-9]{1,6}$/', '请选择栏目', 'catid', 'a:2:{s:12:\"backstagefun\";s:0:\"\";s:8:\"frontfun\";s:0:\"\";}', '', '-99', '-99', 0, 1, 0, 1, 1, 1, 0, 0, 1, 0, 0, 0),
(851, 44, 'typeid', '类别', '', '', 0, 0, '', '', 'typeid', 'a:2:{s:9:\"minnumber\";s:0:\"\";s:12:\"defaultvalue\";s:0:\"\";}', '', '', '', 1, 1, 0, 1, 1, 1, 0, 0, 2, 0, 0, 0),
(852, 44, 'title', '标题', '', 'inputtitle', 1, 80, '', '请输入标题', 'title', 'a:2:{s:12:\"backstagefun\";s:0:\"\";s:8:\"frontfun\";s:0:\"\";}', '', '', '', 0, 1, 0, 1, 1, 1, 1, 1, 3, 0, 0, 0),
(853, 44, 'description', '摘要', '', '', 0, 350, '', '', 'textarea', 'a:7:{s:5:\"width\";s:2:\"99\";s:6:\"height\";s:2:\"46\";s:12:\"defaultvalue\";s:0:\"\";s:10:\"enablehtml\";s:1:\"0\";s:9:\"fieldtype\";s:10:\"mediumtext\";s:12:\"backstagefun\";s:0:\"\";s:8:\"frontfun\";s:0:\"\";}', '', '', '', 0, 1, 0, 1, 0, 1, 1, 1, 5, 0, 0, 0),
(854, 44, 'updatetime', '发布时间', '', '', 0, 0, '', '', 'datetime', 'a:5:{s:9:\"fieldtype\";s:3:\"int\";s:6:\"format\";s:11:\"Y-m-d H:i:s\";s:11:\"defaulttype\";s:1:\"0\";s:12:\"backstagefun\";s:0:\"\";s:8:\"frontfun\";s:0:\"\";}', '', '', '', 0, 1, 0, 0, 0, 0, 0, 0, 23, 0, 0, 0),
(855, 44, 'content', '内容', '', '', 1, 999999, '', '内容不能为空', 'editor', 'a:7:{s:7:\"toolbar\";s:4:\"full\";s:12:\"defaultvalue\";s:0:\"\";s:15:\"enablesaveimage\";s:1:\"1\";s:6:\"height\";s:0:\"\";s:9:\"fieldtype\";s:10:\"mediumtext\";s:12:\"backstagefun\";s:0:\"\";s:8:\"frontfun\";s:0:\"\";}', '', '', '', 0, 0, 0, 1, 0, 1, 1, 0, 6, 0, 0, 0),
(856, 44, 'seotitle', 'SEO标题', '', 'inputtitle', 0, 110, '', '请输入标题', 'textarea', 'a:7:{s:5:\"width\";s:3:\"100\";s:6:\"height\";s:2:\"20\";s:12:\"defaultvalue\";s:0:\"\";s:10:\"enablehtml\";s:1:\"0\";s:9:\"fieldtype\";s:10:\"mediumtext\";s:12:\"backstagefun\";s:0:\"\";s:8:\"frontfun\";s:0:\"\";}', '', '', '', 0, 1, 0, 1, 1, 1, 1, 1, 3, 0, 0, 0),
(857, 44, 'seokeywords', 'SEO关键字', '', '', 0, 200, '', '', 'textarea', 'a:7:{s:5:\"width\";s:3:\"100\";s:6:\"height\";s:2:\"20\";s:12:\"defaultvalue\";s:0:\"\";s:10:\"enablehtml\";s:1:\"0\";s:9:\"fieldtype\";s:10:\"mediumtext\";s:12:\"backstagefun\";s:0:\"\";s:8:\"frontfun\";s:0:\"\";}', '', '', '', 0, 1, 0, 1, 0, 1, 1, 1, 4, 0, 0, 0),
(858, 44, 'seodescription', 'SEO描述', '', '', 0, 300, '', '', 'textarea', 'a:7:{s:5:\"width\";s:2:\"98\";s:6:\"height\";s:2:\"46\";s:12:\"defaultvalue\";s:0:\"\";s:10:\"enablehtml\";s:1:\"0\";s:9:\"fieldtype\";s:10:\"mediumtext\";s:12:\"backstagefun\";s:0:\"\";s:8:\"frontfun\";s:0:\"\";}', '', '', '', 0, 1, 0, 1, 0, 1, 1, 1, 4, 0, 0, 0),
(859, 44, 'seourl', 'seourl', '', 'inputtitle', 0, 80, '', '', 'seourl', 's:0:\"\";', '', '', '', 0, 1, 0, 1, 1, 1, 1, 1, 3, 0, 0, 0),
(860, 44, 'isdelay', '是否推迟', '', '', 0, 2, '', '', 'box', '', '', '', '', 1, 1, 0, 1, 0, 0, 0, 0, 15, 0, 0, 0),
(861, 44, 'copyfrom', '来源', '', '', 0, 0, '', '', 'copyfrom', 'a:4:{s:12:\"defaultvalue\";s:0:\"\";s:5:\"width\";s:0:\"\";s:12:\"backstagefun\";s:0:\"\";s:8:\"frontfun\";s:0:\"\";}', '', '', '', 0, 0, 0, 1, 0, 1, 0, 0, 5, 1, 0, 0);

CREATE TABLE `cmf_module` (
  `module` varchar(15) NOT NULL COMMENT '模块',
  `modulename` varchar(20) NOT NULL DEFAULT '' COMMENT '模块名称',
  `sign` varchar(255) NOT NULL DEFAULT '' COMMENT '签名',
  `iscore` tinyint(1) UNSIGNED NOT NULL DEFAULT '0' COMMENT '内置模块',
  `disabled` tinyint(1) UNSIGNED NOT NULL DEFAULT '0' COMMENT '是否可用',
  `version` varchar(50) NOT NULL DEFAULT '' COMMENT '版本',
  `setting` mediumtext COMMENT '设置信息',
  `installtime` int(10) NOT NULL DEFAULT '0' COMMENT '安装时间',
  `updatetime` int(10) NOT NULL DEFAULT '0' COMMENT '更新时间',
  `listorder` tinyint(3) UNSIGNED NOT NULL DEFAULT '0' COMMENT '排序'
) ENGINE=MyISAM DEFAULT CHARSET=utf8;

INSERT INTO `cmf_module` (`module`, `modulename`, `sign`, `iscore`, `disabled`, `version`, `setting`, `installtime`, `updatetime`, `listorder`) VALUES
('Search', '搜索', '2e01dfe1d6be7e454aea66c442639b7e', 0, 1, '1.0.2', 'a:6:{s:7:\"modelid\";a:4:{i:0;s:1:\"1\";i:1;s:1:\"2\";i:2;s:1:\"3\";i:3;s:1:\"5\";}s:13:\"relationenble\";s:1:\"1\";s:7:\"segment\";s:1:\"0\";s:9:\"dzsegment\";s:1:\"0\";s:8:\"pagesize\";s:0:\"\";s:9:\"cachetime\";s:0:\"\";}', 1466567829, 1466567829, 0);

CREATE TABLE `cmf_module_blocks` (
  `id` smallint(6) NOT NULL,
  `module` varchar(50) NOT NULL,
  `action` varchar(50) NOT NULL,
  `alias` varchar(50) NOT NULL,
  `title` varchar(255) DEFAULT NULL,
  `show_title` enum('0','1') NOT NULL DEFAULT '1',
  `rsign` varchar(50) NOT NULL,
  `content` longtext,
  `hash` char(40) NOT NULL,
  `listorder` int(11) NOT NULL DEFAULT '0',
  `published` enum('0','1') NOT NULL DEFAULT '1',
  `roles` varchar(50) NOT NULL DEFAULT '{guest}',
  `token` varchar(40) NOT NULL DEFAULT '',
  `perpage_show` varchar(40) NOT NULL DEFAULT ''
) ENGINE=MyISAM DEFAULT CHARSET=utf8;

INSERT INTO `cmf_module_blocks` (`id`, `module`, `action`, `alias`, `title`, `show_title`, `rsign`, `content`, `hash`, `listorder`, `published`, `roles`, `token`, `perpage_show`) VALUES
(1, 'Zckop', 'nav', 'zc_nav', '主菜单', '0', 'nav', '', '_ALL', 2, '1', '{member}{admin}{guest}', '', ''),
(89, 'Zckop', 'certificates_list', 'zc_certificateslist', '证书列表', '0', 'center', '{\"zcmsg\":{\"edit\":{\"url\":\"index.php?g=Content&m=Contentshow&a=classlist\",\"title\":\"\\u5185\\u5bb9\\u7f16\\u8f91\",\"width\":900,\"height\":700},\"attr\":{\"title\":\"\\u5c5e\\u6027\",\"argu\":{\"limit\":4}}}}', 'd99cdb00bb5af27fcf4feac1c472293c', 8, '1', '{member}{admin}{guest}', '', ''),
(71, 'Zckop', 'article_new-2', 'zc_57e4c3604802e', '文章和faq', '0', 'center', '{\"zcmsg\":{\"edit\":{\"url\":\"\\/xinxiangmu\\/index.php?g=Content&m=Contentshow&a=classlist&catid=96\",\"title\":\"\\u5185\\u5bb9\\u7f16\\u8f91\",\"width\":900,\"height\":700},\"attr\":{\"argu\":{\"catid\":\"96\",\"limit\":15,\"title_link\":\"\",\"modelid\":\"1\"},\"title\":\"\\u5c5e\\u6027\"}}}', 'ea0da8814469b7335b1519cae99d9e9d', 8, '1', '{guest}', '', ''),
(3, 'Zckop', 'product_category', 'zc_productcategory', '产品分类', '1', 'kopproduct', '{\"zcmsg\":{\"edit\":{\"url\":\"\\/thinkcmf\\/index.php?g=Portal&m=AdminTerm&a=index\",\"title\":\"\\u5185\\u5bb9\\u7f16\\u8f91\",\"width\":1000,\"height\":700},\"attr\":{\"title\":\"\\u5c5e\\u6027\",\"argu\":{\"title_link\":\"\"}}}}', '', 2, '1', '{guest}', '', ''),
(4, 'Zckop', 'show_image', 'zc_showimage', NULL, '0', 'nav', '{\"zcmsg\":{\"edit\":{\"url\":\"index.php?g=Admin&m=Setting&a=logo\",\"title\":\"\\u5185\\u5bb9\\u7f16\\u8f91\",\"width\":900,\"height\":700},\"attr\":{\"title\":\"\\u5c5e\\u6027\",\"argu\":{\"alt\":\"122345\"}}},\"width\":\"100\",\"height\":\"120\",\"logourl\":\"data\\/upload\\/20160920\\/57e0a7b8ca3f6.png\"}', '_ALL', 1, '1', '{member}{admin}{guest}', '', ''),
(5, 'Zckop', 'custom_html', 'zc_customhtml', '', '0', 'footer', '', '_ALL', 0, '1', '{member}{admin}{guest}', '', ''),
(6, 'Zckop', 'article_list', 'zc_articlelist', '文章列表', '0', 'center', '{\"zcmsg\":{\"edit\":{\"url\":\"index.php?g=Content&m=Contentshow&a=classlist\",\"title\":\"\\u5185\\u5bb9\\u7f16\\u8f91\",\"width\":900,\"height\":700},\"attr\":{\"title\":\"\\u5c5e\\u6027\",\"argu\":{\"limit\":4}}}}', '4f43378539283a9f6a8157d80dec274c', 3, '1', '{member}{admin}{guest}', '', ''),
(7, 'Zckop', 'product_list', 'zc_productlist', '产品列表', '0', 'right', '{\"zcmsg\":{\"edit\":{\"url\":\"index.php?g=Content&m=Contentshow&a=classlist\",\"title\":\"\\u5185\\u5bb9\\u7f16\\u8f91\",\"width\":900,\"height\":700},\"attr\":{\"title\":\"\\u5c5e\\u6027\",\"argu\":{\"limit\":12}}}}', '7bc0ee636b3b83484fc3b9348863bd22', 1, '1', '{member}{admin}{guest}', '', ''),
(8, 'Zckop', 'download_list', 'zc_downloadlist', '下载列表', '1', 'kopdownload', '{\"zcmsg\":{\"edit\":{\"url\":\"index.php?g=Content&m=Contentshow&a=classlist\",\"title\":\"\\u5185\\u5bb9\\u7f16\\u8f91\",\"width\":900,\"height\":700},\"attr\":{\"title\":\"\\u5c5e\\u6027\",\"argu\":{\"limit\":8}}}}', 'ce0ce1d4be005f7b9acb1db81286508a', 1, '1', '{member}{admin}{guest}', '', ''),
(9, 'Zckop', 'show_pro', 'zc_showpro', '产品详情', '0', 'right', '{\"zcmsg\":{\"edit\":{\"url\":\"index.php?g=Content&m=Contentshow&a=edit\",\"title\":\"\\u5185\\u5bb9\\u7f16\\u8f91\",\"width\":900,\"height\":700}}}', 'f4a3e3ec5fed9262777469de94052015', 0, '1', '{member}{admin}{guest}', '', ''),
(10, 'Zckop', 'show_art', 'zc_showart', '文章详情', '0', 'center', '{\"zcmsg\":{\"edit\":{\"url\":\"index.php?g=Content&m=Contentshow&a=edit\",\"title\":\"\\u5185\\u5bb9\\u7f16\\u8f91\",\"width\":900,\"height\":700}}}', 'f0c22401dbdd8e301f9201228c7bea6d', 0, '1', '{member}{admin}{guest}', '', ''),
(11, 'Zckop', 'show_down', 'zc_showdown', '下载详情', '0', 'center', '{\"zcmsg\":{\"edit\":{\"url\":\"index.php?g=Content&m=Contentshow&a=edit\",\"title\":\"\\u5185\\u5bb9\\u7f16\\u8f91\",\"width\":900,\"height\":700}}}', '46eec81e290ed81b4aca87e6f635c65d', 0, '1', '{member}{admin}{guest}', '', ''),
(12, 'Zckop', 'show_pic', 'zc_showpic', '图片详情', '0', 'left', '{\"zcmsg\":{\"edit\":{\"url\":\"index.php?g=Content&m=Contentshow&a=edit\",\"title\":\"\\u5185\\u5bb9\\u7f16\\u8f91\",\"width\":900,\"height\":700}}}', '522c5508cdc8080699c95d3bafac4a51', 0, '1', '{member}{admin}{guest}', '', ''),
(13, 'Zckop', 'inquiry', 'zc_inquiry', '询盘列表', '1', 'left', '{\"zcmsg\":{\"edit\":{\"url\":\"index.php?g=Content&m=Contentshow&a=classlist\",\"title\":\"\\u5185\\u5bb9\\u7f16\\u8f91\",\"width\":900,\"height\":700},\"attr\":{\"title\":\"\\u5c5e\\u6027\",\"argu\":{\"limit\":2}}}}', '658c7e0b74b870c0d0594ccd1d960a92', 0, '1', '{member}{admin}{guest}', '', ''),
(51, 'Zckop', 'navs', 'zc_navs', '主菜单', '0', 'navs', '', '_ALL', 2, '1', '{member}{admin}{guest}', '', ''),
(15, 'Zckop', 'follow_us', 'zc_followus', '关注我们（社交平台）', '0', 'footer', NULL, '', 0, '1', '{guest}', '', ''),
(16, 'Zckop', 'lunbo', 'zc_lunbo', '轮播图', '0', 'nav', '{\"zcmsg\":{\"edit\":{\"url\":\"index.php?g=Admin&m=Setting&a=lunbo&cmbid=16\",\"title\":\"\\u5185\\u5bb9\\u7f16\\u8f91\",\"width\":900,\"height\":700}},\"image\":[{\"url\":\"data\\/upload\\/20160923\\/57e49234d6926.jpg\",\"alt\":\"banner\",\"tar\":\"http:\\/\\/localhost\\/xxm\\/\",\"seq\":\"0\"},{\"url\":\"data\\/upload\\/20160923\\/57e4923f918b0.jpg\",\"alt\":\"banner\",\"tar\":\"http:\\/\\/localhost\\/xxm\\/\",\"seq\":\"0\"},{\"url\":\"data\\/upload\\/20160923\\/57e492465c4d2.jpg\",\"alt\":\"banner\",\"tar\":\"http:\\/\\/localhost\\/xxm\\/\",\"seq\":\"0\"},{\"url\":\"data\\/upload\\/20160923\\/57e4924b8aeac.jpg\",\"alt\":\"banner\",\"tar\":\"http:\\/\\/localhost\\/xxm\\/\",\"seq\":\"0\"}],\"yangshi\":\"2\"}', '_ALL', 3, '1', '{member}{admin}{guest}', '', ''),
(17, 'Zckop', 'article_category', 'zc_articlecategory', '文章分类', '1', 'koparticle', '{\"zcmsg\":{\"edit\":{\"url\":\"\\/thinkcmf\\/index.php?g=Portal&m=AdminTerm&a=index&modelid=5\",\"title\":\"\\u5185\\u5bb9\\u7f16\\u8f91\",\"width\":1000,\"height\":700},\"attr\":{\"url\":\"index.php?g=Portal&m=Zckop&a=aboutus\",\"title\":\"\\u5c5e\\u6027\",\"argu\":{\"title_link\":\"12322\",\"catid\":\"\"}}}}', '', 2, '1', '{guest}', '', ''),
(92, 'Zckop', 'product_category-2', 'zc_searchprolistinfo', '搜索页产品分类', '0', 'left', '{\"zcmsg\":{\"edit\":{\"url\":\"\\/thinkcmf\\/index.php?g=Portal&m=AdminTerm&a=index\",\"title\":\"\\u5185\\u5bb9\\u7f16\\u8f91\",\"width\":1000,\"height\":700},\"attr\":{\"title\":\"\\u5c5e\\u6027\",\"argu\":{\"title_link\":\"\"}}}}', 'e53a7b69acfe706da847b99acea9c8e0', 1, '1', '{guest}', '', ''),
(75, 'Zckop', 'shows', 'zc_aboutus', '关于我们', '0', 'center', '{\"zcmsg\":{\"edit\":{\"url\":\"index.php?g=Content&m=Contentshow&a=pagedit&catid=21\",\"title\":\"\\u5185\\u5bb9\\u7f16\\u8f91\",\"width\":900,\"height\":700}}}', '5a6d30de67df52b27ee1a75de80d81c5', 0, '1', '{member}{admin}{guest}', '', ''),
(91, 'Zckop', 'faq_list', 'zc_faqlist', '文章列表', '0', 'center', '{\"zcmsg\":{\"edit\":{\"url\":\"index.php?g=Content&m=Contentshow&a=classlist\",\"title\":\"\\u5185\\u5bb9\\u7f16\\u8f91\",\"width\":900,\"height\":700},\"attr\":{\"title\":\"\\u5c5e\\u6027\",\"argu\":{\"limit\":4}}}}', '60454915697ad44030c85864432b27ee', 8, '1', '{member}{admin}{guest}', '', ''),
(20, 'Zckop', 'contact_information', 'zc_contactinformation', '联系方式', '1', 'kopqt', '{\"zcmsg\":{\"attr\":{\"title\":\"\\u5c5e\\u6027\",\"argu\":{\"title_link\":\"lianxifangshi2\"}}},\"strnum\":null}', 'ea0da8814469b7335b1519cae99d9e9d', 2, '1', '{guest}', '', ''),
(21, 'Zckop', 'friendly_links', 'zc_friendlylinks', '友情连接', '1', 'kopqt', '{\"zcmsg\":{\"edit\":{\"url\":\"\\/index.php?g=Admin&m=Link&a=index\",\"title\":\"\\u5185\\u5bb9\\u7f16\\u8f91\",\"width\":1000,\"height\":700},\"attr\":{\"title\":\"\\u5c5e\\u6027\",\"argu\":{\"title_link\":null}}}}', 'ea0da8814469b7335b1519cae99d9e9d', 3, '1', '{guest}', '', ''),
(26, 'Zckop', 'show_image', 'zc_showimage2', NULL, '0', 'logo', '{\"zcmsg\":{\"edit\":{\"url\":\"index.php?g=Admin&m=Setting&a=logo\",\"title\":\"\\u5185\\u5bb9\\u7f16\\u8f91\",\"width\":900,\"height\":700},\"attr\":{\"title\":\"\\u5c5e\\u6027\",\"argu\":{\"alt\":\"122345\"}}},\"logo\":{\"big\":{\"width\":\"251\",\"height\":\"71\",\"logourl\":\"http:\\/\\/192.168.0.9\\/xxm\\/data\\/watermark\\/20170825\\/599ff9750063d.png\"},\"small\":{\"width\":\"22\",\"height\":\"22\",\"logourl\":\"data\\/upload\\/20161027\\/58117500073b2.png\"}}}', '_ALL', 3, '1', '{member}{admin}{guest}', '', ''),
(72, 'Zckop', 'lunbo-3', 'zc_indexlunbo3', '轮播图', '0', 'center', '{\"zcmsg\":{\"edit\":{\"url\":\"index.php?g=Admin&m=Setting&a=lunbo&cmbid=72\",\"title\":\"\\u5185\\u5bb9\\u7f16\\u8f91\",\"width\":900,\"height\":700}},\"image\":[{\"url\":\"data\\/upload\\/20160923\\/57e4d53d067cf.jpg\",\"alt\":\"customer-pic6\",\"tar\":null,\"seq\":\"0\"},{\"url\":\"data\\/upload\\/20160923\\/57e4bb0b588e5.jpg\",\"alt\":\"factory-pic2\",\"tar\":\"\",\"seq\":\"Hebei XINYU Welding Co., Ltd Welcome you to our factory any time.\"},{\"url\":\"data\\/upload\\/20160923\\/57e4bb32f0950.jpg\",\"alt\":\"factory-pic1\",\"tar\":\"\",\"seq\":\"Hebei XINYU Welding Co., Ltd Welcome you to our factory any time.\"},{\"url\":\"data\\/upload\\/20160923\\/57e4bb3c34584.jpg\",\"alt\":\"factory-pic4\",\"tar\":\"\",\"seq\":\"Hebei XINYU Welding Co., Ltd Welcome you to our factory any time.\"},{\"url\":\"data\\/upload\\/20160923\\/57e4bb441fb08.jpg\",\"alt\":\"factory-pic3\",\"tar\":\"\",\"seq\":\"Hebei XINYU Welding Co., Ltd Welcome you to our factory any time.\"},{\"url\":\"data\\/upload\\/20160923\\/57e4bb8d13516.jpg\",\"alt\":\"factory-pic5\",\"tar\":\"\",\"seq\":\"Hebei XINYU Welding Co., Ltd Welcome you to our factory any time.\"}],\"yangshi\":\"2\"}', 'ea0da8814469b7335b1519cae99d9e9d--', 9, '1', '{member}{admin}{guest}', '', ''),
(90, 'Zckop', 'contactus', 'zc_contactus', '公司介绍', '0', 'center', '', 'ed51394cd37cb03fd5543996054bdb14', 2, '1', '{member}{admin}{guest}', '', ''),
(66, 'Zckop', 'article_hot-2', 'zc_57e4953e0f399', '4热门文章', '0', 'center', '{\"zcmsg\":{\"edit\":{\"url\":\"\\/xinxiangmu\\/index.php?g=Content&m=Contentshow&a=classlist&catid=96\",\"title\":\"\\u5185\\u5bb9\\u7f16\\u8f91\",\"width\":900,\"height\":700},\"attr\":{\"argu\":{\"catid\":\"96\",\"limit\":4,\"title_link\":\"\",\"modelid\":\"1\"},\"title\":\"\\u5c5e\\u6027\"}}}', 'ea0da8814469b7335b1519cae99d9e9d---', 5, '1', '{guest}', '', ''),
(52, 'Zckop', 'show_images', 'zc_showimages', '顶部', '0', 'navs', '{\"zcmsg\":{\"edit\":{\"url\":\"index.php?g=Admin&m=Setting&a=logo\",\"title\":\"\\u5185\\u5bb9\\u7f16\\u8f91\",\"width\":900,\"height\":700},\"attr\":{\"title\":\"\\u5c5e\\u6027\",\"argu\":{\"alt\":\"122345\"}}},\"width\":\"100\",\"height\":\"120\",\"logourl\":\"data\\/upload\\/20160920\\/57e0a7b8ca3f6.png\"}', '_ALL', 1, '1', '{member}{admin}{guest}', '', ''),
(57, 'Zckop', 'product_category-2', 'zc_prolistinfo', '产品分类', '0', 'left', '{\"zcmsg\":{\"edit\":{\"url\":\"\\/thinkcmf\\/index.php?g=Portal&m=AdminTerm&a=index\",\"title\":\"\\u5185\\u5bb9\\u7f16\\u8f91\",\"width\":1000,\"height\":700},\"attr\":{\"title\":\"\\u5c5e\\u6027\",\"argu\":{\"title_link\":\"\"}}}}', '7bc0ee636b3b83484fc3b9348863bd22', 1, '1', '{guest}', '', ''),
(61, 'Zckop', 'html', 'zc_57e38522b0678', 'contact us', '0', 'left', '{\"zcmsg\":{\"attr\":{\"title\":\"\\u5c5e\\u6027\",\"argu\":{\"title_link\":\"\",\"zchtml\":\"            &lt;div class=&quot;left_lx&quot;&gt;\\r\\n                &lt;div class=&quot;left_title&quot;&gt;\\r\\n                    &lt;a href=&quot;http:\\/\\/localhost\\/xinxiangmu\\/index.php?g=Content&amp;m=Pagedis&amp;a=lists&amp;catid=101&quot; title=&quot;contact us&quot;&gt;&lt;img src=&quot;\\/xinxiangmu\\/themes\\/simplebootx\\/xinyu\\/images\\/left-title2.jpg&quot; alt=&quot;contact us&quot; title=&quot;contact us&quot; \\/&gt;&lt;\\/a&gt;\\r\\n                &lt;\\/div&gt;\\r\\n                &lt;div class=&quot;left_lx_nr&quot;&gt;\\r\\n                    &lt;ul&gt;\\r\\n                        &lt;li class=&quot;left_bg1&quot;&gt;&lt;a href=&quot;mailto:hbxyhy@163.com&quot; title=&quot;&quot;&gt;hbxyhy@163.com&lt;\\/a&gt;&lt;\\/li&gt;\\r\\n                        &lt;li class=&quot;left_bg2&quot;&gt;&lt;a href=&quot;skype:hbxyhy?call&quot; title=&quot;&quot;&gt;hbxyhy&lt;\\/a&gt;&lt;\\/li&gt;\\r\\n                        &lt;li class=&quot;left_bg3&quot;&gt;+86 317 7807 633&lt;\\/li&gt;\\r\\n                        &lt;li class=&quot;left_bg4&quot;&gt;+86 317 7722 909&lt;\\/li&gt;\\r\\n                    &lt;\\/ul&gt;\\r\\n                    &lt;div class=&quot;left_an&quot;&gt;\\r\\n                        &lt;a href=&quot;http:\\/\\/localhost\\/xinxiangmu\\/index.php?g=Content&amp;m=Pagedis&amp;a=lists&amp;catid=101&quot; title=&quot;Online Message&quot;&gt;Online Message&lt;\\/a&gt;\\r\\n                    &lt;\\/div&gt;\\r\\n                &lt;\\/div&gt;\\r\\n            &lt;\\/div&gt;\\r\\n        &lt;\\/div&gt;\\r\\n\\r\\n        \"}}}}', 'a70a161a0b6aa57be31a72003084a481', 2, '1', '{guest}', '', ''),
(59, 'Zckop', 'product_hot', 'zc_57e3551366255', '', '1', 'center', '{\"zcmsg\":{\"edit\":{\"url\":\"\\/xinxiangmu\\/index.php?g=Content&m=Contentshow&a=classlist&catid=81%2C91%2C78%2C73%2C77\",\"title\":\"\\u5185\\u5bb9\\u7f16\\u8f91\",\"width\":900,\"height\":700},\"attr\":{\"argu\":{\"catid\":\"81,91,78,73,77\",\"limit\":6,\"title_link\":\"\",\"modelid\":\"5\"},\"title\":\"\\u5c5e\\u6027\"}}}', 'ea0da8814469b7335b1519cae99d9e9d', 2, '1', '{guest}', '', ''),
(60, 'Zckop', 'product_category-3', 'zc_prolistcontact', '联系方式', '1', 'left', '{\"zcmsg\":{\"edit\":{\"url\":\"\\/thinkcmf\\/index.php?g=Portal&m=AdminTerm&a=index\",\"title\":\"\\u5185\\u5bb9\\u7f16\\u8f91\",\"width\":1000,\"height\":700},\"attr\":{\"title\":\"\\u5c5e\\u6027\",\"argu\":{\"title_link\":\"\"}}}}', '', 2, '1', '{guest}', '', ''),
(65, 'Zckop', 'html', 'zc_57e488443c878', '', '0', 'center', '{\"zcmsg\":{\"attr\":{\"title\":\"\\u5c5e\\u6027\",\"argu\":{\"title_link\":\"\",\"zchtml\":\"&lt;div class=&quot;ipart2&quot;&gt;\\r\\n\\t&lt;div class=&quot;zong&quot;&gt;\\r\\n        &lt;div class=&quot;ipart2_left&quot;&gt;\\r\\n        \\t&lt;div class=&quot;ipart2_title&quot;&gt;\\r\\n            \\t&lt;a href=&quot;http:\\/\\/localhost\\/xinxiangmu\\/index.php?g=Content&amp;m=Pagedis&amp;a=lists&amp;catid=101&quot; title=&quot;Contact Us Now&quot;&gt;&lt;img src=&quot;\\/xinxiangmu\\/themes\\/simplebootx\\/xinyu\\/images\\/ipart2-title.jpg&quot; alt=&quot;Contact Us Now&quot; title=&quot;Contact Us Now&quot; \\/&gt;&lt;\\/a&gt;\\r\\n            &lt;\\/div&gt;\\r\\n            &lt;div class=&quot;ipart2_hx&quot;&gt;&lt;\\/div&gt;\\r\\n        &lt;\\/div&gt;        \\r\\n        &lt;div class=&quot;ipart2_right&quot;&gt;\\r\\n        \\t&lt;a href=&quot;http:\\/\\/localhost\\/xinxiangmu\\/index.php?g=Content&amp;m=Pagedis&amp;a=lists&amp;catid=101&quot; title=&quot;Contact Us Now&quot;&gt;Contact Us Now&lt;\\/a&gt;\\r\\n        &lt;\\/div&gt;\\r\\n    \\t&lt;div class=&quot;clear&quot;&gt;&lt;\\/div&gt;\\r\\n    &lt;\\/div&gt;\\r\\n&lt;\\/div&gt;\"}}}}', 'ea0da8814469b7335b1519cae99d9e9d--', 4, '1', '{guest}', '', ''),
(88, 'Zckop', 'download_new', 'zc_57e8898c0d3a2', '', '1', 'center', '{\"zcmsg\":{\"edit\":{\"url\":\"\\/xinxiangmu\\/index.php?g=Content&m=Contentshow&a=classlist&catid=99\",\"title\":\"\\u5185\\u5bb9\\u7f16\\u8f91\",\"width\":900,\"height\":700},\"attr\":{\"argu\":{\"catid\":\"99\",\"limit\":5,\"title_link\":\"\",\"modelid\":\"2\"},\"title\":\"\\u5c5e\\u6027\"}}}', 'ea0da8814469b7335b1519cae99d9e9d', 7, '1', '{guest}', '', ''),
(87, 'Zckop', 'photo_new', 'zc_57e8792e4f1ed', '', '0', 'center', '{\"zcmsg\":{\"edit\":{\"url\":\"\\/xinxiangmu\\/index.php?g=Content&m=Contentshow&a=classlist&catid=94\",\"title\":\"\\u5185\\u5bb9\\u7f16\\u8f91\",\"width\":900,\"height\":700},\"attr\":{\"argu\":{\"catid\":\"94\",\"limit\":5,\"title_link\":\"\",\"modelid\":\"3\"},\"title\":\"\\u5c5e\\u6027\"}}}', 'ea0da8814469b7335b1519cae99d9e9d', 6, '1', '{guest}', '', ''),
(93, 'Zckop', 'html', 'zc_searchcontactus', 'contact us', '0', 'left', '{\"zcmsg\":{\"attr\":{\"title\":\"\\u5c5e\\u6027\",\"argu\":{\"title_link\":\"\",\"zchtml\":\"          &lt;div class=&quot;left_lx&quot;&gt;\\r\\n                &lt;div class=&quot;left_title&quot;&gt;\\r\\n                    &lt;a href=&quot;http:\\/\\/localhost\\/xinxiangmu\\/index.php?g=Content&amp;m=Pagedis&amp;a=lists&amp;catid=101&quot; title=&quot;contact us&quot;&gt;&lt;img src=&quot;\\/xinxiangmu\\/themes\\/simplebootx\\/xinyu\\/images\\/left-title2.jpg&quot; alt=&quot;contact us&quot; title=&quot;contact us&quot; \\/&gt;&lt;\\/a&gt;\\r\\n                &lt;\\/div&gt;\\r\\n                &lt;div class=&quot;left_lx_nr&quot;&gt;\\r\\n                    &lt;ul&gt;\\r\\n                        &lt;li class=&quot;left_bg1&quot;&gt;&lt;a href=&quot;mailto:hbxyhy@163.com&quot; title=&quot;&quot;&gt;hbxyhy@163.com&lt;\\/a&gt;&lt;\\/li&gt;\\r\\n                        &lt;li class=&quot;left_bg2&quot;&gt;&lt;a href=&quot;skype:hbxyhy?call&quot; title=&quot;&quot;&gt;hbxyhy&lt;\\/a&gt;&lt;\\/li&gt;\\r\\n                        &lt;li class=&quot;left_bg3&quot;&gt;+86 317 7807 633&lt;\\/li&gt;\\r\\n                        &lt;li class=&quot;left_bg4&quot;&gt;+86 317 7722 909&lt;\\/li&gt;\\r\\n                    &lt;\\/ul&gt;\\r\\n                    &lt;div class=&quot;left_an&quot;&gt;\\r\\n                        &lt;a href=&quot;http:\\/\\/localhost\\/xinxiangmu\\/index.php?g=Content&amp;m=Pagedis&amp;a=lists&amp;catid=101&quot; title=&quot;Online Message&quot;&gt;Online Message&lt;\\/a&gt;\\r\\n                    &lt;\\/div&gt;\\r\\n                &lt;\\/div&gt;\\r\\n            &lt;\\/div&gt;\\r\\n        &lt;\\/div&gt;\\r\\n\\r\\n        \"}}}}', 'e53a7b69acfe706da847b99acea9c8e0', 3, '1', '{guest}', '', ''),
(94, 'Zckop', 'searchresult', 'zc_searchresult', '搜索结果', '0', 'right', '{\"zcmsg\":{\"edit\":{\"url\":\"index.php?g=Content&m=Contentshow&a=pagedit&catid=100\",\"title\":\"\\u5185\\u5bb9\\u7f16\\u8f91\",\"width\":900,\"height\":700},\"attr\":{\"url\":\"index.php?g=Portal&m=Zckop&a=aboutus\",\"title\":\"\\u5c5e\\u6027\",\"argu\":{\"catid\":\"1,2\",\"limit\":10,\"title_link\":\"http:\\/\\/www.reanod.com\\/123\"}}},\"strnum\":10}', 'e53a7b69acfe706da847b99acea9c8e0', 1, '1', '{member}{admin}{guest}', '', ''),
(95, 'Zckop', 'product_category-2', 'zc_productcategory4', '产品分类', '0', 'left', '{\"zcmsg\":{\"edit\":{\"url\":\"\\/thinkcmf\\/index.php?g=Portal&m=AdminTerm&a=index\",\"title\":\"\\u5185\\u5bb9\\u7f16\\u8f91\",\"width\":1000,\"height\":700},\"attr\":{\"title\":\"\\u5c5e\\u6027\",\"argu\":{\"title_link\":\"\"}}}}', 'f4a3e3ec5fed9262777469de94052015', 1, '1', '{guest}', '', ''),
(96, 'Zckop', 'html', 'zc_57e9cc67bb748', '产品详情页联系我们', '0', 'left', '{\"zcmsg\":{\"attr\":{\"title\":\"\\u5c5e\\u6027\",\"argu\":{\"title_link\":\"\",\"zchtml\":\"            &lt;div class=&quot;left_lx&quot;&gt;\\r\\n                &lt;div class=&quot;left_title&quot;&gt;\\r\\n                    &lt;a href=&quot;&quot; title=&quot;&quot;&gt;&lt;img src=&quot;\\/xinxiangmu\\/themes\\/simplebootx\\/xinyu\\/images\\/left-title2.jpg&quot; alt=&quot;&quot; title=&quot;&quot; \\/&gt;&lt;\\/a&gt;\\r\\n                &lt;\\/div&gt;\\r\\n                &lt;div class=&quot;left_lx_nr&quot;&gt;\\r\\n                    &lt;ul&gt;\\r\\n                        &lt;li class=&quot;left_bg1&quot;&gt;&lt;a href=&quot;mailto:hbxyhy@163.com&quot; title=&quot;&quot;&gt;hbxyhy@163.com&lt;\\/a&gt;&lt;\\/li&gt;\\r\\n                        &lt;li class=&quot;left_bg2&quot;&gt;&lt;a href=&quot;skype:hbxyhy?call&quot; title=&quot;&quot;&gt;hbxyhy&lt;\\/a&gt;&lt;\\/li&gt;\\r\\n                        &lt;li class=&quot;left_bg3&quot;&gt;+86 317 7807 633&lt;\\/li&gt;\\r\\n                        &lt;li class=&quot;left_bg4&quot;&gt;+86 317 7722 909&lt;\\/li&gt;\\r\\n                    &lt;\\/ul&gt;\\r\\n                    &lt;div class=&quot;left_an&quot;&gt;\\r\\n                        &lt;a href=&quot;&quot; title=&quot;&quot;&gt;Online Message&lt;\\/a&gt;\\r\\n                    &lt;\\/div&gt;\\r\\n                &lt;\\/div&gt;\\r\\n            &lt;\\/div&gt;\\r\\n        &lt;\\/div&gt;\"}}}}', 'f4a3e3ec5fed9262777469de94052015', 2, '1', '{guest}', '', ''),
(104, 'Zckop', 'html', 'zc_57eb8c467bfe4', 'customers266', '0', 'center', '{\"zcmsg\":{\"attr\":{\"title\":\"\\u5c5e\\u6027\",\"argu\":{\"title_link\":\"\",\"zchtml\":\"&lt;div class=&quot;bg&quot;&gt;\\r\\n\\r\\n&lt;div class=&quot;body cus&quot;&gt;\\r\\n    &lt;div class=&quot;cus_pic&quot;&gt;\\r\\n        &lt;div class=&quot;zong&quot;&gt;\\r\\n        \\t&lt;img src=&quot;\\/xinxiangmu\\/themes\\/simplebootx\\/xinyu\\/images\\/customer-pic1.jpg&quot; alt=&quot;&quot; title=&quot;&quot; \\/&gt;\\r\\n            &lt;img src=&quot;\\/xinxiangmu\\/themes\\/simplebootx\\/xinyu\\/images\\/customer-pic2.jpg&quot; alt=&quot;&quot; title=&quot;&quot; \\/&gt;\\r\\n            &lt;img src=&quot;\\/xinxiangmu\\/themes\\/simplebootx\\/xinyu\\/images\\/customer-pic3.jpg&quot; alt=&quot;&quot; title=&quot;&quot; \\/&gt;\\r\\n            &lt;img src=&quot;\\/xinxiangmu\\/themes\\/simplebootx\\/xinyu\\/images\\/customer-pic4.jpg&quot; alt=&quot;&quot; title=&quot;&quot; \\/&gt;\\r\\n            &lt;img src=&quot;\\/xinxiangmu\\/themes\\/simplebootx\\/xinyu\\/images\\/customer-pic5.jpg&quot; alt=&quot;&quot; title=&quot;&quot;  class=&quot;cus_piclast&quot; \\/&gt;\\r\\n            \\r\\n            &lt;img src=&quot;\\/xinxiangmu\\/themes\\/simplebootx\\/xinyu\\/images\\/customer-pic6.jpg&quot; alt=&quot;&quot; title=&quot;&quot; \\/&gt;\\r\\n            &lt;img src=&quot;\\/xinxiangmu\\/themes\\/simplebootx\\/xinyu\\/images\\/customer-pic7.jpg&quot; alt=&quot;&quot; title=&quot;&quot; \\/&gt;\\r\\n            &lt;img src=&quot;\\/xinxiangmu\\/themes\\/simplebootx\\/xinyu\\/images\\/customer-pic8.jpg&quot; alt=&quot;&quot; title=&quot;&quot; \\/&gt;\\r\\n            &lt;img src=&quot;\\/xinxiangmu\\/themes\\/simplebootx\\/xinyu\\/images\\/customer-pic9.jpg&quot; alt=&quot;&quot; title=&quot;&quot; \\/&gt;\\r\\n            &lt;img src=&quot;\\/xinxiangmu\\/themes\\/simplebootx\\/xinyu\\/images\\/customer-pic10.jpg&quot; alt=&quot;&quot; title=&quot;&quot;  class=&quot;cus_piclast&quot; \\/&gt;\\r\\n            \\r\\n            &lt;img src=&quot;\\/xinxiangmu\\/themes\\/simplebootx\\/xinyu\\/images\\/customer-pic11.jpg&quot; alt=&quot;&quot; title=&quot;&quot; \\/&gt;\\r\\n            &lt;img src=&quot;\\/xinxiangmu\\/themes\\/simplebootx\\/xinyu\\/images\\/customer-pic12.jpg&quot; alt=&quot;&quot; title=&quot;&quot; \\/&gt;\\r\\n            &lt;img src=&quot;\\/xinxiangmu\\/themes\\/simplebootx\\/xinyu\\/images\\/customer-pic13.jpg&quot; alt=&quot;&quot; title=&quot;&quot; \\/&gt;\\r\\n            &lt;img src=&quot;\\/xinxiangmu\\/themes\\/simplebootx\\/xinyu\\/images\\/customer-pic14.jpg&quot; alt=&quot;&quot; title=&quot;&quot; \\/&gt;\\r\\n            &lt;img src=&quot;\\/xinxiangmu\\/themes\\/simplebootx\\/xinyu\\/images\\/customer-pic15.jpg&quot; alt=&quot;&quot; title=&quot;&quot;  class=&quot;cus_piclast&quot; \\/&gt;\\r\\n            \\r\\n        \\t&lt;div class=&quot;clear&quot;&gt;&lt;\\/div&gt;\\r\\n        &lt;\\/div&gt;\\r\\n    &lt;\\/div&gt;\\r\\n    \\r\\n    \\r\\n&lt;\\/div&gt;\\r\\n\\r\\n&lt;\\/div&gt;\"}}}}', '0f489cb9d9f320b6ee2b55439145a674', 2, '1', '{guest}', '', ''),
(102, 'Zckop', 'article_new-3', 'zc_57eb88da2aaa0', 'customer_artnew', '0', 'center', '{\"zcmsg\":{\"edit\":{\"url\":\"\\/xinxiangmu\\/index.php?g=Content&m=Contentshow&a=classlist&\",\"title\":\"\\u5185\\u5bb9\\u7f16\\u8f91\",\"width\":900,\"height\":700},\"attr\":{\"argu\":{\"catid\":null,\"limit\":2,\"title_link\":\"\",\"modelid\":\"1\"},\"title\":\"\\u5c5e\\u6027\"}}}', '0f489cb9d9f320b6ee2b55439145a674', 4, '1', '{guest}', '', ''),
(103, 'Zckop', 'html', 'zc_57eb8a9e32edf', 'html_customer_pic', '0', 'center', '{\"zcmsg\":{\"attr\":{\"title\":\"\\u5c5e\\u6027\",\"argu\":{\"title_link\":\"\",\"zchtml\":\"\"}}}}', '0f489cb9d9f320b6ee2b55439145a674', 1, '1', '{guest}', '', ''),
(106, 'Zckop', 'html', 'zc_57f8b84648ded', '', '0', 'center', '{\"zcmsg\":{\"attr\":{\"title\":\"\\u5c5e\\u6027\",\"argu\":{\"title_link\":\"\",\"zchtml\":\"\"}}}}', 'ea0da8814469b7335b1519cae99d9e9d----', 1, '1', '{guest}', '', '');

CREATE TABLE `cmf_nav` (
  `id` int(11) NOT NULL,
  `cid` int(11) NOT NULL COMMENT '导航分类 id',
  `parentid` int(11) NOT NULL COMMENT '导航父 id',
  `label` varchar(255) NOT NULL COMMENT '导航标题',
  `target` varchar(50) DEFAULT NULL COMMENT '打开方式',
  `href` varchar(255) NOT NULL COMMENT '导航链接',
  `icon` varchar(255) NOT NULL COMMENT '导航图标',
  `status` int(2) NOT NULL DEFAULT '1' COMMENT '状态，1显示，0不显示',
  `listorder` int(6) DEFAULT '0' COMMENT '排序',
  `path` varchar(255) NOT NULL DEFAULT '0' COMMENT '层级关系'
) ENGINE=MyISAM DEFAULT CHARSET=utf8;

INSERT INTO `cmf_nav` (`id`, `cid`, `parentid`, `label`, `target`, `href`, `icon`, `status`, `listorder`, `path`) VALUES
(1, 1, 0, '首页', '', 'home', '', 1, 0, '0-1'),
(2, 1, 0, '列表演示', '', 'a:2:{s:6:\"action\";s:17:\"Portal/List/index\";s:5:\"param\";a:1:{s:2:\"id\";s:1:\"1\";}}', '', 1, 0, '0-2'),
(3, 1, 0, '瀑布流', '', 'a:2:{s:6:\"action\";s:17:\"Portal/List/index\";s:5:\"param\";a:1:{s:2:\"id\";s:1:\"2\";}}', '', 1, 0, '0-3');

CREATE TABLE `cmf_nav_cat` (
  `navcid` int(11) NOT NULL,
  `name` varchar(255) NOT NULL COMMENT '导航分类名',
  `active` int(1) NOT NULL DEFAULT '1' COMMENT '是否为主菜单，1是，0不是',
  `remark` text COMMENT '备注'
) ENGINE=MyISAM DEFAULT CHARSET=utf8;

INSERT INTO `cmf_nav_cat` (`navcid`, `name`, `active`, `remark`) VALUES
(1, '主导航', 1, '主导航');

CREATE TABLE `cmf_oauth_user` (
  `id` int(20) NOT NULL,
  `from` varchar(20) NOT NULL COMMENT '用户来源key',
  `name` varchar(30) NOT NULL COMMENT '第三方昵称',
  `head_img` varchar(200) NOT NULL COMMENT '头像',
  `uid` int(20) NOT NULL COMMENT '关联的本站用户id',
  `create_time` datetime NOT NULL COMMENT '绑定时间',
  `last_login_time` datetime NOT NULL COMMENT '最后登录时间',
  `last_login_ip` varchar(16) NOT NULL COMMENT '最后登录ip',
  `login_times` int(6) NOT NULL COMMENT '登录次数',
  `status` tinyint(2) NOT NULL,
  `access_token` varchar(512) NOT NULL,
  `expires_date` int(11) NOT NULL COMMENT 'access_token过期时间',
  `openid` varchar(40) NOT NULL COMMENT '第三方用户id'
) ENGINE=MyISAM DEFAULT CHARSET=utf8;

CREATE TABLE `cmf_options` (
  `option_id` bigint(20) UNSIGNED NOT NULL,
  `option_name` varchar(64) NOT NULL COMMENT '配置名',
  `option_value` longtext NOT NULL COMMENT '配置值',
  `autoload` int(2) NOT NULL DEFAULT '1' COMMENT '是否自动加载'
) ENGINE=MyISAM DEFAULT CHARSET=utf8;

INSERT INTO `cmf_options` (`option_id`, `option_name`, `option_value`, `autoload`) VALUES
(5, 'member_email_active', '{\"title\":\"ThinkCMF\\u90ae\\u4ef6\\u6fc0\\u6d3b\\u901a\\u77e5.\",\"template\":\"<p>\\u672c\\u90ae\\u4ef6\\u6765\\u81ea<a href=\\\"http:\\/\\/www.thinkcmf.com\\\">ThinkCMF<\\/a><br\\/><br\\/>&nbsp; &nbsp;<strong>---------------<\\/strong><br\\/>&nbsp; &nbsp;<strong>\\u5e10\\u53f7\\u6fc0\\u6d3b\\u8bf4\\u660e<\\/strong><br\\/>&nbsp; &nbsp;<strong>---------------<\\/strong><br\\/><br\\/>&nbsp; &nbsp; \\u5c0a\\u656c\\u7684<span style=\\\"FONT-SIZE: 16px; FONT-FAMILY: Arial; COLOR: rgb(51,51,51); LINE-HEIGHT: 18px; BACKGROUND-COLOR: rgb(255,255,255)\\\">#username#\\uff0c\\u60a8\\u597d\\u3002<\\/span>\\u5982\\u679c\\u60a8\\u662fThinkCMF\\u7684\\u65b0\\u7528\\u6237\\uff0c\\u6216\\u5728\\u4fee\\u6539\\u60a8\\u7684\\u6ce8\\u518cEmail\\u65f6\\u4f7f\\u7528\\u4e86\\u672c\\u5730\\u5740\\uff0c\\u6211\\u4eec\\u9700\\u8981\\u5bf9\\u60a8\\u7684\\u5730\\u5740\\u6709\\u6548\\u6027\\u8fdb\\u884c\\u9a8c\\u8bc1\\u4ee5\\u907f\\u514d\\u5783\\u573e\\u90ae\\u4ef6\\u6216\\u5730\\u5740\\u88ab\\u6ee5\\u7528\\u3002<br\\/>&nbsp; &nbsp; \\u60a8\\u53ea\\u9700\\u70b9\\u51fb\\u4e0b\\u9762\\u7684\\u94fe\\u63a5\\u5373\\u53ef\\u6fc0\\u6d3b\\u60a8\\u7684\\u5e10\\u53f7\\uff1a<br\\/>&nbsp; &nbsp; <a title=\\\"\\\" href=\\\"http:\\/\\/#link#\\\" target=\\\"_self\\\">http:\\/\\/#link#<\\/a><br\\/>&nbsp; &nbsp; (\\u5982\\u679c\\u4e0a\\u9762\\u4e0d\\u662f\\u94fe\\u63a5\\u5f62\\u5f0f\\uff0c\\u8bf7\\u5c06\\u8be5\\u5730\\u5740\\u624b\\u5de5\\u7c98\\u8d34\\u5230\\u6d4f\\u89c8\\u5668\\u5730\\u5740\\u680f\\u518d\\u8bbf\\u95ee)<br\\/>&nbsp; &nbsp; \\u611f\\u8c22\\u60a8\\u7684\\u8bbf\\u95ee\\uff0c\\u795d\\u60a8\\u4f7f\\u7528\\u6109\\u5feb\\uff01<br\\/><br\\/>&nbsp; &nbsp; \\u6b64\\u81f4<br\\/>&nbsp; &nbsp; ThinkCMF \\u7ba1\\u7406\\u56e2\\u961f.<\\/p>\"}', 1),
(6, 'site_options', '{\"site_name\":\"\\u6211\\u7684\\u7f51\\u7ad9\",\"site_host\":\"http:\\/\\/192.168.1.88\\/a\\/\",\"site_tpl\":\"simplebootx\",\"site_adminstyle\":\"flat\",\"site_icp\":\"\",\"site_zhanzhang_name\":\"\",\"site_ditu\":\"\",\"site_tongji\":\"\",\"list_title_h\":\"\",\"list_desc_z\":\"\",\"site_seo_title\":\"SEO\\u6807\\u9898\\n\",\"site_seo_keywords\":\"SEO\\u5173\\u952e\\u5b57\\n\",\"site_seo_description\":\"SEO\\u63cf\\u8ff0\",\"urlmode\":\"1\",\"html_suffix\":\".html\",\"comment_time_interval\":60,\"ftppasv\":\"0\",\"site_water_qxd\":\"25\",\"site_water_weiz\":\"5\",\"smeta\":\"{\\\"thumb\\\":\\\"\\\"}\"}', 1),
(7, 'cmf_settings', '{\"banned_usernames\":\"\"}', 1),
(8, 'site_indexads', '[{\"url\":\"http:\\/\\/192.168.0.9\\/xxm\\/data\\/upload\\/20170727\\/5979a234bc3f5.jpg\",\"alt\":\"banner3\",\"href\":\"\",\"sort\":\"3\"},{\"url\":\"http:\\/\\/192.168.0.9\\/xxm\\/data\\/upload\\/20170727\\/5979a234ec420.jpg\",\"alt\":\"banner4\",\"href\":\"\",\"sort\":\"2\"}]', 1);

CREATE TABLE `cmf_order_refund` (
  `id` int(11) NOT NULL,
  `order_sn` varchar(100) NOT NULL COMMENT '订单号',
  `bank` varchar(100) NOT NULL COMMENT '回款银行',
  `refund_time` int(11) NOT NULL COMMENT '回款时间',
  `refund_money` decimal(10,2) NOT NULL COMMENT '回款金额',
  `cid` int(11) NOT NULL COMMENT '客户ID',
  `addtime` int(11) NOT NULL COMMENT '添加记录时间',
  `remark` text COMMENT '备注',
  `uid` int(11) NOT NULL COMMENT '添加此记录的用户',
  `status` tinyint(1) NOT NULL DEFAULT '0' COMMENT '1-已确认  0-未确认',
  `con_uid` int(11) NOT NULL DEFAULT '0' COMMENT '确认人UID',
  `con_time` int(11) NOT NULL COMMENT '确认时间'
) ENGINE=MyISAM DEFAULT CHARSET=utf8 COMMENT='回款记录表';

INSERT INTO `cmf_order_refund` (`id`, `order_sn`, `bank`, `refund_time`, `refund_money`, `cid`, `addtime`, `remark`, `uid`, `status`, `con_uid`, `con_time`) VALUES
(1, '20160905152138', '中国银行', 1473004800, '100000.00', 24, 1473069743, '第一次回款', 17, 1, 1, 1473132056),
(3, '20160905152138', '农业银行', 1473091200, '3000.00', 24, 1473125396, '第三次回款', 17, 0, 0, 0),
(4, '20160905152138', '人民银行', 1473091200, '5000.00', 24, 1473133426, '最后一次回款', 1, 0, 0, 0),
(6, '20160908094829', '中国银行', 1473264000, '20000.00', 2, 1473299342, '', 21, 1, 15, 1473299744),
(7, '20160908094829', '20', 1473436800, '20.00', 2, 1473469623, '', 1, 1, 1, 1492736788),
(9, '20160905152138', '邯郸银行', 1476720000, '5000.00', 24, 1476773385, '你知道吗', 17, 0, 0, 0),
(10, '20161019114801', '人民银行', 1476806400, '1000.00', 24, 1476849177, '挺快的', 17, 1, 19, 1476849236),
(11, '20161019114801', '工商银行', 1476806400, '5000.00', 24, 1476849278, '第三笔还清', 17, 1, 19, 1476849287),
(12, '20161019114801', '按收入', 1476806400, '100.00', 24, 1476849568, '阿斯蒂芬', 17, 1, 19, 1476849575),
(13, '20161019114801', '农业银行', 1476806400, '400000.00', 24, 1476855021, '余额', 17, 1, 19, 1476855055),
(14, '20160905152138', '大观', 1476806400, '1000.00', 24, 1476863082, '导入', 17, 0, 0, 0),
(15, '20161019162251', '中国', 1476806400, '1000.00', 52, 1476865606, '第一次回款', 17, 1, 19, 1476865661),
(16, '20161019162251', '中国', 1476806400, '1000.00', 52, 1476865606, '第一次回款', 17, 1, 19, 1476865659),
(17, '20161019162251', '外国银行', 1476806400, '3000.00', 52, 1476865684, '打算', 17, 0, 0, 0),
(18, '20161020094434', '人民银行', 1476892800, '300.00', 13, 1476928062, '第一次回款', 17, 0, 0, 0),
(19, '20161018163212', '人民银行', 1477065600, '1000.00', 24, 1477104772, '爱上的人', 17, 0, 0, 0),
(20, 'SN20161207144818', '中国工商银行', 1481040000, '18000.00', 4, 1481094324, '', 17, 0, 0, 0),
(21, '20160908094829', '工商银行', 1484150400, '50000.00', 2, 1492736088, '', 1, 1, 1, 1492736801),
(22, 'SN20161109144858', '工商银行', 1484582400, '300000.00', 4, 1492736328, '', 1, 1, 1, 1492736838),
(23, 'SN20170331174922', '工商银行', 1485273600, '10000.00', 5, 1492736634, '', 1, 1, 1, 1492737171),
(24, 'SN20161108135223', '工商银行', 1485619200, '10000.00', 24, 1492736684, '', 1, 0, 0, 0),
(25, '20160908094829', '中国银行', 1487606400, '140000.00', 2, 1492737490, '', 1, 1, 1, 1492737511),
(26, '20160908094829', '中国银行', 1492704000, '300000.00', 2, 1492737669, '', 1, 1, 1, 1492739837),
(27, 'SN20161109152213', '中国银行', 1492704000, '100000.00', 4, 1492737706, '', 1, 1, 1, 1492739683),
(28, 'SN20170331174922', '中国银行', 1490112000, '200000.00', 5, 1492737834, '', 1, 0, 0, 0),
(29, 'SN20170123112439', '中国银行', 1489248000, '200000.00', 20, 1492737970, '', 1, 0, 0, 0),
(30, 'SN20161109152213', '中国银行', 1487433600, '35.00', 4, 1492739428, '', 1, 1, 1, 1492739670),
(31, '20160908094829', '中国银行', 1486396800, '300000.00', 2, 1492739812, '', 1, 1, 1, 1492739839),
(32, '20160908094829', '中国银行', 1483977600, '200000.00', 2, 1492739981, '', 1, 0, 0, 0),
(33, 'SN20161109144324', '中国银行', 1488902400, '100000.00', 4, 1492740035, '', 1, 0, 0, 0),
(34, 'SN20170123112439', '中国银行', 1490025600, '380000.00', 20, 1492740082, '', 1, 0, 0, 0),
(35, 'SN20170331174922', '中国银行', 1492358400, '800055.00', 5, 1492740211, '', 1, 0, 0, 0),
(36, '20160908094829', '工商', 1497801600, '10000.00', 2, 1497866841, '', 1, 0, 0, 0),
(37, 'SN20161109144324', '工商银行', 1500566400, '100000.00', 4, 1500619634, '', 23, 0, 0, 0);

CREATE TABLE `cmf_page` (
  `catid` smallint(5) UNSIGNED NOT NULL DEFAULT '0' COMMENT '栏目ID',
  `title` varchar(160) NOT NULL DEFAULT '' COMMENT '标题',
  `style` varchar(24) NOT NULL DEFAULT '' COMMENT '样式',
  `intro` varchar(40) NOT NULL DEFAULT '' COMMENT '摘要',
  `content` text COMMENT '内容',
  `languages` char(20) NOT NULL DEFAULT 'en-us' COMMENT '语言',
  `template` varchar(30) NOT NULL DEFAULT '',
  `updatetime` int(10) UNSIGNED NOT NULL DEFAULT '0' COMMENT '更新时间',
  `thumb` varchar(100) NOT NULL,
  `photo` text NOT NULL COMMENT '相册',
  `seotitle` varchar(200) NOT NULL,
  `seokeywords` varchar(200) NOT NULL,
  `seodescription` varchar(200) NOT NULL
) ENGINE=MyISAM DEFAULT CHARSET=utf8;

CREATE TABLE `cmf_partner` (
  `id` tinyint(4) NOT NULL,
  `partner_url` varchar(255) NOT NULL COMMENT '合作伙伴链接',
  `languages` char(20) NOT NULL DEFAULT 'en-us' COMMENT '语言',
  `partner_name` varchar(255) NOT NULL COMMENT '合作伙伴名称',
  `partner_image` varchar(255) DEFAULT NULL COMMENT '合作伙伴图标',
  `partner_target` varchar(25) NOT NULL DEFAULT '_blank' COMMENT '合作伙伴打开方式',
  `partner_description` text NOT NULL COMMENT '合作伙伴描述',
  `partner_time` datetime DEFAULT NULL COMMENT '合作伙伴添加时间',
  `partner_status` int(2) NOT NULL DEFAULT '1' COMMENT '状态，1显示，0不显示',
  `partner_rating` int(11) NOT NULL DEFAULT '0' COMMENT '合作伙伴评级',
  `partner_rel` varchar(255) DEFAULT NULL COMMENT '合作伙伴与网站的关系',
  `listorder` int(10) NOT NULL DEFAULT '0' COMMENT '排序'
) ENGINE=MyISAM DEFAULT CHARSET=utf8;

INSERT INTO `cmf_partner` (`id`, `partner_url`, `languages`, `partner_name`, `partner_image`, `partner_target`, `partner_description`, `partner_time`, `partner_status`, `partner_rating`, `partner_rel`, `listorder`) VALUES
(3, 'http://www.oschina.net/', 'en-us', '开源中国', 'http://static.oschina.net/uploads/space/2013/0304/160442_8Fw6_179699.png', '_blank', '', '2016-08-22 17:53:48', 1, 0, NULL, 1),
(4, 'http://36kr.com/', 'en-us', '36Kr', 'http://sta.36krcnd.com/36krhome-dev/images/qr.png', '_blank', '这是一个测试', '2016-08-22 17:56:16', 1, 0, NULL, 2);

CREATE TABLE `cmf_photo` (
  `id` mediumint(8) UNSIGNED NOT NULL,
  `catid` smallint(5) UNSIGNED NOT NULL DEFAULT '0',
  `title` char(80) NOT NULL DEFAULT '',
  `style` char(24) NOT NULL DEFAULT '',
  `thumb` char(100) NOT NULL DEFAULT '',
  `keywords` char(40) NOT NULL DEFAULT '',
  `tags` varchar(255) NOT NULL DEFAULT '',
  `description` mediumtext,
  `url` char(100) NOT NULL DEFAULT '',
  `moveurl` char(100) NOT NULL COMMENT '动态url地址',
  `listorder` tinyint(3) UNSIGNED NOT NULL DEFAULT '0',
  `status` tinyint(2) UNSIGNED NOT NULL DEFAULT '1',
  `istop` tinyint(2) NOT NULL COMMENT '置顶 0否1是',
  `recommend` tinyint(2) NOT NULL COMMENT '推荐 0否1是',
  `sysadd` tinyint(1) UNSIGNED NOT NULL DEFAULT '0',
  `islink` tinyint(1) UNSIGNED NOT NULL DEFAULT '0',
  `username` char(20) NOT NULL DEFAULT '',
  `inputtime` int(10) UNSIGNED NOT NULL DEFAULT '0',
  `updatetime` int(10) UNSIGNED NOT NULL DEFAULT '0',
  `views` int(11) NOT NULL DEFAULT '0' COMMENT '点击总数',
  `yesterdayviews` int(11) NOT NULL DEFAULT '0' COMMENT '最日',
  `dayviews` int(10) NOT NULL DEFAULT '0' COMMENT '今日点击数',
  `weekviews` int(10) NOT NULL DEFAULT '0' COMMENT '本周访问数',
  `monthviews` int(10) NOT NULL DEFAULT '0' COMMENT '本月访问',
  `viewsupdatetime` int(10) NOT NULL DEFAULT '0' COMMENT '点击数更新时间',
  `prefix` varchar(255) NOT NULL DEFAULT '',
  `seotitle` mediumtext,
  `seokeywords` mediumtext,
  `seodescription` mediumtext,
  `seourl` varchar(255) DEFAULT NULL,
  `isdelay` tinyint(1) UNSIGNED NOT NULL DEFAULT '0' COMMENT '是否推迟',
  `is_del` tinyint(1) NOT NULL DEFAULT '0'
) ENGINE=MyISAM DEFAULT CHARSET=utf8;

CREATE TABLE `cmf_photo_data` (
  `id` mediumint(8) UNSIGNED NOT NULL DEFAULT '0',
  `template` varchar(30) NOT NULL DEFAULT '',
  `paytype` tinyint(1) UNSIGNED NOT NULL DEFAULT '0',
  `allow_comment` tinyint(1) UNSIGNED NOT NULL DEFAULT '1',
  `relation` varchar(255) NOT NULL DEFAULT '',
  `imgs` text
) ENGINE=MyISAM DEFAULT CHARSET=utf8;

CREATE TABLE `cmf_platform` (
  `id` int(11) NOT NULL,
  `name` varchar(255) DEFAULT NULL COMMENT '平台名称',
  `platform_url` varchar(255) DEFAULT NULL COMMENT '平台网址',
  `register_url` varchar(255) DEFAULT NULL COMMENT '注册网址',
  `login_url` varchar(255) DEFAULT NULL COMMENT '登录网址',
  `post_url` varchar(255) DEFAULT NULL COMMENT '产品添加网址',
  `usable` varchar(255) DEFAULT NULL COMMENT '是否停用：1：正常；0：停用。',
  `remark` varchar(255) DEFAULT NULL COMMENT '备注'
) ENGINE=MyISAM DEFAULT CHARSET=utf8;

CREATE TABLE `cmf_plugins` (
  `id` int(11) UNSIGNED NOT NULL COMMENT '自增id',
  `name` varchar(50) NOT NULL COMMENT '插件名，英文',
  `title` varchar(50) NOT NULL DEFAULT '' COMMENT '插件名称',
  `description` text COMMENT '插件描述',
  `type` tinyint(2) DEFAULT '0' COMMENT '插件类型, 1:网站；8;微信',
  `status` tinyint(1) NOT NULL DEFAULT '1' COMMENT '状态；1开启；',
  `config` text COMMENT '插件配置',
  `hooks` varchar(255) DEFAULT NULL COMMENT '实现的钩子;以“，”分隔',
  `has_admin` tinyint(2) DEFAULT '0' COMMENT '插件是否有后台管理界面',
  `author` varchar(50) DEFAULT '' COMMENT '插件作者',
  `version` varchar(20) DEFAULT '' COMMENT '插件版本号',
  `createtime` int(11) UNSIGNED NOT NULL DEFAULT '0' COMMENT '插件安装时间',
  `listorder` smallint(6) NOT NULL DEFAULT '0' COMMENT '排序'
) ENGINE=MyISAM DEFAULT CHARSET=utf8;

CREATE TABLE `cmf_points` (
  `id` int(255) NOT NULL,
  `adminid` int(255) NOT NULL COMMENT '管理员id',
  `contentid` int(255) NOT NULL DEFAULT '0' COMMENT '资料id',
  `points` int(255) NOT NULL DEFAULT '0' COMMENT '积分',
  `chang_points` int(200) NOT NULL DEFAULT '0' COMMENT '兑换的积分数',
  `sendnum` int(200) NOT NULL DEFAULT '0' COMMENT '发送数量',
  `authnum` int(200) NOT NULL DEFAULT '0' COMMENT '审核数量',
  `addtime` date NOT NULL COMMENT '添加时间',
  `type` tinyint(2) NOT NULL DEFAULT '0' COMMENT '0系统得分，1手动得分'
) ENGINE=MyISAM DEFAULT CHARSET=utf8 COMMENT='积分表';

INSERT INTO `cmf_points` (`id`, `adminid`, `contentid`, `points`, `chang_points`, `sendnum`, `authnum`, `addtime`, `type`) VALUES
(1, 1, 0, 0, 0, 5, 0, '0000-00-00', 1),
(2, 22, 6, 30, 0, 5, 2, '2017-01-10', 1),
(3, 22, 8, 30, 0, 1, 1, '2017-01-10', 1),
(4, 22, 1, 1, 0, 0, 0, '2017-01-09', 0),
(5, 22, 1, 1, 0, 0, 0, '2017-01-08', 0),
(6, 22, 1, 1, 0, 0, 0, '2017-01-07', 0),
(7, 22, 3, 1, 0, 0, 0, '2017-01-07', 0),
(8, 22, 3, 1, 0, 0, 0, '2017-01-08', 0),
(9, 22, 3, 1, 0, 0, 0, '2016-12-30', 0),
(10, 22, 1, 1, 0, 0, 0, '2017-01-10', 0),
(11, 22, 3, 1, 0, 0, 0, '2017-01-10', 0),
(13, 22, 11, 20, 20, 0, 0, '2017-01-10', 1),
(14, 22, 5, 10, 0, 2, 1, '2017-01-09', 1),
(18, 22, 11, 30, 30, 0, 0, '2017-01-06', 1),
(19, 22, 11, 20, 20, 0, 0, '2017-01-10', 1),
(20, 22, 1, 1, 0, 0, 0, '2017-01-11', 0),
(21, 22, 1, 1, 0, 0, 0, '2017-01-13', 0),
(22, 22, 3, 1, 0, 0, 0, '2017-01-13', 0),
(23, 22, 4, 10, 0, 0, 0, '2017-01-13', 0),
(24, 22, 7, 35, 0, 10, 7, '2017-01-12', 1),
(25, 22, 6, 15, 0, 1, 1, '2017-01-13', 1),
(26, 22, 11, 30, 30, 0, 0, '2017-01-13', 1),
(27, 22, 11, 10, 10, 0, 0, '2017-01-13', 1),
(28, 35, 1, 1, 0, 0, 0, '2017-02-18', 0),
(29, 35, 3, 1, 0, 0, 0, '2017-02-18', 0),
(30, 35, 6, 15, 0, 1, 1, '2017-02-17', 1),
(31, 35, 1, 1, 0, 0, 0, '2017-03-24', 0),
(32, 35, 7, 20, 0, 5, 4, '2017-03-24', 1),
(33, 35, 11, 30, 30, 0, 0, '2017-03-24', 1),
(34, 35, 1, 1, 0, 0, 0, '2017-03-28', 0),
(35, 35, 11, 2, 2, 0, 0, '2017-03-28', 1),
(36, 35, 3, 1, 0, 0, 0, '2017-03-28', 0),
(37, 35, 1, 1, 0, 0, 0, '2017-03-29', 0),
(38, 35, 3, 1, 0, 0, 0, '2017-03-29', 0),
(39, 35, 11, 1, 1, 0, 0, '2017-03-29', 1),
(40, 35, 1, 1, 0, 0, 0, '2017-03-31', 0),
(41, 35, 1, 1, 0, 0, 0, '2018-02-23', 0);

CREATE TABLE `cmf_position` (
  `posid` smallint(5) UNSIGNED NOT NULL COMMENT '推荐位id',
  `modelid` char(30) NOT NULL DEFAULT '' COMMENT '模型id',
  `catid` varchar(255) NOT NULL DEFAULT '' COMMENT '栏目id',
  `name` char(30) NOT NULL DEFAULT '' COMMENT '推荐位名称',
  `maxnum` smallint(5) NOT NULL DEFAULT '20' COMMENT '最大存储数据量',
  `extention` char(100) NOT NULL DEFAULT '',
  `listorder` smallint(5) UNSIGNED NOT NULL DEFAULT '0' COMMENT '排序'
) ENGINE=MyISAM DEFAULT CHARSET=utf8;

INSERT INTO `cmf_position` (`posid`, `modelid`, `catid`, `name`, `maxnum`, `extention`, `listorder`) VALUES
(1, '0', '0', '首页幻灯片', 10, '', 0),
(2, '0', '0', '首页文字头条', 10, '', 0),
(3, '0', '0', '首页站长推荐', 10, '', 0);

CREATE TABLE `cmf_posts` (
  `id` bigint(20) UNSIGNED NOT NULL,
  `post_author` bigint(20) UNSIGNED DEFAULT '0' COMMENT '发表者id',
  `post_keywords` varchar(150) NOT NULL COMMENT 'seo keywords',
  `post_source` varchar(150) DEFAULT NULL COMMENT '转载文章的来源',
  `post_date` datetime DEFAULT '2000-01-01 00:00:00' COMMENT 'post创建日期，永久不变，一般不显示给用户',
  `post_content` longtext COMMENT 'post内容',
  `post_title` text COMMENT 'post标题',
  `post_excerpt` text COMMENT 'post摘要',
  `post_status` int(2) DEFAULT '1' COMMENT 'post状态，1已审核，0未审核',
  `comment_status` int(2) DEFAULT '1' COMMENT '评论状态，1允许，0不允许',
  `post_modified` datetime DEFAULT '2000-01-01 00:00:00' COMMENT 'post更新时间，可在前台修改，显示给用户',
  `post_content_filtered` longtext,
  `post_parent` bigint(20) UNSIGNED DEFAULT '0' COMMENT 'post的父级post id,表示post层级关系',
  `post_type` int(2) DEFAULT NULL,
  `post_mime_type` varchar(100) DEFAULT '',
  `comment_count` bigint(20) DEFAULT '0',
  `smeta` text COMMENT 'post的扩展字段，保存相关扩展属性，如缩略图；格式为json',
  `post_hits` int(11) DEFAULT '0' COMMENT 'post点击数，查看数',
  `post_like` int(11) DEFAULT '0' COMMENT 'post赞数',
  `istop` tinyint(1) NOT NULL DEFAULT '0' COMMENT '置顶 1置顶； 0不置顶',
  `recommended` tinyint(1) NOT NULL DEFAULT '0' COMMENT '推荐 1推荐 0不推荐'
) ENGINE=MyISAM DEFAULT CHARSET=utf8;

INSERT INTO `cmf_posts` (`id`, `post_author`, `post_keywords`, `post_source`, `post_date`, `post_content`, `post_title`, `post_excerpt`, `post_status`, `comment_status`, `post_modified`, `post_content_filtered`, `post_parent`, `post_type`, `post_mime_type`, `comment_count`, `smeta`, `post_hits`, `post_like`, `istop`, `recommended`) VALUES
(1, 1, '', '', '2016-05-13 16:15:31', '<p>我是全部<strong>内容</strong></p>', '我是新加的2', '我是摘要', 1, 1, '2016-05-13 16:15:03', '', 0, 0, '', 0, '{\"thumb\":\"\",\"photo\":[{\"url\":\"20160531\\/574cf2c100801.jpg\",\"alt\":\"11\"},{\"url\":\"20160531\\/574cf2c67d743.png\",\"alt\":\"22\"}]}', 7, 1, 0, 0),
(2, 1, 'about us', '', '2016-05-23 15:05:41', '<p>about usabout usabout usabout usabout us</p>', 'about us', 'about us', 1, 1, '2016-05-23 15:05:08', '', 0, 2, '', 0, '{\"template\":\"page\",\"thumb\":\"\"}', 0, 0, 0, 0),
(3, 1, 'China Grinding Balls, Grinding Steel Balls Manufacturer', '', '2016-08-08 17:01:32', '<p>Other factors effect&nbsp;grinding balls&nbsp;are as followings:</p><p>Molybdenum (Mo):&nbsp;Molybdenum’s role is matrix refinement. It can refine carbide, improve the electrode potential of matrix and balls corrosion resistance. In the metal casting conditions, adding a small amount can take effect, it mainly used for special grinding ball.</p><p>Sulfur (S):&nbsp;Due to the high content of manganese in steel, large amount of MnS generated and discharged from the slag. But because it is melted in basic slag, the sulfur can be successfully reduced to 0.03%. Such a low sulfur content will not significantly affected the steel strength, toughness and wear resistance.</p><p>Phosphorus (P):&nbsp;Phosphorus rarely dissolved in the steel separately, it often reduces the steel strength, toughness and wear resistance as Fe2p, Fe3P form on grain boundaries. High content carbon increase phosphorus precipitation in form of eutectic crystal. In order to guarantee grinding media balls performance, it should follow the below relationship: C% = 11.27-2.761 × P%. Make sure the phosphorus content ≤0.08% in production, and important, complex and thick pieces≤0.07%.</p><p>Silicon(SI):&nbsp;Silicon is an important element for grinding ball, it is not only effectively reduce the chilling tendency and increase the amount of ferrite, but also refine eutectic and enhance ball roundness. However, silicon also improve brittle transition temperature of cast iron, thus reduce the impact toughness. Therefore, the silicon content should not be too high, especially for situation that the cast iron manganese and phosphorus content is higher.</p><p><br/></p>', 'Which factors effect grinding ball?', 'Other factors effect grinding balls are as followings', 1, 1, '2016-08-08 16:58:44', NULL, 0, NULL, '', 0, '{\"thumb\":\"http:\\/\\/www.huaminsteelball.com\\/fckeditor\\/php\\/upload\\/42761470368925.jpg\",\"photo\":[{\"url\":\"http:\\/\\/www.huaminsteelball.com\\/fckeditor\\/php\\/upload\\/42761470368925.jpg\",\"alt\":\"\"}]}', 0, 0, 0, 0);

CREATE TABLE `cmf_product` (
  `id` mediumint(8) UNSIGNED NOT NULL,
  `catid` smallint(5) UNSIGNED NOT NULL DEFAULT '0',
  `typeid` smallint(5) UNSIGNED NOT NULL DEFAULT '0',
  `title` varchar(255) NOT NULL DEFAULT '',
  `style` varchar(24) NOT NULL DEFAULT '',
  `thumb` varchar(255) NOT NULL DEFAULT '',
  `keywords` varchar(255) NOT NULL DEFAULT '',
  `tags` varchar(255) NOT NULL DEFAULT '',
  `description` mediumtext,
  `url` varchar(255) NOT NULL DEFAULT '',
  `moveurl` varchar(255) NOT NULL COMMENT '动态url地址',
  `listorder` tinyint(3) UNSIGNED NOT NULL DEFAULT '0',
  `status` tinyint(2) UNSIGNED NOT NULL DEFAULT '1',
  `istop` tinyint(2) NOT NULL COMMENT '置顶 0否1是',
  `recommend` tinyint(2) NOT NULL COMMENT '推荐 0否1是',
  `sysadd` tinyint(1) UNSIGNED NOT NULL DEFAULT '0',
  `islink` tinyint(1) UNSIGNED NOT NULL DEFAULT '0',
  `username` char(20) NOT NULL DEFAULT '',
  `inputtime` int(10) UNSIGNED NOT NULL DEFAULT '0',
  `updatetime` int(10) UNSIGNED NOT NULL DEFAULT '0',
  `views` int(11) NOT NULL DEFAULT '0' COMMENT '点击总数',
  `yesterdayviews` int(11) NOT NULL DEFAULT '0' COMMENT '最日',
  `dayviews` int(10) NOT NULL DEFAULT '0' COMMENT '今日点击数',
  `weekviews` int(10) NOT NULL DEFAULT '0' COMMENT '本周访问数',
  `monthviews` int(10) NOT NULL DEFAULT '0' COMMENT '本月访问',
  `viewsupdatetime` int(10) NOT NULL DEFAULT '0' COMMENT '点击数更新时间',
  `price` varchar(7) NOT NULL DEFAULT '',
  `size` varchar(10) NOT NULL DEFAULT '',
  `seotitle` mediumtext,
  `seokeywords` mediumtext,
  `seodescription` mediumtext,
  `seourl` varchar(255) DEFAULT NULL,
  `isdelay` tinyint(1) UNSIGNED NOT NULL DEFAULT '0' COMMENT '是否推迟 0-不推迟 1-推迟',
  `is_del` tinyint(2) NOT NULL DEFAULT '0'
) ENGINE=MyISAM DEFAULT CHARSET=utf8;

CREATE TABLE `cmf_product_data` (
  `id` mediumint(8) UNSIGNED NOT NULL DEFAULT '0',
  `content` mediumtext,
  `paginationtype` tinyint(1) NOT NULL DEFAULT '0',
  `maxcharperpage` mediumint(6) NOT NULL DEFAULT '0',
  `template` varchar(30) NOT NULL DEFAULT '',
  `paytype` tinyint(1) UNSIGNED DEFAULT '0',
  `allow_comment` tinyint(1) UNSIGNED NOT NULL DEFAULT '1',
  `relation` varchar(255) NOT NULL DEFAULT '',
  `mopic` text,
  `spec_description` mediumtext,
  `checkbox` varchar(255) NOT NULL DEFAULT '1'
) ENGINE=MyISAM DEFAULT CHARSET=utf8;

CREATE TABLE `cmf_release` (
  `id` int(11) NOT NULL,
  `b2bname` varchar(255) NOT NULL COMMENT 'b2b平台名称',
  `b2burl` varchar(255) NOT NULL COMMENT 'b2b平台网址',
  `reginfo` text NOT NULL COMMENT '注册所需信息',
  `logininfo` text NOT NULL COMMENT '登录字段',
  `postinfo` text NOT NULL COMMENT '发布产品所需信息',
  `username` varchar(100) NOT NULL COMMENT '注册用户名',
  `password` varchar(100) NOT NULL COMMENT '注册密码',
  `ifreg` tinyint(1) DEFAULT '0' COMMENT '是否注册',
  `regsuccess` varchar(255) NOT NULL COMMENT '注册成功信息',
  `loginsuccess` varchar(255) NOT NULL COMMENT '登录成功信息',
  `postsuccess` varchar(255) DEFAULT NULL COMMENT '发布成功信息',
  `regurl` varchar(255) NOT NULL COMMENT '注册地址',
  `loginurl` varchar(255) NOT NULL COMMENT '登录地址',
  `posturl` varchar(255) NOT NULL COMMENT '发布地址',
  `preposturl` varchar(255) DEFAULT NULL COMMENT '发布页面，有隐藏字段时需要填写',
  `status` tinyint(1) NOT NULL DEFAULT '0' COMMENT '是否可编辑 1-可 0-不可',
  `ifhide` tinyint(1) NOT NULL DEFAULT '0' COMMENT '是否有隐藏字段 1-有 0-没有',
  `is_auto_enrollment` tinyint(1) DEFAULT '0' COMMENT '是否自动注册（0：是，1：不是）'
) ENGINE=MyISAM DEFAULT CHARSET=utf8;

INSERT INTO `cmf_release` (`id`, `b2bname`, `b2burl`, `reginfo`, `logininfo`, `postinfo`, `username`, `password`, `ifreg`, `regsuccess`, `loginsuccess`, `postsuccess`, `regurl`, `loginurl`, `posturl`, `preposturl`, `status`, `ifhide`, `is_auto_enrollment`) VALUES
(21, '中国供应商', 'http://en.china.cn/', 'a:18:{s:15:\"registerCountry\";s:16:\"China (Mainland)\";s:11:\"regCorpType\";s:1:\"1\";s:9:\"firstName\";s:4:\"xiao\";s:8:\"lastName\";s:3:\"han\";s:8:\"corpname\";s:18:\"hangzhoudalichukou\";s:11:\"t_subdomain\";s:0:\"\";s:11:\"countryCode\";s:2:\"86\";s:8:\"earaCode\";s:3:\"010\";s:5:\"phone\";s:8:\"87463212\";s:5:\"email\";s:17:\"han4234534@qq.com\";s:8:\"username\";s:16:\"shijiazhuangre15\";s:8:\"password\";s:9:\"woshimima\";s:13:\"passwordcheck\";s:9:\"woshimima\";s:10:\"websiteurl\";s:0:\"\";s:17:\"registeredCountry\";s:16:\"China (Mainland)\";s:12:\"registerType\";s:1:\"1\";s:7:\"codeval\";s:9:\"verifystr\";s:4:\"code\";s:43:\"http://my.en.china.cn/captcha.php?seed=9854\";}', 'a:5:{s:2:\"op\";s:8:\"B2BLogin\";s:8:\"userName\";s:16:\"shijiazhuangre15\";s:12:\"userPassword\";s:9:\"woshimima\";s:8:\"username\";s:16:\"shijiazhuangre15\";s:8:\"password\";s:9:\"woshimima\";}', 'a:30:{s:13:\"tradeLeadType\";a:3:{i:0;s:1:\"0\";i:1;s:1:\"0\";i:2;s:1:\"0\";}s:8:\"quantity\";a:3:{i:0;s:1:\"0\";i:1;s:1:\"0\";i:2;s:1:\"0\";}s:11:\"offerDetail\";a:3:{i:0;s:0:\"\";i:1;s:3:\"108\";i:2;s:1:\"0\";}s:12:\"offerSubject\";a:3:{i:0;s:0:\"\";i:1;s:3:\"103\";i:2;s:1:\"0\";}s:7:\"modelNO\";a:3:{i:0;s:0:\"\";i:1;s:3:\"110\";i:2;s:1:\"0\";}s:8:\"keyword1\";a:3:{i:0;s:0:\"\";i:1;s:3:\"204\";i:2;s:1:\"0\";}s:12:\"productPrice\";a:3:{i:0;s:0:\"\";i:1;s:3:\"109\";i:2;s:1:\"0\";}s:9:\"priceUnit\";a:3:{i:0;s:0:\"\";i:1;s:1:\"0\";i:2;s:1:\"0\";}s:9:\"minAmount\";a:3:{i:0;s:0:\"\";i:1;s:1:\"0\";i:2;s:1:\"0\";}s:11:\"totalAmount\";a:3:{i:0;s:0:\"\";i:1;s:1:\"0\";i:2;s:1:\"0\";}s:4:\"port\";a:3:{i:0;s:0:\"\";i:1;s:1:\"0\";i:2;s:1:\"0\";}s:7:\"quality\";a:3:{i:0;s:0:\"\";i:1;s:1:\"0\";i:2;s:1:\"0\";}s:9:\"brandName\";a:3:{i:0;s:0:\"\";i:1;s:1:\"0\";i:2;s:1:\"0\";}s:8:\"currency\";a:3:{i:0;s:0:\"\";i:1;s:1:\"0\";i:2;s:1:\"0\";}s:10:\"priceTerms\";a:3:{i:0;s:0:\"\";i:1;s:1:\"0\";i:2;s:1:\"0\";}s:15:\"otherPriceTerms\";a:3:{i:0;s:0:\"\";i:1;s:1:\"0\";i:2;s:1:\"0\";}s:12:\"paymentTerms\";a:3:{i:0;s:0:\"\";i:1;s:1:\"0\";i:2;s:1:\"0\";}s:13:\"paymentRemark\";a:3:{i:0;s:0:\"\";i:1;s:1:\"0\";i:2;s:1:\"0\";}s:11:\"deliverDate\";a:3:{i:0;s:0:\"\";i:1;s:1:\"0\";i:2;s:1:\"0\";}s:15:\"totalAmountUnit\";a:3:{i:0;s:0:\"\";i:1;s:1:\"0\";i:2;s:1:\"0\";}s:9:\"packaging\";a:3:{i:0;s:14:\"woshibaozhuang\";i:1;s:1:\"0\";i:2;s:1:\"0\";}s:10:\"needExProp\";a:3:{i:0;s:1:\"1\";i:1;s:1:\"0\";i:2;s:1:\"0\";}s:12:\"categoryType\";a:3:{i:0;s:4:\"SELL\";i:1;s:1:\"0\";i:2;s:1:\"0\";}s:6:\"select\";a:3:{i:0;s:3:\"302\";i:1;s:1:\"0\";i:2;s:1:\"0\";}s:10:\"categoryId\";a:3:{i:0;s:3:\"302\";i:1;s:1:\"0\";i:2;s:1:\"0\";}s:13:\"placeOfOrigin\";a:3:{i:0;s:11:\"shijazhuang\";i:1;s:1:\"0\";i:2;s:1:\"0\";}s:11:\"watermarker\";a:3:{i:0;s:2:\"on\";i:1;s:1:\"0\";i:2;s:1:\"0\";}s:8:\"picIndex\";a:3:{i:0;s:1:\"2\";i:1;s:1:\"0\";i:2;s:1:\"0\";}s:11:\"offerExpire\";a:3:{i:0;s:2:\"90\";i:1;s:1:\"0\";i:2;s:1:\"0\";}s:7:\"retread\";a:3:{i:0;s:1:\"1\";i:1;s:1:\"0\";i:2;s:1:\"0\";}}', 'username|', 'password|', 0, 'Welcome to CHINA.CN', 'Welcome to CHINA.CN', '', 'http://my.en.china.cn/admin.php?op=B2BRegister', 'http://my.en.china.cn/admin.php', 'http://my.en.china.cn/admin.php?op=SellInfoPublish&amp;auth=3822bdc1161e083ebec643567ec0e338', '', 1, 0, 0),
(61, 'businessnetwork.co.uk(需自行注册,只能发一个产品)', 'http://businessnetwork.co.uk/', 'a:0:{}', 'a:2:{s:5:\"login\";s:17:\"3406366416@qq.com\";s:8:\"password\";s:9:\"han123456\";}', 'a:20:{s:7:\"Company\";a:3:{i:0;s:18:\"hangzhoudalichukou\";i:1;s:1:\"0\";i:2;s:1:\"0\";}s:8:\"Industry\";a:3:{i:0;s:0:\"\";i:1;s:1:\"0\";i:2;s:1:\"0\";}s:4:\"Add1\";a:3:{i:0;s:8:\"renminlu\";i:1;s:1:\"0\";i:2;s:1:\"0\";}s:4:\"Add2\";a:3:{i:0;s:0:\"\";i:1;s:1:\"0\";i:2;s:1:\"0\";}s:4:\"Add3\";a:3:{i:0;s:0:\"\";i:1;s:1:\"0\";i:2;s:1:\"0\";}s:4:\"Town\";a:3:{i:0;s:9:\"hangzhou1\";i:1;s:1:\"0\";i:2;s:1:\"0\";}s:6:\"County\";a:3:{i:0;s:7:\"jiangsu\";i:1;s:1:\"0\";i:2;s:1:\"0\";}s:8:\"Postcode\";a:3:{i:0;s:6:\"310000\";i:1;s:1:\"0\";i:2;s:1:\"0\";}s:4:\"logo\";a:3:{i:0;s:38:\"{ECB258AC-EA39-F6B1-629F-33908EB01499}\";i:1;s:1:\"0\";i:2;s:1:\"0\";}s:2:\"id\";a:3:{i:0;s:0:\"\";i:1;s:1:\"0\";i:2;s:1:\"1\";}s:7:\"user_id\";a:3:{i:0;s:0:\"\";i:1;s:1:\"0\";i:2;s:1:\"1\";}s:7:\"Website\";a:3:{i:0;s:0:\"\";i:1;s:1:\"0\";i:2;s:1:\"0\";}s:5:\"Email\";a:3:{i:0;s:17:\"han4234534@qq.com\";i:1;s:1:\"0\";i:2;s:1:\"0\";}s:9:\"Telephone\";a:3:{i:0;s:11:\"18654536747\";i:1;s:1:\"0\";i:2;s:1:\"0\";}s:3:\"Fax\";a:3:{i:0;s:0:\"\";i:1;s:1:\"0\";i:2;s:1:\"0\";}s:7:\"Twitter\";a:3:{i:0;s:0:\"\";i:1;s:1:\"0\";i:2;s:1:\"0\";}s:17:\"Description_short\";a:3:{i:0;s:10:\"testt test\";i:1;s:1:\"0\";i:2;s:1:\"0\";}s:11:\"Description\";a:3:{i:0;s:16:\"food product1111\";i:1;s:1:\"0\";i:2;s:1:\"0\";}s:4:\"tags\";a:3:{i:0;s:0:\"\";i:1;s:1:\"0\";i:2;s:1:\"0\";}s:11:\"hidden-tags\";a:3:{i:0;s:8:\"food,tea\";i:1;s:1:\"0\";i:2;s:1:\"0\";}}', 'login|', 'password|', 0, '1', 'You\\\'ve successfully activated your account', '', '1', 'http://businessnetwork.co.uk/auth/login', 'http://businessnetwork.co.uk/dashboard/updatebusiness/', 'http://businessnetwork.co.uk/dashboard/editbusiness/48060', 1, 1, 1),
(63, 'bizgoco(自行注册）', 'https://www.bizgoco.com/', 'a:0:{}', 'a:2:{s:5:\"uname\";s:9:\"995251229\";s:3:\"pwd\";s:6:\"123456\";}', 'a:22:{s:6:\"itemid\";a:3:{i:0;s:0:\"\";i:1;s:1:\"0\";i:2;N;}s:5:\"title\";a:3:{i:0;s:0:\"\";i:1;s:3:\"103\";i:2;N;}s:5:\"catid\";a:3:{i:0;s:0:\"\";i:1;s:3:\"101\";i:2;N;}s:9:\"oneSelect\";a:3:{i:0;s:1:\"1\";i:1;s:1:\"0\";i:2;N;}s:9:\"twoSelect\";a:3:{i:0;s:3:\"292\";i:1;s:1:\"0\";i:2;N;}s:7:\"content\";a:3:{i:0;s:0:\"\";i:1;s:3:\"108\";i:2;N;}s:4:\"path\";a:3:{i:0;s:0:\"\";i:1;s:3:\"100\";i:2;N;}s:6:\"path_1\";a:3:{i:0;s:0:\"\";i:1;s:1:\"0\";i:2;N;}s:6:\"path_2\";a:3:{i:0;s:0:\"\";i:1;s:1:\"0\";i:2;N;}s:12:\"option[3606]\";a:3:{i:0;s:1:\"5\";i:1;s:1:\"0\";i:2;N;}s:12:\"option[3607]\";a:3:{i:0;s:0:\"\";i:1;s:1:\"0\";i:2;N;}s:12:\"option[3608]\";a:3:{i:0;s:0:\"\";i:1;s:1:\"0\";i:2;N;}s:12:\"option[3609]\";a:3:{i:0;s:0:\"\";i:1;s:1:\"0\";i:2;N;}s:12:\"option[3610]\";a:3:{i:0;s:0:\"\";i:1;s:1:\"0\";i:2;N;}s:12:\"option[3611]\";a:3:{i:0;s:0:\"\";i:1;s:1:\"0\";i:2;N;}s:12:\"option[3653]\";a:3:{i:0;s:0:\"\";i:1;s:1:\"0\";i:2;N;}s:12:\"option[3654]\";a:3:{i:0;s:0:\"\";i:1;s:1:\"0\";i:2;N;}s:9:\"minamount\";a:3:{i:0;s:1:\"1\";i:1;s:1:\"0\";i:2;N;}s:4:\"unit\";a:3:{i:0;s:3:\"Box\";i:1;s:1:\"0\";i:2;N;}s:8:\"minprice\";a:3:{i:0;s:0:\"\";i:1;s:3:\"109\";i:2;N;}s:8:\"currency\";a:3:{i:0;s:3:\"RMB\";i:1;s:1:\"0\";i:2;N;}s:7:\"mycatid\";a:3:{i:0;s:1:\"0\";i:1;s:1:\"0\";i:2;N;}}', 'uname|', 'pwd|', 0, 'well', 'window.location', '', 'https://www.bizgoco.com/', 'https://www.bizgoco.com/login.html', 'https://www.bizgoco.com/user/sell/save_sell.html', '', 1, 0, 1),
(47, 'vvchem', 'http://www.vvchem.com/', 'a:15:{s:7:\"country\";s:5:\"China\";s:12:\"businessType\";s:4:\"song\";s:8:\"lastName\";s:4:\"song\";s:3:\"sex\";s:1:\"0\";s:11:\"companyName\";s:20:\"Shijiazhuang Sonsong\";s:2:\"p1\";s:2:\"86\";s:2:\"p2\";s:0:\"\";s:2:\"p3\";s:11:\"15732191234\";s:5:\"email\";s:13:\"niuniu@qq.com\";s:8:\"password\";s:6:\"123456\";s:10:\"rePassword\";s:6:\"123456\";s:1:\"x\";s:0:\"\";s:1:\"y\";s:0:\"\";s:7:\"regType\";s:0:\"\";s:3:\"key\";s:0:\"\";}', 'a:5:{s:5:\"email\";s:13:\"niuniu@qq.com\";s:8:\"password\";s:6:\"123456\";s:6:\"rember\";s:4:\"true\";s:1:\"x\";s:0:\"\";s:1:\"y\";s:0:\"\";}', 'a:16:{s:3:\"cas\";a:3:{i:0;s:0:\"\";i:1;s:1:\"0\";i:2;s:1:\"0\";}s:11:\"productName\";a:3:{i:0;s:0:\"\";i:1;s:3:\"103\";i:2;s:1:\"0\";}s:6:\"purity\";a:3:{i:0;s:0:\"\";i:1;s:1:\"0\";i:2;s:1:\"0\";}s:8:\"quantity\";a:3:{i:0;s:0:\"\";i:1;s:1:\"0\";i:2;s:1:\"0\";}s:9:\"priceUnit\";a:3:{i:0;s:0:\"\";i:1;s:1:\"0\";i:2;s:1:\"0\";}s:8:\"minPrice\";a:3:{i:0;s:0:\"\";i:1;s:1:\"0\";i:2;s:1:\"0\";}s:8:\"maxPrice\";a:3:{i:0;s:0:\"\";i:1;s:1:\"0\";i:2;s:1:\"0\";}s:10:\"expiryDate\";a:3:{i:0;s:1:\"0\";i:1;s:1:\"0\";i:2;s:1:\"0\";}s:8:\"detailed\";a:3:{i:0;s:0:\"\";i:1;s:3:\"108\";i:2;s:1:\"0\";}s:6:\"weight\";a:3:{i:0;s:0:\"\";i:1;s:1:\"0\";i:2;s:1:\"0\";}s:7:\"formula\";a:3:{i:0;s:0:\"\";i:1;s:1:\"0\";i:2;s:1:\"0\";}s:6:\"smiles\";a:3:{i:0;s:0:\"\";i:1;s:1:\"0\";i:2;s:1:\"0\";}s:3:\"mol\";a:3:{i:0;s:0:\"\";i:1;s:1:\"0\";i:2;s:1:\"0\";}s:3:\"url\";a:3:{i:0;s:38:\"/user/buyinfo/postBuyInfo.jsp?sucess=1\";i:1;s:1:\"0\";i:2;s:1:\"0\";}s:4:\"e_id\";a:3:{i:0;s:1:\"0\";i:1;s:1:\"0\";i:2;s:1:\"0\";}s:8:\"btSubmit\";a:3:{i:0;s:6:\"Submit\";i:1;s:1:\"0\";i:2;s:1:\"0\";}}', 'email|', 'password|', 0, 'Thank you for submitting your Company Information to vvchem.com', 'Welcome', '', 'http://www.vvchem.com/user.do?action=reg', 'http://www.vvchem.com/user.do?action=login', 'http://www.vvchem.com/buyInfo.do?action=postBuyInfo', '', 1, 0, 1),
(59, 'traderextra', 'http://traderextra.com/', 'a:16:{s:16:\"customer_country\";s:2:\"CN\";s:24:\"_fmu_uni-register-m__0_m\";s:8:\"supplier\";s:13:\"customer_type\";s:1:\"1\";s:5:\"title\";s:2:\"Mr\";s:19:\"customer_first_name\";s:4:\"xiao\";s:18:\"customer_last_name\";s:3:\"han\";s:21:\"customer_company_name\";s:18:\"hangzhoudalichukou\";s:21:\"customer_country_code\";s:2:\"86\";s:18:\"customer_area_code\";s:3:\"010\";s:12:\"customer_tel\";s:8:\"85463723\";s:14:\"customer_email\";s:17:\"3406366416@qq.com\";s:8:\"password\";s:9:\"han123456\";s:4:\"cpwd\";s:9:\"han123456\";s:6:\"Submit\";s:17:\"Create My Account\";s:7:\"codeval\";s:5:\"_code\";s:4:\"code\";s:40:\"http://traderextra.com/captcha_image.php\";}', 'a:2:{s:14:\"customer_email\";s:17:\"3406366416@qq.com\";s:9:\"lpassword\";s:9:\"han123456\";}', 'a:29:{s:11:\"productName\";a:3:{i:0;s:0:\"\";i:1;s:3:\"103\";i:2;s:1:\"0\";}s:14:\"productKeyword\";a:3:{i:0;s:0:\"\";i:1;s:3:\"204\";i:2;s:1:\"0\";}s:5:\"brand\";a:3:{i:0;s:6:\"reanod\";i:1;s:1:\"0\";i:2;s:1:\"0\";}s:5:\"model\";a:3:{i:0;s:0:\"\";i:1;s:1:\"0\";i:2;s:1:\"0\";}s:4:\"type\";a:3:{i:0;s:0:\"\";i:1;s:1:\"0\";i:2;s:1:\"0\";}s:13:\"countryOrigin\";a:3:{i:0;s:2:\"CN\";i:1;s:1:\"0\";i:2;s:1:\"0\";}s:11:\"placeOrigin\";a:3:{i:0;s:0:\"\";i:1;s:1:\"0\";i:2;s:1:\"0\";}s:9:\"prdt_desc\";a:3:{i:0;s:130:\"We provide business services, our company well in Beijing have a lot of customers, we offer many business services. This is a test\";i:1;s:3:\"108\";i:2;s:1:\"0\";}s:10:\"mattribute\";a:3:{i:0;s:0:\"\";i:1;s:1:\"0\";i:2;s:1:\"0\";}s:6:\"mvalue\";a:3:{i:0;s:0:\"\";i:1;s:1:\"0\";i:2;s:1:\"0\";}s:4:\"imid\";a:3:{i:0;s:1:\"1\";i:1;s:1:\"0\";i:2;s:1:\"0\";}s:4:\"nums\";a:3:{i:0;s:1:\"1\";i:1;s:1:\"0\";i:2;s:1:\"0\";}s:8:\"logoPath\";a:3:{i:0;s:0:\"\";i:1;s:1:\"0\";i:2;s:1:\"0\";}s:11:\"minOrderQty\";a:3:{i:0;s:0:\"\";i:1;s:1:\"0\";i:2;s:1:\"0\";}s:11:\"sp_unittype\";a:3:{i:0;s:0:\"\";i:1;s:1:\"0\";i:2;s:1:\"0\";}s:11:\"fobCurrency\";a:3:{i:0;s:0:\"\";i:1;s:1:\"0\";i:2;s:1:\"0\";}s:11:\"minFobPrice\";a:3:{i:0;s:0:\"\";i:1;s:1:\"0\";i:2;s:1:\"0\";}s:11:\"maxFobPrice\";a:3:{i:0;s:0:\"\";i:1;s:1:\"0\";i:2;s:1:\"0\";}s:10:\"fobUniType\";a:3:{i:0;s:0:\"\";i:1;s:1:\"0\";i:2;s:1:\"0\";}s:12:\"shippingPort\";a:3:{i:0;s:0:\"\";i:1;s:1:\"0\";i:2;s:1:\"0\";}s:18:\"productionCapacity\";a:3:{i:0;s:0:\"\";i:1;s:1:\"0\";i:2;s:1:\"0\";}s:11:\"sa_unittype\";a:3:{i:0;s:0:\"\";i:1;s:1:\"0\";i:2;s:1:\"0\";}s:10:\"timePeriod\";a:3:{i:0;s:0:\"\";i:1;s:1:\"0\";i:2;s:1:\"0\";}s:15:\"delivaryDetails\";a:3:{i:0;s:0:\"\";i:1;s:1:\"0\";i:2;s:1:\"0\";}s:16:\"packagingDetails\";a:3:{i:0;s:0:\"\";i:1;s:1:\"0\";i:2;s:1:\"0\";}s:12:\"productGroup\";a:3:{i:0;s:0:\"\";i:1;s:1:\"0\";i:2;s:1:\"0\";}s:15:\"productGroupTxt\";a:3:{i:0;s:0:\"\";i:1;s:1:\"0\";i:2;s:1:\"0\";}s:13:\"submitProduct\";a:3:{i:0;s:6:\"SUBMIT\";i:1;s:1:\"0\";i:2;s:1:\"0\";}s:17:\"categoryHierarchy\";a:3:{i:0;s:14:\"1316,1377,2230\";i:1;s:1:\"0\";i:2;s:1:\"0\";}}', 'customer_email|', 'lpassword|', 0, 'Congratulations', 'Product Status', '', 'http://traderextra.com/register.php', 'http://traderextra.com/login.php', 'http://traderextra.com/add-new-selling-product-details.php', '', 1, 0, 1);

CREATE TABLE `cmf_release_links` (
  `id` int(11) NOT NULL,
  `time` int(11) NOT NULL COMMENT '发布时间',
  `num` int(4) NOT NULL COMMENT '成功个数'
) ENGINE=MyISAM DEFAULT CHARSET=utf8 COMMENT='发布链接表';

CREATE TABLE `cmf_release_new` (
  `id` int(11) NOT NULL,
  `website` varchar(100) NOT NULL COMMENT '平台名称',
  `website_url` varchar(255) NOT NULL COMMENT '平台网址',
  `release_rul` varchar(255) NOT NULL DEFAULT '' COMMENT '发布产品的url',
  `login_url` varchar(255) NOT NULL DEFAULT '' COMMENT '登录网址的url',
  `register_url` varchar(255) NOT NULL DEFAULT '' COMMENT '注册网址的url',
  `username` varchar(50) DEFAULT NULL COMMENT '注册用户名',
  `password` varchar(50) DEFAULT NULL COMMENT '密码',
  `status` tinyint(4) NOT NULL DEFAULT '1' COMMENT '是否需要注册：0不需要，1需要'
) ENGINE=MyISAM DEFAULT CHARSET=utf8;

CREATE TABLE `cmf_release_new_product` (
  `id` int(11) NOT NULL,
  `product_id` int(11) NOT NULL COMMENT '产品表ID',
  `typeid` tinyint(2) NOT NULL DEFAULT '0' COMMENT '信息类型',
  `title` varchar(255) NOT NULL COMMENT '产品名称',
  `catid` int(11) NOT NULL DEFAULT '0' COMMENT '分类ID',
  `content` text COMMENT '产品描述',
  `image` text COMMENT '产品图',
  `totime` int(11) DEFAULT NULL COMMENT '过期时间',
  `prodter` text COMMENT '产品参数',
  `unit` varchar(10) NOT NULL COMMENT '产品单位',
  `price` float(10,2) NOT NULL DEFAULT '0.00' COMMENT '产品单价',
  `minamount` smallint(4) NOT NULL DEFAULT '1' COMMENT '最小起订量',
  `amount` int(11) NOT NULL DEFAULT '99999' COMMENT '供货总量',
  `days` smallint(4) NOT NULL DEFAULT '7' COMMENT '准备配送天数',
  `status` tinyint(3) UNSIGNED NOT NULL DEFAULT '0' COMMENT '状态：0：未发布，1：已发布',
  `elite` tinyint(2) NOT NULL DEFAULT '0' COMMENT '是否推荐 0-否，1-是'
) ENGINE=MyISAM DEFAULT CHARSET=utf8 COMMENT='新平台发布产品表';

CREATE TABLE `cmf_release_record` (
  `id` int(11) NOT NULL,
  `pingid` int(11) NOT NULL DEFAULT '0' COMMENT '平台ID',
  `proid` int(11) NOT NULL DEFAULT '0' COMMENT '产品ID'
) ENGINE=MyISAM DEFAULT CHARSET=utf8;

CREATE TABLE `cmf_release_yellow` (
  `id` int(11) NOT NULL,
  `b2bname` varchar(255) NOT NULL COMMENT 'b2b平台名称',
  `b2burl` varchar(255) NOT NULL COMMENT 'b2b平台网址',
  `zzxzfl` char(200) NOT NULL DEFAULT '' COMMENT '选择的分类',
  `fbfl` text NOT NULL COMMENT '分类代码',
  `reginfo` text NOT NULL COMMENT '注册所需信息',
  `logininfo` text NOT NULL COMMENT '登录字段',
  `postinfo` text NOT NULL COMMENT '发布产品所需信息',
  `username` varchar(100) NOT NULL COMMENT '注册用户名',
  `password` varchar(100) NOT NULL COMMENT '注册密码',
  `ifreg` tinyint(1) DEFAULT '0' COMMENT '是否注册',
  `regsuccess` varchar(255) NOT NULL COMMENT '注册成功信息',
  `loginsuccess` varchar(255) NOT NULL COMMENT '登录成功信息',
  `postsuccess` varchar(255) DEFAULT NULL COMMENT '发布成功信息',
  `regurl` varchar(255) NOT NULL COMMENT '注册地址',
  `loginurl` varchar(255) NOT NULL COMMENT '登录地址',
  `posturl` varchar(255) NOT NULL COMMENT '发布地址',
  `preposturl` varchar(255) DEFAULT NULL COMMENT '发布页面，有隐藏字段时需要填写',
  `status` tinyint(1) NOT NULL DEFAULT '0' COMMENT '是否可编辑 1-可 0-不可',
  `ifhide` tinyint(1) NOT NULL DEFAULT '0' COMMENT '是否有隐藏字段 1-有 0-没有',
  `is_auto_enrollment` tinyint(1) DEFAULT '0' COMMENT '是否自动注册（0：是，1：不是）',
  `regorpost` tinyint(1) DEFAULT '0' COMMENT '是否用注册 1-用 2-不用'
) ENGINE=MyISAM DEFAULT CHARSET=utf8;

INSERT INTO `cmf_release_yellow` (`id`, `b2bname`, `b2burl`, `zzxzfl`, `fbfl`, `reginfo`, `logininfo`, `postinfo`, `username`, `password`, `ifreg`, `regsuccess`, `loginsuccess`, `postsuccess`, `regurl`, `loginurl`, `posturl`, `preposturl`, `status`, `ifhide`, `is_auto_enrollment`, `regorpost`) VALUES
(1, '1websdirectory', 'http://www.1websdirectory.com', '', '', 'a:0:{}', 'a:0:{}', 'a:8:{s:10:\"categ_name\";a:3:{i:0;s:22:\"Home >> Arts >> Crafts\";i:1;s:1:\"0\";i:2;N;}s:9:\"link_name\";a:3:{i:0;s:10:\"crafts.htm\";i:1;s:1:\"0\";i:2;N;}s:8:\"categ_cd\";a:3:{i:0;s:3:\"106\";i:1;s:1:\"0\";i:2;N;}s:10:\"site_title\";a:3:{i:0;s:7:\"zctitle\";i:1;s:1:\"0\";i:2;N;}s:8:\"site_url\";a:3:{i:0;s:5:\"zcurl\";i:1;s:1:\"0\";i:2;N;}s:9:\"email_add\";a:3:{i:0;s:7:\"zcemail\";i:1;s:1:\"0\";i:2;N;}s:9:\"site_desc\";a:3:{i:0;s:6:\"zcdesc\";i:1;s:1:\"0\";i:2;N;}s:4:\"paid\";a:3:{i:0;s:1:\"N\";i:1;s:1:\"0\";i:2;N;}}', '|', '|', 1, '', '', '', '', '', 'http://www.1websdirectory.com/add_data.aspx', '', 1, 0, 0, 2);
INSERT INTO `cmf_release_yellow` (`id`, `b2bname`, `b2burl`, `zzxzfl`, `fbfl`, `reginfo`, `logininfo`, `postinfo`, `username`, `password`, `ifreg`, `regsuccess`, `loginsuccess`, `postsuccess`, `regurl`, `loginurl`, `posturl`, `preposturl`, `status`, `ifhide`, `is_auto_enrollment`, `regorpost`) VALUES
(2, 'www.4169.info', 'http://www.4169.info/', '430', '&lt;option label=&quot;[Top]&quot; value=&quot;0&quot; selected=&quot;selected&quot;&gt;[Top]&lt;/option&gt;\r\n&lt;option label=&quot;|___Arts &amp;amp; Humanities&quot; value=&quot;1&quot;&gt;|___Arts &amp;amp; Humanities&lt;/option&gt;\r\n&lt;option label=&quot;|&amp;nbsp;&amp;nbsp;&amp;nbsp;|___Art History&quot; value=&quot;2&quot;&gt;|&amp;nbsp;&amp;nbsp;&amp;nbsp;|___Art History&lt;/option&gt;\r\n&lt;option label=&quot;|&amp;nbsp;&amp;nbsp;&amp;nbsp;|___Art Weblogs&quot; value=&quot;3&quot;&gt;|&amp;nbsp;&amp;nbsp;&amp;nbsp;|___Art Weblogs&lt;/option&gt;\r\n&lt;option label=&quot;|&amp;nbsp;&amp;nbsp;&amp;nbsp;|___Artists&quot; value=&quot;4&quot;&gt;|&amp;nbsp;&amp;nbsp;&amp;nbsp;|___Artists&lt;/option&gt;\r\n&lt;option label=&quot;|&amp;nbsp;&amp;nbsp;&amp;nbsp;|___Awards&quot; value=&quot;5&quot;&gt;|&amp;nbsp;&amp;nbsp;&amp;nbsp;|___Awards&lt;/option&gt;\r\n&lt;option label=&quot;|&amp;nbsp;&amp;nbsp;&amp;nbsp;|___Booksellers&quot; value=&quot;6&quot;&gt;|&amp;nbsp;&amp;nbsp;&amp;nbsp;|___Booksellers&lt;/option&gt;\r\n&lt;option label=&quot;|&amp;nbsp;&amp;nbsp;&amp;nbsp;|___Censorship&quot; value=&quot;7&quot;&gt;|&amp;nbsp;&amp;nbsp;&amp;nbsp;|___Censorship&lt;/option&gt;\r\n&lt;option label=&quot;|&amp;nbsp;&amp;nbsp;&amp;nbsp;|___Chats and Forums&quot; value=&quot;8&quot;&gt;|&amp;nbsp;&amp;nbsp;&amp;nbsp;|___Chats and Forums&lt;/option&gt;\r\n&lt;option label=&quot;|&amp;nbsp;&amp;nbsp;&amp;nbsp;|___Crafts&quot; value=&quot;9&quot;&gt;|&amp;nbsp;&amp;nbsp;&amp;nbsp;|___Crafts&lt;/option&gt;\r\n&lt;option label=&quot;|&amp;nbsp;&amp;nbsp;&amp;nbsp;|___Criticism and Theory&quot; value=&quot;10&quot;&gt;|&amp;nbsp;&amp;nbsp;&amp;nbsp;|___Criticism and Theory&lt;/option&gt;\r\n&lt;option label=&quot;|&amp;nbsp;&amp;nbsp;&amp;nbsp;|___Cultural Policy&quot; value=&quot;11&quot;&gt;|&amp;nbsp;&amp;nbsp;&amp;nbsp;|___Cultural Policy&lt;/option&gt;\r\n&lt;option label=&quot;|&amp;nbsp;&amp;nbsp;&amp;nbsp;|___Cultures and Groups&quot; value=&quot;12&quot;&gt;|&amp;nbsp;&amp;nbsp;&amp;nbsp;|___Cultures and Groups&lt;/option&gt;\r\n&lt;option label=&quot;|&amp;nbsp;&amp;nbsp;&amp;nbsp;|___Design Arts&quot; value=&quot;13&quot;&gt;|&amp;nbsp;&amp;nbsp;&amp;nbsp;|___Design Arts&lt;/option&gt;\r\n&lt;option label=&quot;|&amp;nbsp;&amp;nbsp;&amp;nbsp;|___Education&quot; value=&quot;14&quot;&gt;|&amp;nbsp;&amp;nbsp;&amp;nbsp;|___Education&lt;/option&gt;\r\n&lt;option label=&quot;|&amp;nbsp;&amp;nbsp;&amp;nbsp;|___Events&quot; value=&quot;15&quot;&gt;|&amp;nbsp;&amp;nbsp;&amp;nbsp;|___Events&lt;/option&gt;\r\n&lt;option label=&quot;|&amp;nbsp;&amp;nbsp;&amp;nbsp;|___Humanities&quot; value=&quot;16&quot;&gt;|&amp;nbsp;&amp;nbsp;&amp;nbsp;|___Humanities&lt;/option&gt;\r\n&lt;option label=&quot;|&amp;nbsp;&amp;nbsp;&amp;nbsp;|___Institutes&quot; value=&quot;17&quot;&gt;|&amp;nbsp;&amp;nbsp;&amp;nbsp;|___Institutes&lt;/option&gt;\r\n&lt;option label=&quot;|&amp;nbsp;&amp;nbsp;&amp;nbsp;|___Job and Employment Resources&quot; value=&quot;18&quot;&gt;|&amp;nbsp;&amp;nbsp;&amp;nbsp;|___Job and Employment Resources&lt;/option&gt;\r\n&lt;option label=&quot;|&amp;nbsp;&amp;nbsp;&amp;nbsp;|___Local History&quot; value=&quot;26&quot;&gt;|&amp;nbsp;&amp;nbsp;&amp;nbsp;|___Local History&lt;/option&gt;\r\n&lt;option label=&quot;|&amp;nbsp;&amp;nbsp;&amp;nbsp;|___Museums, Galleries, and Centers&quot; value=&quot;19&quot;&gt;|&amp;nbsp;&amp;nbsp;&amp;nbsp;|___Museums, Galleries, and Centers&lt;/option&gt;\r\n&lt;option label=&quot;|&amp;nbsp;&amp;nbsp;&amp;nbsp;|___News and Media&quot; value=&quot;20&quot;&gt;|&amp;nbsp;&amp;nbsp;&amp;nbsp;|___News and Media&lt;/option&gt;\r\n&lt;option label=&quot;|&amp;nbsp;&amp;nbsp;&amp;nbsp;|___Organizations&quot; value=&quot;21&quot;&gt;|&amp;nbsp;&amp;nbsp;&amp;nbsp;|___Organizations&lt;/option&gt;\r\n&lt;option label=&quot;|&amp;nbsp;&amp;nbsp;&amp;nbsp;|___Performing Arts&quot; value=&quot;22&quot;&gt;|&amp;nbsp;&amp;nbsp;&amp;nbsp;|___Performing Arts&lt;/option&gt;\r\n&lt;option label=&quot;|&amp;nbsp;&amp;nbsp;&amp;nbsp;|___Photography&quot; value=&quot;641&quot;&gt;|&amp;nbsp;&amp;nbsp;&amp;nbsp;|___Photography&lt;/option&gt;\r\n&lt;option label=&quot;|&amp;nbsp;&amp;nbsp;&amp;nbsp;|___Reference&quot; value=&quot;23&quot;&gt;|&amp;nbsp;&amp;nbsp;&amp;nbsp;|___Reference&lt;/option&gt;\r\n&lt;option label=&quot;|&amp;nbsp;&amp;nbsp;&amp;nbsp;|___Shopping and Services&quot; value=&quot;24&quot;&gt;|&amp;nbsp;&amp;nbsp;&amp;nbsp;|___Shopping and Services&lt;/option&gt;\r\n&lt;option label=&quot;|&amp;nbsp;&amp;nbsp;&amp;nbsp;|___Visual Arts&quot; value=&quot;25&quot;&gt;|&amp;nbsp;&amp;nbsp;&amp;nbsp;|___Visual Arts&lt;/option&gt;\r\n&lt;option label=&quot;|___Blogs&quot; value=&quot;419&quot;&gt;|___Blogs&lt;/option&gt;\r\n&lt;option label=&quot;|&amp;nbsp;&amp;nbsp;&amp;nbsp;|___Blog Hosting&quot; value=&quot;550&quot;&gt;|&amp;nbsp;&amp;nbsp;&amp;nbsp;|___Blog Hosting&lt;/option&gt;\r\n&lt;option label=&quot;|&amp;nbsp;&amp;nbsp;&amp;nbsp;|___Business&quot; value=&quot;420&quot;&gt;|&amp;nbsp;&amp;nbsp;&amp;nbsp;|___Business&lt;/option&gt;\r\n&lt;option label=&quot;|&amp;nbsp;&amp;nbsp;&amp;nbsp;|___Computer&quot; value=&quot;429&quot;&gt;|&amp;nbsp;&amp;nbsp;&amp;nbsp;|___Computer&lt;/option&gt;\r\n&lt;option label=&quot;|&amp;nbsp;&amp;nbsp;&amp;nbsp;|___Eclectic&quot; value=&quot;425&quot;&gt;|&amp;nbsp;&amp;nbsp;&amp;nbsp;|___Eclectic&lt;/option&gt;\r\n&lt;option label=&quot;|&amp;nbsp;&amp;nbsp;&amp;nbsp;|___Education&quot; value=&quot;421&quot;&gt;|&amp;nbsp;&amp;nbsp;&amp;nbsp;|___Education&lt;/option&gt;\r\n&lt;option label=&quot;|&amp;nbsp;&amp;nbsp;&amp;nbsp;|___Home and Garden&quot; value=&quot;692&quot;&gt;|&amp;nbsp;&amp;nbsp;&amp;nbsp;|___Home and Garden&lt;/option&gt;\r\n&lt;option label=&quot;|&amp;nbsp;&amp;nbsp;&amp;nbsp;|___Internet&quot; value=&quot;430&quot;&gt;|&amp;nbsp;&amp;nbsp;&amp;nbsp;|___Internet&lt;/option&gt;\r\n&lt;option label=&quot;|&amp;nbsp;&amp;nbsp;&amp;nbsp;|___Law&quot; value=&quot;426&quot;&gt;|&amp;nbsp;&amp;nbsp;&amp;nbsp;|___Law&lt;/option&gt;\r\n&lt;option label=&quot;|&amp;nbsp;&amp;nbsp;&amp;nbsp;|___Library&quot; value=&quot;422&quot;&gt;|&amp;nbsp;&amp;nbsp;&amp;nbsp;|___Library&lt;/option&gt;\r\n&lt;option label=&quot;|&amp;nbsp;&amp;nbsp;&amp;nbsp;|___Making Money&quot; value=&quot;691&quot;&gt;|&amp;nbsp;&amp;nbsp;&amp;nbsp;|___Making Money&lt;/option&gt;\r\n&lt;option label=&quot;|&amp;nbsp;&amp;nbsp;&amp;nbsp;|___Money&quot; value=&quot;466&quot;&gt;|&amp;nbsp;&amp;nbsp;&amp;nbsp;|___Money&lt;/option&gt;\r\n&lt;option label=&quot;|&amp;nbsp;&amp;nbsp;&amp;nbsp;|___Music&quot; value=&quot;664&quot;&gt;|&amp;nbsp;&amp;nbsp;&amp;nbsp;|___Music&lt;/option&gt;\r\n&lt;option label=&quot;|&amp;nbsp;&amp;nbsp;&amp;nbsp;|___News&quot; value=&quot;431&quot;&gt;|&amp;nbsp;&amp;nbsp;&amp;nbsp;|___News&lt;/option&gt;\r\n&lt;option label=&quot;|&amp;nbsp;&amp;nbsp;&amp;nbsp;|___Personal&quot; value=&quot;427&quot;&gt;|&amp;nbsp;&amp;nbsp;&amp;nbsp;|___Personal&lt;/option&gt;\r\n&lt;option label=&quot;|&amp;nbsp;&amp;nbsp;&amp;nbsp;|___Politics&quot; value=&quot;423&quot;&gt;|&amp;nbsp;&amp;nbsp;&amp;nbsp;|___Politics&lt;/option&gt;\r\n&lt;option label=&quot;|&amp;nbsp;&amp;nbsp;&amp;nbsp;|___Science&quot; value=&quot;424&quot;&gt;|&amp;nbsp;&amp;nbsp;&amp;nbsp;|___Science&lt;/option&gt;\r\n&lt;option label=&quot;|&amp;nbsp;&amp;nbsp;&amp;nbsp;|___Technology&quot; value=&quot;428&quot;&gt;|&amp;nbsp;&amp;nbsp;&amp;nbsp;|___Technology&lt;/option&gt;\r\n&lt;option label=&quot;|&amp;nbsp;&amp;nbsp;&amp;nbsp;|___Webmaster&quot; value=&quot;467&quot;&gt;|&amp;nbsp;&amp;nbsp;&amp;nbsp;|___Webmaster&lt;/option&gt;\r\n&lt;option label=&quot;|___Business &amp;amp; Economy&quot; value=&quot;27&quot;&gt;|___Business &amp;amp; Economy&lt;/option&gt;\r\n&lt;option label=&quot;|&amp;nbsp;&amp;nbsp;&amp;nbsp;|___Affiliate Schemes&quot; value=&quot;518&quot;&gt;|&amp;nbsp;&amp;nbsp;&amp;nbsp;|___Affiliate Schemes&lt;/option&gt;\r\n&lt;option label=&quot;|&amp;nbsp;&amp;nbsp;&amp;nbsp;|___Buildings and Factories&quot; value=&quot;519&quot;&gt;|&amp;nbsp;&amp;nbsp;&amp;nbsp;|___Buildings and Factories&lt;/option&gt;\r\n&lt;option label=&quot;|&amp;nbsp;&amp;nbsp;&amp;nbsp;|___Business Libraries&quot; value=&quot;29&quot;&gt;|&amp;nbsp;&amp;nbsp;&amp;nbsp;|___Business Libraries&lt;/option&gt;\r\n&lt;option label=&quot;|&amp;nbsp;&amp;nbsp;&amp;nbsp;|___Business Resources&quot; value=&quot;28&quot;&gt;|&amp;nbsp;&amp;nbsp;&amp;nbsp;|___Business Resources&lt;/option&gt;\r\n&lt;option label=&quot;|&amp;nbsp;&amp;nbsp;&amp;nbsp;|___Business Schools&quot; value=&quot;30&quot;&gt;|&amp;nbsp;&amp;nbsp;&amp;nbsp;|___Business Schools&lt;/option&gt;\r\n&lt;option label=&quot;|&amp;nbsp;&amp;nbsp;&amp;nbsp;|___Business Training&quot; value=&quot;36&quot;&gt;|&amp;nbsp;&amp;nbsp;&amp;nbsp;|___Business Training&lt;/option&gt;\r\n&lt;option label=&quot;|&amp;nbsp;&amp;nbsp;&amp;nbsp;|___Charity&quot; value=&quot;665&quot;&gt;|&amp;nbsp;&amp;nbsp;&amp;nbsp;|___Charity&lt;/option&gt;\r\n&lt;option label=&quot;|&amp;nbsp;&amp;nbsp;&amp;nbsp;|___Chats and Forums&quot; value=&quot;31&quot;&gt;|&amp;nbsp;&amp;nbsp;&amp;nbsp;|___Chats and Forums&lt;/option&gt;\r\n&lt;option label=&quot;|&amp;nbsp;&amp;nbsp;&amp;nbsp;|___Chemical Services and Supplies&quot; value=&quot;590&quot;&gt;|&amp;nbsp;&amp;nbsp;&amp;nbsp;|___Chemical Services and Supplies&lt;/option&gt;\r\n&lt;option label=&quot;|&amp;nbsp;&amp;nbsp;&amp;nbsp;|___Classifieds&quot; value=&quot;32&quot;&gt;|&amp;nbsp;&amp;nbsp;&amp;nbsp;|___Classifieds&lt;/option&gt;\r\n&lt;option label=&quot;|&amp;nbsp;&amp;nbsp;&amp;nbsp;|___Consultancy&quot; value=&quot;463&quot;&gt;|&amp;nbsp;&amp;nbsp;&amp;nbsp;|___Consultancy&lt;/option&gt;\r\n&lt;option label=&quot;|&amp;nbsp;&amp;nbsp;&amp;nbsp;|___Cooperatives&quot; value=&quot;33&quot;&gt;|&amp;nbsp;&amp;nbsp;&amp;nbsp;|___Cooperatives&lt;/option&gt;\r\n&lt;option label=&quot;|&amp;nbsp;&amp;nbsp;&amp;nbsp;|___Directories of Services&quot; value=&quot;34&quot;&gt;|&amp;nbsp;&amp;nbsp;&amp;nbsp;|___Directories of Services&lt;/option&gt;\r\n&lt;option label=&quot;|&amp;nbsp;&amp;nbsp;&amp;nbsp;|___Economics&quot; value=&quot;35&quot;&gt;|&amp;nbsp;&amp;nbsp;&amp;nbsp;|___Economics&lt;/option&gt;\r\n&lt;option label=&quot;|&amp;nbsp;&amp;nbsp;&amp;nbsp;|___Employment and Work&quot; value=&quot;37&quot;&gt;|&amp;nbsp;&amp;nbsp;&amp;nbsp;|___Employment and Work&lt;/option&gt;\r\n&lt;option label=&quot;|&amp;nbsp;&amp;nbsp;&amp;nbsp;|&amp;nbsp;&amp;nbsp;&amp;nbsp;|___Agencies&quot; value=&quot;688&quot;&gt;|&amp;nbsp;&amp;nbsp;&amp;nbsp;|&amp;nbsp;&amp;nbsp;&amp;nbsp;|___Agencies&lt;/option&gt;\r\n&lt;option label=&quot;|&amp;nbsp;&amp;nbsp;&amp;nbsp;|___Ethics and Responsibility&quot; value=&quot;38&quot;&gt;|&amp;nbsp;&amp;nbsp;&amp;nbsp;|___Ethics and Responsibility&lt;/option&gt;\r\n&lt;option label=&quot;|&amp;nbsp;&amp;nbsp;&amp;nbsp;|___Finance and Investment&quot; value=&quot;39&quot;&gt;|&amp;nbsp;&amp;nbsp;&amp;nbsp;|___Finance and Investment&lt;/option&gt;\r\n&lt;option label=&quot;|&amp;nbsp;&amp;nbsp;&amp;nbsp;|&amp;nbsp;&amp;nbsp;&amp;nbsp;|___Debt Advice&quot; value=&quot;517&quot;&gt;|&amp;nbsp;&amp;nbsp;&amp;nbsp;|&amp;nbsp;&amp;nbsp;&amp;nbsp;|___Debt Advice&lt;/option&gt;\r\n&lt;option label=&quot;|&amp;nbsp;&amp;nbsp;&amp;nbsp;|&amp;nbsp;&amp;nbsp;&amp;nbsp;|___Insurance&quot; value=&quot;514&quot;&gt;|&amp;nbsp;&amp;nbsp;&amp;nbsp;|&amp;nbsp;&amp;nbsp;&amp;nbsp;|___Insurance&lt;/option&gt;\r\n&lt;option label=&quot;|&amp;nbsp;&amp;nbsp;&amp;nbsp;|&amp;nbsp;&amp;nbsp;&amp;nbsp;|&amp;nbsp;&amp;nbsp;&amp;nbsp;|___Business Insurance&quot; value=&quot;671&quot;&gt;|&amp;nbsp;&amp;nbsp;&amp;nbsp;|&amp;nbsp;&amp;nbsp;&amp;nbsp;|&amp;nbsp;&amp;nbsp;&amp;nbsp;|___Business Insurance&lt;/option&gt;\r\n&lt;option label=&quot;|&amp;nbsp;&amp;nbsp;&amp;nbsp;|&amp;nbsp;&amp;nbsp;&amp;nbsp;|&amp;nbsp;&amp;nbsp;&amp;nbsp;|___Car and Motorcycle Insurance&quot; value=&quot;669&quot;&gt;|&amp;nbsp;&amp;nbsp;&amp;nbsp;|&amp;nbsp;&amp;nbsp;&amp;nbsp;|&amp;nbsp;&amp;nbsp;&amp;nbsp;|___Car and Motorcycle Insurance&lt;/option&gt;\r\n&lt;option label=&quot;|&amp;nbsp;&amp;nbsp;&amp;nbsp;|&amp;nbsp;&amp;nbsp;&amp;nbsp;|&amp;nbsp;&amp;nbsp;&amp;nbsp;|___Home Insurance&quot; value=&quot;670&quot;&gt;|&amp;nbsp;&amp;nbsp;&amp;nbsp;|&amp;nbsp;&amp;nbsp;&amp;nbsp;|&amp;nbsp;&amp;nbsp;&amp;nbsp;|___Home Insurance&lt;/option&gt;\r\n&lt;option label=&quot;|&amp;nbsp;&amp;nbsp;&amp;nbsp;|&amp;nbsp;&amp;nbsp;&amp;nbsp;|&amp;nbsp;&amp;nbsp;&amp;nbsp;|___Insurance Brokers&quot; value=&quot;652&quot;&gt;|&amp;nbsp;&amp;nbsp;&amp;nbsp;|&amp;nbsp;&amp;nbsp;&amp;nbsp;|&amp;nbsp;&amp;nbsp;&amp;nbsp;|___Insurance Brokers&lt;/option&gt;\r\n&lt;option label=&quot;|&amp;nbsp;&amp;nbsp;&amp;nbsp;|&amp;nbsp;&amp;nbsp;&amp;nbsp;|&amp;nbsp;&amp;nbsp;&amp;nbsp;|___Life Insurance&quot; value=&quot;673&quot;&gt;|&amp;nbsp;&amp;nbsp;&amp;nbsp;|&amp;nbsp;&amp;nbsp;&amp;nbsp;|&amp;nbsp;&amp;nbsp;&amp;nbsp;|___Life Insurance&lt;/option&gt;\r\n&lt;option label=&quot;|&amp;nbsp;&amp;nbsp;&amp;nbsp;|&amp;nbsp;&amp;nbsp;&amp;nbsp;|&amp;nbsp;&amp;nbsp;&amp;nbsp;|___Other Insurance&quot; value=&quot;672&quot;&gt;|&amp;nbsp;&amp;nbsp;&amp;nbsp;|&amp;nbsp;&amp;nbsp;&amp;nbsp;|&amp;nbsp;&amp;nbsp;&amp;nbsp;|___Other Insurance&lt;/option&gt;\r\n&lt;option label=&quot;|&amp;nbsp;&amp;nbsp;&amp;nbsp;|&amp;nbsp;&amp;nbsp;&amp;nbsp;|___Loans&quot; value=&quot;516&quot;&gt;|&amp;nbsp;&amp;nbsp;&amp;nbsp;|&amp;nbsp;&amp;nbsp;&amp;nbsp;|___Loans&lt;/option&gt;\r\n&lt;option label=&quot;|&amp;nbsp;&amp;nbsp;&amp;nbsp;|&amp;nbsp;&amp;nbsp;&amp;nbsp;|___Mortgages&quot; value=&quot;515&quot;&gt;|&amp;nbsp;&amp;nbsp;&amp;nbsp;|&amp;nbsp;&amp;nbsp;&amp;nbsp;|___Mortgages&lt;/option&gt;\r\n&lt;option label=&quot;|&amp;nbsp;&amp;nbsp;&amp;nbsp;|&amp;nbsp;&amp;nbsp;&amp;nbsp;|___Payment Systems&quot; value=&quot;645&quot;&gt;|&amp;nbsp;&amp;nbsp;&amp;nbsp;|&amp;nbsp;&amp;nbsp;&amp;nbsp;|___Payment Systems&lt;/option&gt;\r\n&lt;option label=&quot;|&amp;nbsp;&amp;nbsp;&amp;nbsp;|&amp;nbsp;&amp;nbsp;&amp;nbsp;|___Stocks and Shares&quot; value=&quot;686&quot;&gt;|&amp;nbsp;&amp;nbsp;&amp;nbsp;|&amp;nbsp;&amp;nbsp;&amp;nbsp;|___Stocks and Shares&lt;/option&gt;\r\n&lt;option label=&quot;|&amp;nbsp;&amp;nbsp;&amp;nbsp;|___Global Economy&quot; value=&quot;40&quot;&gt;|&amp;nbsp;&amp;nbsp;&amp;nbsp;|___Global Economy&lt;/option&gt;\r\n&lt;option label=&quot;|&amp;nbsp;&amp;nbsp;&amp;nbsp;|___History&quot; value=&quot;41&quot;&gt;|&amp;nbsp;&amp;nbsp;&amp;nbsp;|___History&lt;/option&gt;\r\n&lt;option label=&quot;|&amp;nbsp;&amp;nbsp;&amp;nbsp;|___ID cards&quot; value=&quot;522&quot;&gt;|&amp;nbsp;&amp;nbsp;&amp;nbsp;|___ID cards&lt;/option&gt;\r\n&lt;option label=&quot;|&amp;nbsp;&amp;nbsp;&amp;nbsp;|___Industrial Equipment&quot; value=&quot;589&quot;&gt;|&amp;nbsp;&amp;nbsp;&amp;nbsp;|___Industrial Equipment&lt;/option&gt;\r\n&lt;option label=&quot;|&amp;nbsp;&amp;nbsp;&amp;nbsp;|___Intellectual Property&quot; value=&quot;42&quot;&gt;|&amp;nbsp;&amp;nbsp;&amp;nbsp;|___Intellectual Property&lt;/option&gt;\r\n&lt;option label=&quot;|&amp;nbsp;&amp;nbsp;&amp;nbsp;|___Labor&quot; value=&quot;43&quot;&gt;|&amp;nbsp;&amp;nbsp;&amp;nbsp;|___Labor&lt;/option&gt;\r\n&lt;option label=&quot;|&amp;nbsp;&amp;nbsp;&amp;nbsp;|___Law&quot; value=&quot;44&quot;&gt;|&amp;nbsp;&amp;nbsp;&amp;nbsp;|___Law&lt;/option&gt;\r\n&lt;option label=&quot;|&amp;nbsp;&amp;nbsp;&amp;nbsp;|___Marketing and Advertising&quot; value=&quot;45&quot;&gt;|&amp;nbsp;&amp;nbsp;&amp;nbsp;|___Marketing and Advertising&lt;/option&gt;\r\n&lt;option label=&quot;|&amp;nbsp;&amp;nbsp;&amp;nbsp;|___News and Media&quot; value=&quot;46&quot;&gt;|&amp;nbsp;&amp;nbsp;&amp;nbsp;|___News and Media&lt;/option&gt;\r\n&lt;option label=&quot;|&amp;nbsp;&amp;nbsp;&amp;nbsp;|___Opportunities&quot; value=&quot;462&quot;&gt;|&amp;nbsp;&amp;nbsp;&amp;nbsp;|___Opportunities&lt;/option&gt;\r\n&lt;option label=&quot;|&amp;nbsp;&amp;nbsp;&amp;nbsp;|___Organizations&quot; value=&quot;47&quot;&gt;|&amp;nbsp;&amp;nbsp;&amp;nbsp;|___Organizations&lt;/option&gt;\r\n&lt;option label=&quot;|&amp;nbsp;&amp;nbsp;&amp;nbsp;|___Publishing Industries&quot; value=&quot;418&quot;&gt;|&amp;nbsp;&amp;nbsp;&amp;nbsp;|___Publishing Industries&lt;/option&gt;\r\n&lt;option label=&quot;|&amp;nbsp;&amp;nbsp;&amp;nbsp;|&amp;nbsp;&amp;nbsp;&amp;nbsp;|___Books&quot; value=&quot;628&quot;&gt;|&amp;nbsp;&amp;nbsp;&amp;nbsp;|&amp;nbsp;&amp;nbsp;&amp;nbsp;|___Books&lt;/option&gt;\r\n&lt;option label=&quot;|&amp;nbsp;&amp;nbsp;&amp;nbsp;|&amp;nbsp;&amp;nbsp;&amp;nbsp;|___Business Cards&quot; value=&quot;630&quot;&gt;|&amp;nbsp;&amp;nbsp;&amp;nbsp;|&amp;nbsp;&amp;nbsp;&amp;nbsp;|___Business Cards&lt;/option&gt;\r\n&lt;option label=&quot;|&amp;nbsp;&amp;nbsp;&amp;nbsp;|&amp;nbsp;&amp;nbsp;&amp;nbsp;|___Flyers&quot; value=&quot;631&quot;&gt;|&amp;nbsp;&amp;nbsp;&amp;nbsp;|&amp;nbsp;&amp;nbsp;&amp;nbsp;|___Flyers&lt;/option&gt;\r\n&lt;option label=&quot;|&amp;nbsp;&amp;nbsp;&amp;nbsp;|&amp;nbsp;&amp;nbsp;&amp;nbsp;|___Merchandise&quot; value=&quot;629&quot;&gt;|&amp;nbsp;&amp;nbsp;&amp;nbsp;|&amp;nbsp;&amp;nbsp;&amp;nbsp;|___Merchandise&lt;/option&gt;\r\n&lt;option label=&quot;|&amp;nbsp;&amp;nbsp;&amp;nbsp;|___Real Estate &amp;amp; Property&quot; value=&quot;456&quot;&gt;|&amp;nbsp;&amp;nbsp;&amp;nbsp;|___Real Estate &amp;amp; Property&lt;/option&gt;\r\n&lt;option label=&quot;|&amp;nbsp;&amp;nbsp;&amp;nbsp;|&amp;nbsp;&amp;nbsp;&amp;nbsp;|___For Sale&quot; value=&quot;540&quot;&gt;|&amp;nbsp;&amp;nbsp;&amp;nbsp;|&amp;nbsp;&amp;nbsp;&amp;nbsp;|___For Sale&lt;/option&gt;\r\n&lt;option label=&quot;|&amp;nbsp;&amp;nbsp;&amp;nbsp;|&amp;nbsp;&amp;nbsp;&amp;nbsp;|___Removal Services&quot; value=&quot;650&quot;&gt;|&amp;nbsp;&amp;nbsp;&amp;nbsp;|&amp;nbsp;&amp;nbsp;&amp;nbsp;|___Removal Services&lt;/option&gt;\r\n&lt;option label=&quot;|&amp;nbsp;&amp;nbsp;&amp;nbsp;|&amp;nbsp;&amp;nbsp;&amp;nbsp;|___Rental Properties&quot; value=&quot;539&quot;&gt;|&amp;nbsp;&amp;nbsp;&amp;nbsp;|&amp;nbsp;&amp;nbsp;&amp;nbsp;|___Rental Properties&lt;/option&gt;\r\n&lt;option label=&quot;|&amp;nbsp;&amp;nbsp;&amp;nbsp;|___Retail Equipment&quot; value=&quot;524&quot;&gt;|&amp;nbsp;&amp;nbsp;&amp;nbsp;|___Retail Equipment&lt;/option&gt;\r\n&lt;option label=&quot;|&amp;nbsp;&amp;nbsp;&amp;nbsp;|___Security&quot; value=&quot;464&quot;&gt;|&amp;nbsp;&amp;nbsp;&amp;nbsp;|___Security&lt;/option&gt;\r\n&lt;option label=&quot;|&amp;nbsp;&amp;nbsp;&amp;nbsp;|&amp;nbsp;&amp;nbsp;&amp;nbsp;|___CCTV&quot; value=&quot;569&quot;&gt;|&amp;nbsp;&amp;nbsp;&amp;nbsp;|&amp;nbsp;&amp;nbsp;&amp;nbsp;|___CCTV&lt;/option&gt;\r\n&lt;option label=&quot;|&amp;nbsp;&amp;nbsp;&amp;nbsp;|&amp;nbsp;&amp;nbsp;&amp;nbsp;|___Private Investigation&quot; value=&quot;570&quot;&gt;|&amp;nbsp;&amp;nbsp;&amp;nbsp;|&amp;nbsp;&amp;nbsp;&amp;nbsp;|___Private Investigation&lt;/option&gt;\r\n&lt;option label=&quot;|&amp;nbsp;&amp;nbsp;&amp;nbsp;|&amp;nbsp;&amp;nbsp;&amp;nbsp;|___Surveillance&quot; value=&quot;571&quot;&gt;|&amp;nbsp;&amp;nbsp;&amp;nbsp;|&amp;nbsp;&amp;nbsp;&amp;nbsp;|___Surveillance&lt;/option&gt;\r\n&lt;option label=&quot;|&amp;nbsp;&amp;nbsp;&amp;nbsp;|___Services&quot; value=&quot;503&quot;&gt;|&amp;nbsp;&amp;nbsp;&amp;nbsp;|___Services&lt;/option&gt;\r\n&lt;option label=&quot;|&amp;nbsp;&amp;nbsp;&amp;nbsp;|&amp;nbsp;&amp;nbsp;&amp;nbsp;|___Building and Construction&quot; value=&quot;505&quot;&gt;|&amp;nbsp;&amp;nbsp;&amp;nbsp;|&amp;nbsp;&amp;nbsp;&amp;nbsp;|___Building and Construction&lt;/option&gt;\r\n&lt;option label=&quot;|&amp;nbsp;&amp;nbsp;&amp;nbsp;|&amp;nbsp;&amp;nbsp;&amp;nbsp;|___Catering and Food&quot; value=&quot;690&quot;&gt;|&amp;nbsp;&amp;nbsp;&amp;nbsp;|&amp;nbsp;&amp;nbsp;&amp;nbsp;|___Catering and Food&lt;/option&gt;\r\n&lt;option label=&quot;|&amp;nbsp;&amp;nbsp;&amp;nbsp;|&amp;nbsp;&amp;nbsp;&amp;nbsp;|___Cleaning&quot; value=&quot;504&quot;&gt;|&amp;nbsp;&amp;nbsp;&amp;nbsp;|&amp;nbsp;&amp;nbsp;&amp;nbsp;|___Cleaning&lt;/option&gt;\r\n&lt;option label=&quot;|&amp;nbsp;&amp;nbsp;&amp;nbsp;|&amp;nbsp;&amp;nbsp;&amp;nbsp;|___Financial&quot; value=&quot;675&quot;&gt;|&amp;nbsp;&amp;nbsp;&amp;nbsp;|&amp;nbsp;&amp;nbsp;&amp;nbsp;|___Financial&lt;/option&gt;\r\n&lt;option label=&quot;|&amp;nbsp;&amp;nbsp;&amp;nbsp;|&amp;nbsp;&amp;nbsp;&amp;nbsp;|___Outsourcing&quot; value=&quot;676&quot;&gt;|&amp;nbsp;&amp;nbsp;&amp;nbsp;|&amp;nbsp;&amp;nbsp;&amp;nbsp;|___Outsourcing&lt;/option&gt;\r\n&lt;option label=&quot;|&amp;nbsp;&amp;nbsp;&amp;nbsp;|&amp;nbsp;&amp;nbsp;&amp;nbsp;|___Translation&quot; value=&quot;582&quot;&gt;|&amp;nbsp;&amp;nbsp;&amp;nbsp;|&amp;nbsp;&amp;nbsp;&amp;nbsp;|___Translation&lt;/option&gt;\r\n&lt;option label=&quot;|&amp;nbsp;&amp;nbsp;&amp;nbsp;|&amp;nbsp;&amp;nbsp;&amp;nbsp;|___Video Editing&quot; value=&quot;656&quot;&gt;|&amp;nbsp;&amp;nbsp;&amp;nbsp;|&amp;nbsp;&amp;nbsp;&amp;nbsp;|___Video Editing&lt;/option&gt;\r\n&lt;option label=&quot;|&amp;nbsp;&amp;nbsp;&amp;nbsp;|___Storage&quot; value=&quot;520&quot;&gt;|&amp;nbsp;&amp;nbsp;&amp;nbsp;|___Storage&lt;/option&gt;\r\n&lt;option label=&quot;|&amp;nbsp;&amp;nbsp;&amp;nbsp;|___Taxes&quot; value=&quot;48&quot;&gt;|&amp;nbsp;&amp;nbsp;&amp;nbsp;|___Taxes&lt;/option&gt;\r\n&lt;option label=&quot;|&amp;nbsp;&amp;nbsp;&amp;nbsp;|___Trade&quot; value=&quot;49&quot;&gt;|&amp;nbsp;&amp;nbsp;&amp;nbsp;|___Trade&lt;/option&gt;\r\n&lt;option label=&quot;|&amp;nbsp;&amp;nbsp;&amp;nbsp;|___Trade Shows&quot; value=&quot;619&quot;&gt;|&amp;nbsp;&amp;nbsp;&amp;nbsp;|___Trade Shows&lt;/option&gt;\r\n&lt;option label=&quot;|&amp;nbsp;&amp;nbsp;&amp;nbsp;|___Transportation&quot; value=&quot;50&quot;&gt;|&amp;nbsp;&amp;nbsp;&amp;nbsp;|___Transportation&lt;/option&gt;\r\n&lt;option label=&quot;|&amp;nbsp;&amp;nbsp;&amp;nbsp;|___Uniforms and Clothing&quot; value=&quot;523&quot;&gt;|&amp;nbsp;&amp;nbsp;&amp;nbsp;|___Uniforms and Clothing&lt;/option&gt;\r\n&lt;option label=&quot;|&amp;nbsp;&amp;nbsp;&amp;nbsp;|___Work At Home&quot; value=&quot;461&quot;&gt;|&amp;nbsp;&amp;nbsp;&amp;nbsp;|___Work At Home&lt;/option&gt;\r\n&lt;option label=&quot;|&amp;nbsp;&amp;nbsp;&amp;nbsp;|&amp;nbsp;&amp;nbsp;&amp;nbsp;|___Surveys&quot; value=&quot;575&quot;&gt;|&amp;nbsp;&amp;nbsp;&amp;nbsp;|&amp;nbsp;&amp;nbsp;&amp;nbsp;|___Surveys&lt;/option&gt;\r\n&lt;option label=&quot;|___Computers &amp;amp; Internet&quot; value=&quot;51&quot;&gt;|___Computers &amp;amp; Internet&lt;/option&gt;\r\n&lt;option label=&quot;|&amp;nbsp;&amp;nbsp;&amp;nbsp;|___Anti-Spyware&quot; value=&quot;542&quot;&gt;|&amp;nbsp;&amp;nbsp;&amp;nbsp;|___Anti-Spyware&lt;/option&gt;\r\n&lt;option label=&quot;|&amp;nbsp;&amp;nbsp;&amp;nbsp;|___Anti-Virus&quot; value=&quot;541&quot;&gt;|&amp;nbsp;&amp;nbsp;&amp;nbsp;|___Anti-Virus&lt;/option&gt;\r\n&lt;option label=&quot;|&amp;nbsp;&amp;nbsp;&amp;nbsp;|___Article Directories&quot; value=&quot;498&quot;&gt;|&amp;nbsp;&amp;nbsp;&amp;nbsp;|___Article Directories&lt;/option&gt;\r\n&lt;option label=&quot;|&amp;nbsp;&amp;nbsp;&amp;nbsp;|&amp;nbsp;&amp;nbsp;&amp;nbsp;|___Business&quot; value=&quot;534&quot;&gt;|&amp;nbsp;&amp;nbsp;&amp;nbsp;|&amp;nbsp;&amp;nbsp;&amp;nbsp;|___Business&lt;/option&gt;\r\n&lt;option label=&quot;|&amp;nbsp;&amp;nbsp;&amp;nbsp;|&amp;nbsp;&amp;nbsp;&amp;nbsp;|___Finance&quot; value=&quot;500&quot;&gt;|&amp;nbsp;&amp;nbsp;&amp;nbsp;|&amp;nbsp;&amp;nbsp;&amp;nbsp;|___Finance&lt;/option&gt;\r\n&lt;option label=&quot;|&amp;nbsp;&amp;nbsp;&amp;nbsp;|&amp;nbsp;&amp;nbsp;&amp;nbsp;|___General&quot; value=&quot;499&quot;&gt;|&amp;nbsp;&amp;nbsp;&amp;nbsp;|&amp;nbsp;&amp;nbsp;&amp;nbsp;|___General&lt;/option&gt;\r\n&lt;option label=&quot;|&amp;nbsp;&amp;nbsp;&amp;nbsp;|&amp;nbsp;&amp;nbsp;&amp;nbsp;|___Health&quot; value=&quot;501&quot;&gt;|&amp;nbsp;&amp;nbsp;&amp;nbsp;|&amp;nbsp;&amp;nbsp;&amp;nbsp;|___Health&lt;/option&gt;\r\n&lt;option label=&quot;|&amp;nbsp;&amp;nbsp;&amp;nbsp;|&amp;nbsp;&amp;nbsp;&amp;nbsp;|___Property&quot; value=&quot;535&quot;&gt;|&amp;nbsp;&amp;nbsp;&amp;nbsp;|&amp;nbsp;&amp;nbsp;&amp;nbsp;|___Property&lt;/option&gt;\r\n&lt;option label=&quot;|&amp;nbsp;&amp;nbsp;&amp;nbsp;|&amp;nbsp;&amp;nbsp;&amp;nbsp;|___Sport&quot; value=&quot;612&quot;&gt;|&amp;nbsp;&amp;nbsp;&amp;nbsp;|&amp;nbsp;&amp;nbsp;&amp;nbsp;|___Sport&lt;/option&gt;\r\n&lt;option label=&quot;|&amp;nbsp;&amp;nbsp;&amp;nbsp;|&amp;nbsp;&amp;nbsp;&amp;nbsp;|___Submission Services&quot; value=&quot;586&quot;&gt;|&amp;nbsp;&amp;nbsp;&amp;nbsp;|&amp;nbsp;&amp;nbsp;&amp;nbsp;|___Submission Services&lt;/option&gt;\r\n&lt;option label=&quot;|&amp;nbsp;&amp;nbsp;&amp;nbsp;|&amp;nbsp;&amp;nbsp;&amp;nbsp;|___Technology&quot; value=&quot;533&quot;&gt;|&amp;nbsp;&amp;nbsp;&amp;nbsp;|&amp;nbsp;&amp;nbsp;&amp;nbsp;|___Technology&lt;/option&gt;\r\n&lt;option label=&quot;|&amp;nbsp;&amp;nbsp;&amp;nbsp;|&amp;nbsp;&amp;nbsp;&amp;nbsp;|___Webmastering&quot; value=&quot;502&quot;&gt;|&amp;nbsp;&amp;nbsp;&amp;nbsp;|&amp;nbsp;&amp;nbsp;&amp;nbsp;|___Webmastering&lt;/option&gt;\r\n&lt;option label=&quot;|&amp;nbsp;&amp;nbsp;&amp;nbsp;|___Communications and Networking&quot; value=&quot;52&quot;&gt;|&amp;nbsp;&amp;nbsp;&amp;nbsp;|___Communications and Networking&lt;/option&gt;\r\n&lt;option label=&quot;|&amp;nbsp;&amp;nbsp;&amp;nbsp;|___Computer Generated Music&quot; value=&quot;53&quot;&gt;|&amp;nbsp;&amp;nbsp;&amp;nbsp;|___Computer Generated Music&lt;/option&gt;\r\n&lt;option label=&quot;|&amp;nbsp;&amp;nbsp;&amp;nbsp;|___Computer Science&quot; value=&quot;54&quot;&gt;|&amp;nbsp;&amp;nbsp;&amp;nbsp;|___Computer Science&lt;/option&gt;\r\n&lt;option label=&quot;|&amp;nbsp;&amp;nbsp;&amp;nbsp;|___Computers and Technology Weblogs&quot; value=&quot;55&quot;&gt;|&amp;nbsp;&amp;nbsp;&amp;nbsp;|___Computers and Technology Weblogs&lt;/option&gt;\r\n&lt;option label=&quot;|&amp;nbsp;&amp;nbsp;&amp;nbsp;|___Contests&quot; value=&quot;56&quot;&gt;|&amp;nbsp;&amp;nbsp;&amp;nbsp;|___Contests&lt;/option&gt;\r\n&lt;option label=&quot;|&amp;nbsp;&amp;nbsp;&amp;nbsp;|___Conventions and Trade Shows&quot; value=&quot;57&quot;&gt;|&amp;nbsp;&amp;nbsp;&amp;nbsp;|___Conventions and Trade Shows&lt;/option&gt;\r\n&lt;option label=&quot;|&amp;nbsp;&amp;nbsp;&amp;nbsp;|___Countries, Cultures, and Groups&quot; value=&quot;58&quot;&gt;|&amp;nbsp;&amp;nbsp;&amp;nbsp;|___Countries, Cultures, and Groups&lt;/option&gt;\r\n&lt;option label=&quot;|&amp;nbsp;&amp;nbsp;&amp;nbsp;|___Cyberculture&quot; value=&quot;59&quot;&gt;|&amp;nbsp;&amp;nbsp;&amp;nbsp;|___Cyberculture&lt;/option&gt;\r\n&lt;option label=&quot;|&amp;nbsp;&amp;nbsp;&amp;nbsp;|___Data Backup&quot; value=&quot;595&quot;&gt;|&amp;nbsp;&amp;nbsp;&amp;nbsp;|___Data Backup&lt;/option&gt;\r\n&lt;option label=&quot;|&amp;nbsp;&amp;nbsp;&amp;nbsp;|___Data Formats&quot; value=&quot;60&quot;&gt;|&amp;nbsp;&amp;nbsp;&amp;nbsp;|___Data Formats&lt;/option&gt;\r\n&lt;option label=&quot;|&amp;nbsp;&amp;nbsp;&amp;nbsp;|___Design and Development&quot; value=&quot;411&quot;&gt;|&amp;nbsp;&amp;nbsp;&amp;nbsp;|___Design and Development&lt;/option&gt;\r\n&lt;option label=&quot;|&amp;nbsp;&amp;nbsp;&amp;nbsp;|___Design Services&quot; value=&quot;532&quot;&gt;|&amp;nbsp;&amp;nbsp;&amp;nbsp;|___Design Services&lt;/option&gt;\r\n&lt;option label=&quot;|&amp;nbsp;&amp;nbsp;&amp;nbsp;|___Desktop Customization&quot; value=&quot;61&quot;&gt;|&amp;nbsp;&amp;nbsp;&amp;nbsp;|___Desktop Customization&lt;/option&gt;\r\n&lt;option label=&quot;|&amp;nbsp;&amp;nbsp;&amp;nbsp;|___Desktop Publishing&quot; value=&quot;62&quot;&gt;|&amp;nbsp;&amp;nbsp;&amp;nbsp;|___Desktop Publishing&lt;/option&gt;\r\n&lt;option label=&quot;|&amp;nbsp;&amp;nbsp;&amp;nbsp;|___Dictionaries&quot; value=&quot;63&quot;&gt;|&amp;nbsp;&amp;nbsp;&amp;nbsp;|___Dictionaries&lt;/option&gt;\r\n&lt;option label=&quot;|&amp;nbsp;&amp;nbsp;&amp;nbsp;|___Discussion Forums&quot; value=&quot;555&quot;&gt;|&amp;nbsp;&amp;nbsp;&amp;nbsp;|___Discussion Forums&lt;/option&gt;\r\n&lt;option label=&quot;|&amp;nbsp;&amp;nbsp;&amp;nbsp;|&amp;nbsp;&amp;nbsp;&amp;nbsp;|___Art&quot; value=&quot;695&quot;&gt;|&amp;nbsp;&amp;nbsp;&amp;nbsp;|&amp;nbsp;&amp;nbsp;&amp;nbsp;|___Art&lt;/option&gt;\r\n&lt;option label=&quot;|&amp;nbsp;&amp;nbsp;&amp;nbsp;|&amp;nbsp;&amp;nbsp;&amp;nbsp;|___Automotive&quot; value=&quot;576&quot;&gt;|&amp;nbsp;&amp;nbsp;&amp;nbsp;|&amp;nbsp;&amp;nbsp;&amp;nbsp;|___Automotive&lt;/option&gt;\r\n&lt;option label=&quot;|&amp;nbsp;&amp;nbsp;&amp;nbsp;|&amp;nbsp;&amp;nbsp;&amp;nbsp;|___Beauty&quot; value=&quot;561&quot;&gt;|&amp;nbsp;&amp;nbsp;&amp;nbsp;|&amp;nbsp;&amp;nbsp;&amp;nbsp;|___Beauty&lt;/option&gt;\r\n&lt;option label=&quot;|&amp;nbsp;&amp;nbsp;&amp;nbsp;|&amp;nbsp;&amp;nbsp;&amp;nbsp;|___Computers&quot; value=&quot;565&quot;&gt;|&amp;nbsp;&amp;nbsp;&amp;nbsp;|&amp;nbsp;&amp;nbsp;&amp;nbsp;|___Computers&lt;/option&gt;\r\n&lt;option label=&quot;|&amp;nbsp;&amp;nbsp;&amp;nbsp;|&amp;nbsp;&amp;nbsp;&amp;nbsp;|___Design&quot; value=&quot;560&quot;&gt;|&amp;nbsp;&amp;nbsp;&amp;nbsp;|&amp;nbsp;&amp;nbsp;&amp;nbsp;|___Design&lt;/option&gt;\r\n&lt;option label=&quot;|&amp;nbsp;&amp;nbsp;&amp;nbsp;|&amp;nbsp;&amp;nbsp;&amp;nbsp;|___Electronics&quot; value=&quot;566&quot;&gt;|&amp;nbsp;&amp;nbsp;&amp;nbsp;|&amp;nbsp;&amp;nbsp;&amp;nbsp;|___Electronics&lt;/option&gt;\r\n&lt;option label=&quot;|&amp;nbsp;&amp;nbsp;&amp;nbsp;|&amp;nbsp;&amp;nbsp;&amp;nbsp;|___Finance&quot; value=&quot;558&quot;&gt;|&amp;nbsp;&amp;nbsp;&amp;nbsp;|&amp;nbsp;&amp;nbsp;&amp;nbsp;|___Finance&lt;/option&gt;\r\n&lt;option label=&quot;|&amp;nbsp;&amp;nbsp;&amp;nbsp;|&amp;nbsp;&amp;nbsp;&amp;nbsp;|___Gambling&quot; value=&quot;633&quot;&gt;|&amp;nbsp;&amp;nbsp;&amp;nbsp;|&amp;nbsp;&amp;nbsp;&amp;nbsp;|___Gambling&lt;/option&gt;\r\n&lt;option label=&quot;|&amp;nbsp;&amp;nbsp;&amp;nbsp;|&amp;nbsp;&amp;nbsp;&amp;nbsp;|___Gaming&quot; value=&quot;632&quot;&gt;|&amp;nbsp;&amp;nbsp;&amp;nbsp;|&amp;nbsp;&amp;nbsp;&amp;nbsp;|___Gaming&lt;/option&gt;\r\n&lt;option label=&quot;|&amp;nbsp;&amp;nbsp;&amp;nbsp;|&amp;nbsp;&amp;nbsp;&amp;nbsp;|___History&quot; value=&quot;694&quot;&gt;|&amp;nbsp;&amp;nbsp;&amp;nbsp;|&amp;nbsp;&amp;nbsp;&amp;nbsp;|___History&lt;/option&gt;\r\n&lt;option label=&quot;|&amp;nbsp;&amp;nbsp;&amp;nbsp;|&amp;nbsp;&amp;nbsp;&amp;nbsp;|___Home &amp;amp; Garden&quot; value=&quot;562&quot;&gt;|&amp;nbsp;&amp;nbsp;&amp;nbsp;|&amp;nbsp;&amp;nbsp;&amp;nbsp;|___Home &amp;amp; Garden&lt;/option&gt;\r\n&lt;option label=&quot;|&amp;nbsp;&amp;nbsp;&amp;nbsp;|&amp;nbsp;&amp;nbsp;&amp;nbsp;|___Mobile Phones&quot; value=&quot;564&quot;&gt;|&amp;nbsp;&amp;nbsp;&amp;nbsp;|&amp;nbsp;&amp;nbsp;&amp;nbsp;|___Mobile Phones&lt;/option&gt;\r\n&lt;option label=&quot;|&amp;nbsp;&amp;nbsp;&amp;nbsp;|&amp;nbsp;&amp;nbsp;&amp;nbsp;|___Movies&quot; value=&quot;559&quot;&gt;|&amp;nbsp;&amp;nbsp;&amp;nbsp;|&amp;nbsp;&amp;nbsp;&amp;nbsp;|___Movies&lt;/option&gt;\r\n&lt;option label=&quot;|&amp;nbsp;&amp;nbsp;&amp;nbsp;|&amp;nbsp;&amp;nbsp;&amp;nbsp;|___Music&quot; value=&quot;625&quot;&gt;|&amp;nbsp;&amp;nbsp;&amp;nbsp;|&amp;nbsp;&amp;nbsp;&amp;nbsp;|___Music&lt;/option&gt;\r\n&lt;option label=&quot;|&amp;nbsp;&amp;nbsp;&amp;nbsp;|&amp;nbsp;&amp;nbsp;&amp;nbsp;|___Shopping&quot; value=&quot;563&quot;&gt;|&amp;nbsp;&amp;nbsp;&amp;nbsp;|&amp;nbsp;&amp;nbsp;&amp;nbsp;|___Shopping&lt;/option&gt;\r\n&lt;option label=&quot;|&amp;nbsp;&amp;nbsp;&amp;nbsp;|&amp;nbsp;&amp;nbsp;&amp;nbsp;|___Sport&quot; value=&quot;618&quot;&gt;|&amp;nbsp;&amp;nbsp;&amp;nbsp;|&amp;nbsp;&amp;nbsp;&amp;nbsp;|___Sport&lt;/option&gt;\r\n&lt;option label=&quot;|&amp;nbsp;&amp;nbsp;&amp;nbsp;|&amp;nbsp;&amp;nbsp;&amp;nbsp;|___Teens and Young Adults&quot; value=&quot;693&quot;&gt;|&amp;nbsp;&amp;nbsp;&amp;nbsp;|&amp;nbsp;&amp;nbsp;&amp;nbsp;|___Teens and Young Adults&lt;/option&gt;\r\n&lt;option label=&quot;|&amp;nbsp;&amp;nbsp;&amp;nbsp;|&amp;nbsp;&amp;nbsp;&amp;nbsp;|___TV&quot; value=&quot;666&quot;&gt;|&amp;nbsp;&amp;nbsp;&amp;nbsp;|&amp;nbsp;&amp;nbsp;&amp;nbsp;|___TV&lt;/option&gt;\r\n&lt;option label=&quot;|&amp;nbsp;&amp;nbsp;&amp;nbsp;|&amp;nbsp;&amp;nbsp;&amp;nbsp;|___Webmaster&quot; value=&quot;557&quot;&gt;|&amp;nbsp;&amp;nbsp;&amp;nbsp;|&amp;nbsp;&amp;nbsp;&amp;nbsp;|___Webmaster&lt;/option&gt;\r\n&lt;option label=&quot;|&amp;nbsp;&amp;nbsp;&amp;nbsp;|___Domain Names&quot; value=&quot;412&quot;&gt;|&amp;nbsp;&amp;nbsp;&amp;nbsp;|___Domain Names&lt;/option&gt;\r\n&lt;option label=&quot;|&amp;nbsp;&amp;nbsp;&amp;nbsp;|___Ebooks and Tutorials&quot; value=&quot;376&quot;&gt;|&amp;nbsp;&amp;nbsp;&amp;nbsp;|___Ebooks and Tutorials&lt;/option&gt;\r\n&lt;option label=&quot;|&amp;nbsp;&amp;nbsp;&amp;nbsp;|___Employment&quot; value=&quot;64&quot;&gt;|&amp;nbsp;&amp;nbsp;&amp;nbsp;|___Employment&lt;/option&gt;\r\n&lt;option label=&quot;|&amp;nbsp;&amp;nbsp;&amp;nbsp;|___Ethics&quot; value=&quot;65&quot;&gt;|&amp;nbsp;&amp;nbsp;&amp;nbsp;|___Ethics&lt;/option&gt;\r\n&lt;option label=&quot;|&amp;nbsp;&amp;nbsp;&amp;nbsp;|___File Hosting&quot; value=&quot;492&quot;&gt;|&amp;nbsp;&amp;nbsp;&amp;nbsp;|___File Hosting&lt;/option&gt;\r\n&lt;option label=&quot;|&amp;nbsp;&amp;nbsp;&amp;nbsp;|___Forensics&quot; value=&quot;66&quot;&gt;|&amp;nbsp;&amp;nbsp;&amp;nbsp;|___Forensics&lt;/option&gt;\r\n&lt;option label=&quot;|&amp;nbsp;&amp;nbsp;&amp;nbsp;|___Games&quot; value=&quot;67&quot;&gt;|&amp;nbsp;&amp;nbsp;&amp;nbsp;|___Games&lt;/option&gt;\r\n&lt;option label=&quot;|&amp;nbsp;&amp;nbsp;&amp;nbsp;|___Graphics&quot; value=&quot;68&quot;&gt;|&amp;nbsp;&amp;nbsp;&amp;nbsp;|___Graphics&lt;/option&gt;\r\n&lt;option label=&quot;|&amp;nbsp;&amp;nbsp;&amp;nbsp;|___Hardware&quot; value=&quot;69&quot;&gt;|&amp;nbsp;&amp;nbsp;&amp;nbsp;|___Hardware&lt;/option&gt;\r\n&lt;option label=&quot;|&amp;nbsp;&amp;nbsp;&amp;nbsp;|___History&quot; value=&quot;70&quot;&gt;|&amp;nbsp;&amp;nbsp;&amp;nbsp;|___History&lt;/option&gt;\r\n&lt;option label=&quot;|&amp;nbsp;&amp;nbsp;&amp;nbsp;|___Humor&quot; value=&quot;71&quot;&gt;|&amp;nbsp;&amp;nbsp;&amp;nbsp;|___Humor&lt;/option&gt;\r\n&lt;option label=&quot;|&amp;nbsp;&amp;nbsp;&amp;nbsp;|___Image Hosting&quot; value=&quot;491&quot;&gt;|&amp;nbsp;&amp;nbsp;&amp;nbsp;|___Image Hosting&lt;/option&gt;\r\n&lt;option label=&quot;|&amp;nbsp;&amp;nbsp;&amp;nbsp;|___Industry Information&quot; value=&quot;72&quot;&gt;|&amp;nbsp;&amp;nbsp;&amp;nbsp;|___Industry Information&lt;/option&gt;\r\n&lt;option label=&quot;|&amp;nbsp;&amp;nbsp;&amp;nbsp;|___Information Technology&quot; value=&quot;73&quot;&gt;|&amp;nbsp;&amp;nbsp;&amp;nbsp;|___Information Technology&lt;/option&gt;\r\n&lt;option label=&quot;|&amp;nbsp;&amp;nbsp;&amp;nbsp;|___Internet&quot; value=&quot;74&quot;&gt;|&amp;nbsp;&amp;nbsp;&amp;nbsp;|___Internet&lt;/option&gt;\r\n&lt;option label=&quot;|&amp;nbsp;&amp;nbsp;&amp;nbsp;|___Issues&quot; value=&quot;75&quot;&gt;|&amp;nbsp;&amp;nbsp;&amp;nbsp;|___Issues&lt;/option&gt;\r\n&lt;option label=&quot;|&amp;nbsp;&amp;nbsp;&amp;nbsp;|___Macintosh&quot; value=&quot;76&quot;&gt;|&amp;nbsp;&amp;nbsp;&amp;nbsp;|___Macintosh&lt;/option&gt;\r\n&lt;option label=&quot;|&amp;nbsp;&amp;nbsp;&amp;nbsp;|___Magazines&quot; value=&quot;77&quot;&gt;|&amp;nbsp;&amp;nbsp;&amp;nbsp;|___Magazines&lt;/option&gt;\r\n&lt;option label=&quot;|&amp;nbsp;&amp;nbsp;&amp;nbsp;|___Mobile Computing&quot; value=&quot;78&quot;&gt;|&amp;nbsp;&amp;nbsp;&amp;nbsp;|___Mobile Computing&lt;/option&gt;\r\n&lt;option label=&quot;|&amp;nbsp;&amp;nbsp;&amp;nbsp;|___Multimedia&quot; value=&quot;79&quot;&gt;|&amp;nbsp;&amp;nbsp;&amp;nbsp;|___Multimedia&lt;/option&gt;\r\n&lt;option label=&quot;|&amp;nbsp;&amp;nbsp;&amp;nbsp;|___News and Media&quot; value=&quot;80&quot;&gt;|&amp;nbsp;&amp;nbsp;&amp;nbsp;|___News and Media&lt;/option&gt;\r\n&lt;option label=&quot;|&amp;nbsp;&amp;nbsp;&amp;nbsp;|___Operating Systems&quot; value=&quot;81&quot;&gt;|&amp;nbsp;&amp;nbsp;&amp;nbsp;|___Operating Systems&lt;/option&gt;\r\n&lt;option label=&quot;|&amp;nbsp;&amp;nbsp;&amp;nbsp;|___Organizations&quot; value=&quot;82&quot;&gt;|&amp;nbsp;&amp;nbsp;&amp;nbsp;|___Organizations&lt;/option&gt;\r\n&lt;option label=&quot;|&amp;nbsp;&amp;nbsp;&amp;nbsp;|___People&quot; value=&quot;83&quot;&gt;|&amp;nbsp;&amp;nbsp;&amp;nbsp;|___People&lt;/option&gt;\r\n&lt;option label=&quot;|&amp;nbsp;&amp;nbsp;&amp;nbsp;|___Personal Digital Assistants (PDAs)&quot; value=&quot;85&quot;&gt;|&amp;nbsp;&amp;nbsp;&amp;nbsp;|___Personal Digital Assistants (PDAs)&lt;/option&gt;\r\n&lt;option label=&quot;|&amp;nbsp;&amp;nbsp;&amp;nbsp;|___Podcasts&quot; value=&quot;687&quot;&gt;|&amp;nbsp;&amp;nbsp;&amp;nbsp;|___Podcasts&lt;/option&gt;\r\n&lt;option label=&quot;|&amp;nbsp;&amp;nbsp;&amp;nbsp;|___Printers&quot; value=&quot;643&quot;&gt;|&amp;nbsp;&amp;nbsp;&amp;nbsp;|___Printers&lt;/option&gt;\r\n&lt;option label=&quot;|&amp;nbsp;&amp;nbsp;&amp;nbsp;|___Product Information and Reviews&quot; value=&quot;84&quot;&gt;|&amp;nbsp;&amp;nbsp;&amp;nbsp;|___Product Information and Reviews&lt;/option&gt;\r\n&lt;option label=&quot;|&amp;nbsp;&amp;nbsp;&amp;nbsp;|___Programming and Development&quot; value=&quot;86&quot;&gt;|&amp;nbsp;&amp;nbsp;&amp;nbsp;|___Programming and Development&lt;/option&gt;\r\n&lt;option label=&quot;|&amp;nbsp;&amp;nbsp;&amp;nbsp;|___Script Services&quot; value=&quot;536&quot;&gt;|&amp;nbsp;&amp;nbsp;&amp;nbsp;|___Script Services&lt;/option&gt;\r\n&lt;option label=&quot;|&amp;nbsp;&amp;nbsp;&amp;nbsp;|___Search Engine Optimization&quot; value=&quot;414&quot;&gt;|&amp;nbsp;&amp;nbsp;&amp;nbsp;|___Search Engine Optimization&lt;/option&gt;\r\n&lt;option label=&quot;|&amp;nbsp;&amp;nbsp;&amp;nbsp;|___Security and Encryption&quot; value=&quot;87&quot;&gt;|&amp;nbsp;&amp;nbsp;&amp;nbsp;|___Security and Encryption&lt;/option&gt;\r\n&lt;option label=&quot;|&amp;nbsp;&amp;nbsp;&amp;nbsp;|___Service Providers (ISP)&quot; value=&quot;415&quot;&gt;|&amp;nbsp;&amp;nbsp;&amp;nbsp;|___Service Providers (ISP)&lt;/option&gt;\r\n&lt;option label=&quot;|&amp;nbsp;&amp;nbsp;&amp;nbsp;|___Software&quot; value=&quot;88&quot;&gt;|&amp;nbsp;&amp;nbsp;&amp;nbsp;|___Software&lt;/option&gt;\r\n&lt;option label=&quot;|&amp;nbsp;&amp;nbsp;&amp;nbsp;|&amp;nbsp;&amp;nbsp;&amp;nbsp;|___Adware&quot; value=&quot;640&quot;&gt;|&amp;nbsp;&amp;nbsp;&amp;nbsp;|&amp;nbsp;&amp;nbsp;&amp;nbsp;|___Adware&lt;/option&gt;\r\n&lt;option label=&quot;|&amp;nbsp;&amp;nbsp;&amp;nbsp;|&amp;nbsp;&amp;nbsp;&amp;nbsp;|___Audio&quot; value=&quot;600&quot;&gt;|&amp;nbsp;&amp;nbsp;&amp;nbsp;|&amp;nbsp;&amp;nbsp;&amp;nbsp;|___Audio&lt;/option&gt;\r\n&lt;option label=&quot;|&amp;nbsp;&amp;nbsp;&amp;nbsp;|&amp;nbsp;&amp;nbsp;&amp;nbsp;|___Business&quot; value=&quot;605&quot;&gt;|&amp;nbsp;&amp;nbsp;&amp;nbsp;|&amp;nbsp;&amp;nbsp;&amp;nbsp;|___Business&lt;/option&gt;\r\n&lt;option label=&quot;|&amp;nbsp;&amp;nbsp;&amp;nbsp;|&amp;nbsp;&amp;nbsp;&amp;nbsp;|___Calendar&quot; value=&quot;606&quot;&gt;|&amp;nbsp;&amp;nbsp;&amp;nbsp;|&amp;nbsp;&amp;nbsp;&amp;nbsp;|___Calendar&lt;/option&gt;\r\n&lt;option label=&quot;|&amp;nbsp;&amp;nbsp;&amp;nbsp;|&amp;nbsp;&amp;nbsp;&amp;nbsp;|___Collaboration&quot; value=&quot;662&quot;&gt;|&amp;nbsp;&amp;nbsp;&amp;nbsp;|&amp;nbsp;&amp;nbsp;&amp;nbsp;|___Collaboration&lt;/option&gt;\r\n&lt;option label=&quot;|&amp;nbsp;&amp;nbsp;&amp;nbsp;|&amp;nbsp;&amp;nbsp;&amp;nbsp;|___Databases&quot; value=&quot;602&quot;&gt;|&amp;nbsp;&amp;nbsp;&amp;nbsp;|&amp;nbsp;&amp;nbsp;&amp;nbsp;|___Databases&lt;/option&gt;\r\n&lt;option label=&quot;|&amp;nbsp;&amp;nbsp;&amp;nbsp;|&amp;nbsp;&amp;nbsp;&amp;nbsp;|___Design&quot; value=&quot;598&quot;&gt;|&amp;nbsp;&amp;nbsp;&amp;nbsp;|&amp;nbsp;&amp;nbsp;&amp;nbsp;|___Design&lt;/option&gt;\r\n&lt;option label=&quot;|&amp;nbsp;&amp;nbsp;&amp;nbsp;|&amp;nbsp;&amp;nbsp;&amp;nbsp;|___eCommerce&quot; value=&quot;597&quot;&gt;|&amp;nbsp;&amp;nbsp;&amp;nbsp;|&amp;nbsp;&amp;nbsp;&amp;nbsp;|___eCommerce&lt;/option&gt;\r\n&lt;option label=&quot;|&amp;nbsp;&amp;nbsp;&amp;nbsp;|&amp;nbsp;&amp;nbsp;&amp;nbsp;|___Email&quot; value=&quot;607&quot;&gt;|&amp;nbsp;&amp;nbsp;&amp;nbsp;|&amp;nbsp;&amp;nbsp;&amp;nbsp;|___Email&lt;/option&gt;\r\n&lt;option label=&quot;|&amp;nbsp;&amp;nbsp;&amp;nbsp;|&amp;nbsp;&amp;nbsp;&amp;nbsp;|___Finance&quot; value=&quot;615&quot;&gt;|&amp;nbsp;&amp;nbsp;&amp;nbsp;|&amp;nbsp;&amp;nbsp;&amp;nbsp;|___Finance&lt;/option&gt;\r\n&lt;option label=&quot;|&amp;nbsp;&amp;nbsp;&amp;nbsp;|&amp;nbsp;&amp;nbsp;&amp;nbsp;|___Music&quot; value=&quot;601&quot;&gt;|&amp;nbsp;&amp;nbsp;&amp;nbsp;|&amp;nbsp;&amp;nbsp;&amp;nbsp;|___Music&lt;/option&gt;\r\n&lt;option label=&quot;|&amp;nbsp;&amp;nbsp;&amp;nbsp;|&amp;nbsp;&amp;nbsp;&amp;nbsp;|___Networking&quot; value=&quot;621&quot;&gt;|&amp;nbsp;&amp;nbsp;&amp;nbsp;|&amp;nbsp;&amp;nbsp;&amp;nbsp;|___Networking&lt;/option&gt;\r\n&lt;option label=&quot;|&amp;nbsp;&amp;nbsp;&amp;nbsp;|&amp;nbsp;&amp;nbsp;&amp;nbsp;|___Privacy&quot; value=&quot;614&quot;&gt;|&amp;nbsp;&amp;nbsp;&amp;nbsp;|&amp;nbsp;&amp;nbsp;&amp;nbsp;|___Privacy&lt;/option&gt;\r\n&lt;option label=&quot;|&amp;nbsp;&amp;nbsp;&amp;nbsp;|&amp;nbsp;&amp;nbsp;&amp;nbsp;|___Security&quot; value=&quot;596&quot;&gt;|&amp;nbsp;&amp;nbsp;&amp;nbsp;|&amp;nbsp;&amp;nbsp;&amp;nbsp;|___Security&lt;/option&gt;\r\n&lt;option label=&quot;|&amp;nbsp;&amp;nbsp;&amp;nbsp;|&amp;nbsp;&amp;nbsp;&amp;nbsp;|___Software Testing&quot; value=&quot;556&quot;&gt;|&amp;nbsp;&amp;nbsp;&amp;nbsp;|&amp;nbsp;&amp;nbsp;&amp;nbsp;|___Software Testing&lt;/option&gt;\r\n&lt;option label=&quot;|&amp;nbsp;&amp;nbsp;&amp;nbsp;|&amp;nbsp;&amp;nbsp;&amp;nbsp;|___Tools&quot; value=&quot;620&quot;&gt;|&amp;nbsp;&amp;nbsp;&amp;nbsp;|&amp;nbsp;&amp;nbsp;&amp;nbsp;|___Tools&lt;/option&gt;\r\n&lt;option label=&quot;|&amp;nbsp;&amp;nbsp;&amp;nbsp;|&amp;nbsp;&amp;nbsp;&amp;nbsp;|___Video&quot; value=&quot;599&quot;&gt;|&amp;nbsp;&amp;nbsp;&amp;nbsp;|&amp;nbsp;&amp;nbsp;&amp;nbsp;|___Video&lt;/option&gt;\r\n&lt;option label=&quot;|&amp;nbsp;&amp;nbsp;&amp;nbsp;|&amp;nbsp;&amp;nbsp;&amp;nbsp;|___Web Browsers&quot; value=&quot;608&quot;&gt;|&amp;nbsp;&amp;nbsp;&amp;nbsp;|&amp;nbsp;&amp;nbsp;&amp;nbsp;|___Web Browsers&lt;/option&gt;\r\n&lt;option label=&quot;|&amp;nbsp;&amp;nbsp;&amp;nbsp;|___Standards&quot; value=&quot;89&quot;&gt;|&amp;nbsp;&amp;nbsp;&amp;nbsp;|___Standards&lt;/option&gt;\r\n&lt;option label=&quot;|&amp;nbsp;&amp;nbsp;&amp;nbsp;|___Supercomputing and Parallel Computing&quot; value=&quot;90&quot;&gt;|&amp;nbsp;&amp;nbsp;&amp;nbsp;|___Supercomputing and Parallel Computing&lt;/option&gt;\r\n&lt;option label=&quot;|&amp;nbsp;&amp;nbsp;&amp;nbsp;|___Technical Guides and Support&quot; value=&quot;91&quot;&gt;|&amp;nbsp;&amp;nbsp;&amp;nbsp;|___Technical Guides and Support&lt;/option&gt;\r\n&lt;option label=&quot;|&amp;nbsp;&amp;nbsp;&amp;nbsp;|___Telecommunications&quot; value=&quot;92&quot;&gt;|&amp;nbsp;&amp;nbsp;&amp;nbsp;|___Telecommunications&lt;/option&gt;\r\n&lt;option label=&quot;|&amp;nbsp;&amp;nbsp;&amp;nbsp;|___Templates&quot; value=&quot;475&quot;&gt;|&amp;nbsp;&amp;nbsp;&amp;nbsp;|___Templates&lt;/option&gt;\r\n&lt;option label=&quot;|&amp;nbsp;&amp;nbsp;&amp;nbsp;|___Tools &amp;amp; Resources&quot; value=&quot;416&quot;&gt;|&amp;nbsp;&amp;nbsp;&amp;nbsp;|___Tools &amp;amp; Resources&lt;/option&gt;\r\n&lt;option label=&quot;|&amp;nbsp;&amp;nbsp;&amp;nbsp;|___Training&quot; value=&quot;93&quot;&gt;|&amp;nbsp;&amp;nbsp;&amp;nbsp;|___Training&lt;/option&gt;\r\n&lt;option label=&quot;|&amp;nbsp;&amp;nbsp;&amp;nbsp;|&amp;nbsp;&amp;nbsp;&amp;nbsp;|___Certification Preparation&quot; value=&quot;94&quot;&gt;|&amp;nbsp;&amp;nbsp;&amp;nbsp;|&amp;nbsp;&amp;nbsp;&amp;nbsp;|___Certification Preparation&lt;/option&gt;\r\n&lt;option label=&quot;|&amp;nbsp;&amp;nbsp;&amp;nbsp;|&amp;nbsp;&amp;nbsp;&amp;nbsp;|___Communications and Networking&quot; value=&quot;95&quot;&gt;|&amp;nbsp;&amp;nbsp;&amp;nbsp;|&amp;nbsp;&amp;nbsp;&amp;nbsp;|___Communications and Networking&lt;/option&gt;\r\n&lt;option label=&quot;|&amp;nbsp;&amp;nbsp;&amp;nbsp;|&amp;nbsp;&amp;nbsp;&amp;nbsp;|___Databases&quot; value=&quot;96&quot;&gt;|&amp;nbsp;&amp;nbsp;&amp;nbsp;|&amp;nbsp;&amp;nbsp;&amp;nbsp;|___Databases&lt;/option&gt;\r\n&lt;option label=&quot;|&amp;nbsp;&amp;nbsp;&amp;nbsp;|&amp;nbsp;&amp;nbsp;&amp;nbsp;|___Electronics&quot; value=&quot;97&quot;&gt;|&amp;nbsp;&amp;nbsp;&amp;nbsp;|&amp;nbsp;&amp;nbsp;&amp;nbsp;|___Electronics&lt;/option&gt;\r\n&lt;option label=&quot;|&amp;nbsp;&amp;nbsp;&amp;nbsp;|&amp;nbsp;&amp;nbsp;&amp;nbsp;|___Internet and Web Skills&quot; value=&quot;98&quot;&gt;|&amp;nbsp;&amp;nbsp;&amp;nbsp;|&amp;nbsp;&amp;nbsp;&amp;nbsp;|___Internet and Web Skills&lt;/option&gt;\r\n&lt;option label=&quot;|&amp;nbsp;&amp;nbsp;&amp;nbsp;|&amp;nbsp;&amp;nbsp;&amp;nbsp;|___Multimedia&quot; value=&quot;99&quot;&gt;|&amp;nbsp;&amp;nbsp;&amp;nbsp;|&amp;nbsp;&amp;nbsp;&amp;nbsp;|___Multimedia&lt;/option&gt;\r\n&lt;option label=&quot;|&amp;nbsp;&amp;nbsp;&amp;nbsp;|&amp;nbsp;&amp;nbsp;&amp;nbsp;|___Sales Force Automation&quot; value=&quot;100&quot;&gt;|&amp;nbsp;&amp;nbsp;&amp;nbsp;|&amp;nbsp;&amp;nbsp;&amp;nbsp;|___Sales Force Automation&lt;/option&gt;\r\n&lt;option label=&quot;|&amp;nbsp;&amp;nbsp;&amp;nbsp;|___URL Services&quot; value=&quot;624&quot;&gt;|&amp;nbsp;&amp;nbsp;&amp;nbsp;|___URL Services&lt;/option&gt;\r\n&lt;option label=&quot;|&amp;nbsp;&amp;nbsp;&amp;nbsp;|___User Groups&quot; value=&quot;102&quot;&gt;|&amp;nbsp;&amp;nbsp;&amp;nbsp;|___User Groups&lt;/option&gt;\r\n&lt;option label=&quot;|&amp;nbsp;&amp;nbsp;&amp;nbsp;|___Video Hosting&quot; value=&quot;584&quot;&gt;|&amp;nbsp;&amp;nbsp;&amp;nbsp;|___Video Hosting&lt;/option&gt;\r\n&lt;option label=&quot;|&amp;nbsp;&amp;nbsp;&amp;nbsp;|___Virtual Reality&quot; value=&quot;103&quot;&gt;|&amp;nbsp;&amp;nbsp;&amp;nbsp;|___Virtual Reality&lt;/option&gt;\r\n&lt;option label=&quot;|&amp;nbsp;&amp;nbsp;&amp;nbsp;|___Web Directories&quot; value=&quot;101&quot;&gt;|&amp;nbsp;&amp;nbsp;&amp;nbsp;|___Web Directories&lt;/option&gt;\r\n&lt;option label=&quot;|&amp;nbsp;&amp;nbsp;&amp;nbsp;|&amp;nbsp;&amp;nbsp;&amp;nbsp;|___Directories of Directories&quot; value=&quot;460&quot;&gt;|&amp;nbsp;&amp;nbsp;&amp;nbsp;|&amp;nbsp;&amp;nbsp;&amp;nbsp;|___Directories of Directories&lt;/option&gt;\r\n&lt;option label=&quot;|&amp;nbsp;&amp;nbsp;&amp;nbsp;|&amp;nbsp;&amp;nbsp;&amp;nbsp;|___Directory Blogs&quot; value=&quot;587&quot;&gt;|&amp;nbsp;&amp;nbsp;&amp;nbsp;|&amp;nbsp;&amp;nbsp;&amp;nbsp;|___Directory Blogs&lt;/option&gt;\r\n&lt;option label=&quot;|&amp;nbsp;&amp;nbsp;&amp;nbsp;|&amp;nbsp;&amp;nbsp;&amp;nbsp;|___Directory Templates&quot; value=&quot;651&quot;&gt;|&amp;nbsp;&amp;nbsp;&amp;nbsp;|&amp;nbsp;&amp;nbsp;&amp;nbsp;|___Directory Templates&lt;/option&gt;\r\n&lt;option label=&quot;|&amp;nbsp;&amp;nbsp;&amp;nbsp;|&amp;nbsp;&amp;nbsp;&amp;nbsp;|___Free and Paid Directories&quot; value=&quot;703&quot;&gt;|&amp;nbsp;&amp;nbsp;&amp;nbsp;|&amp;nbsp;&amp;nbsp;&amp;nbsp;|___Free and Paid Directories&lt;/option&gt;\r\n&lt;option label=&quot;|&amp;nbsp;&amp;nbsp;&amp;nbsp;|&amp;nbsp;&amp;nbsp;&amp;nbsp;|___Free Directories&quot; value=&quot;459&quot;&gt;|&amp;nbsp;&amp;nbsp;&amp;nbsp;|&amp;nbsp;&amp;nbsp;&amp;nbsp;|___Free Directories&lt;/option&gt;\r\n&lt;option label=&quot;|&amp;nbsp;&amp;nbsp;&amp;nbsp;|&amp;nbsp;&amp;nbsp;&amp;nbsp;|___Niche Directories&quot; value=&quot;457&quot;&gt;|&amp;nbsp;&amp;nbsp;&amp;nbsp;|&amp;nbsp;&amp;nbsp;&amp;nbsp;|___Niche Directories&lt;/option&gt;\r\n&lt;option label=&quot;|&amp;nbsp;&amp;nbsp;&amp;nbsp;|&amp;nbsp;&amp;nbsp;&amp;nbsp;|&amp;nbsp;&amp;nbsp;&amp;nbsp;|___Animals&quot; value=&quot;573&quot;&gt;|&amp;nbsp;&amp;nbsp;&amp;nbsp;|&amp;nbsp;&amp;nbsp;&amp;nbsp;|&amp;nbsp;&amp;nbsp;&amp;nbsp;|___Animals&lt;/option&gt;\r\n&lt;option label=&quot;|&amp;nbsp;&amp;nbsp;&amp;nbsp;|&amp;nbsp;&amp;nbsp;&amp;nbsp;|&amp;nbsp;&amp;nbsp;&amp;nbsp;|___Business&quot; value=&quot;468&quot;&gt;|&amp;nbsp;&amp;nbsp;&amp;nbsp;|&amp;nbsp;&amp;nbsp;&amp;nbsp;|&amp;nbsp;&amp;nbsp;&amp;nbsp;|___Business&lt;/option&gt;\r\n&lt;option label=&quot;|&amp;nbsp;&amp;nbsp;&amp;nbsp;|&amp;nbsp;&amp;nbsp;&amp;nbsp;|&amp;nbsp;&amp;nbsp;&amp;nbsp;|___Dating&quot; value=&quot;613&quot;&gt;|&amp;nbsp;&amp;nbsp;&amp;nbsp;|&amp;nbsp;&amp;nbsp;&amp;nbsp;|&amp;nbsp;&amp;nbsp;&amp;nbsp;|___Dating&lt;/option&gt;\r\n&lt;option label=&quot;|&amp;nbsp;&amp;nbsp;&amp;nbsp;|&amp;nbsp;&amp;nbsp;&amp;nbsp;|&amp;nbsp;&amp;nbsp;&amp;nbsp;|___Gifts&quot; value=&quot;610&quot;&gt;|&amp;nbsp;&amp;nbsp;&amp;nbsp;|&amp;nbsp;&amp;nbsp;&amp;nbsp;|&amp;nbsp;&amp;nbsp;&amp;nbsp;|___Gifts&lt;/option&gt;\r\n&lt;option label=&quot;|&amp;nbsp;&amp;nbsp;&amp;nbsp;|&amp;nbsp;&amp;nbsp;&amp;nbsp;|&amp;nbsp;&amp;nbsp;&amp;nbsp;|___Health&quot; value=&quot;538&quot;&gt;|&amp;nbsp;&amp;nbsp;&amp;nbsp;|&amp;nbsp;&amp;nbsp;&amp;nbsp;|&amp;nbsp;&amp;nbsp;&amp;nbsp;|___Health&lt;/option&gt;\r\n&lt;option label=&quot;|&amp;nbsp;&amp;nbsp;&amp;nbsp;|&amp;nbsp;&amp;nbsp;&amp;nbsp;|&amp;nbsp;&amp;nbsp;&amp;nbsp;|___Internet&quot; value=&quot;611&quot;&gt;|&amp;nbsp;&amp;nbsp;&amp;nbsp;|&amp;nbsp;&amp;nbsp;&amp;nbsp;|&amp;nbsp;&amp;nbsp;&amp;nbsp;|___Internet&lt;/option&gt;\r\n&lt;option label=&quot;|&amp;nbsp;&amp;nbsp;&amp;nbsp;|&amp;nbsp;&amp;nbsp;&amp;nbsp;|&amp;nbsp;&amp;nbsp;&amp;nbsp;|___Mobile Phones&quot; value=&quot;490&quot;&gt;|&amp;nbsp;&amp;nbsp;&amp;nbsp;|&amp;nbsp;&amp;nbsp;&amp;nbsp;|&amp;nbsp;&amp;nbsp;&amp;nbsp;|___Mobile Phones&lt;/option&gt;\r\n&lt;option label=&quot;|&amp;nbsp;&amp;nbsp;&amp;nbsp;|&amp;nbsp;&amp;nbsp;&amp;nbsp;|&amp;nbsp;&amp;nbsp;&amp;nbsp;|___News&quot; value=&quot;574&quot;&gt;|&amp;nbsp;&amp;nbsp;&amp;nbsp;|&amp;nbsp;&amp;nbsp;&amp;nbsp;|&amp;nbsp;&amp;nbsp;&amp;nbsp;|___News&lt;/option&gt;\r\n&lt;option label=&quot;|&amp;nbsp;&amp;nbsp;&amp;nbsp;|&amp;nbsp;&amp;nbsp;&amp;nbsp;|&amp;nbsp;&amp;nbsp;&amp;nbsp;|___Property&quot; value=&quot;531&quot;&gt;|&amp;nbsp;&amp;nbsp;&amp;nbsp;|&amp;nbsp;&amp;nbsp;&amp;nbsp;|&amp;nbsp;&amp;nbsp;&amp;nbsp;|___Property&lt;/option&gt;\r\n&lt;option label=&quot;|&amp;nbsp;&amp;nbsp;&amp;nbsp;|&amp;nbsp;&amp;nbsp;&amp;nbsp;|&amp;nbsp;&amp;nbsp;&amp;nbsp;|___Regional&quot; value=&quot;635&quot;&gt;|&amp;nbsp;&amp;nbsp;&amp;nbsp;|&amp;nbsp;&amp;nbsp;&amp;nbsp;|&amp;nbsp;&amp;nbsp;&amp;nbsp;|___Regional&lt;/option&gt;\r\n&lt;option label=&quot;|&amp;nbsp;&amp;nbsp;&amp;nbsp;|&amp;nbsp;&amp;nbsp;&amp;nbsp;|&amp;nbsp;&amp;nbsp;&amp;nbsp;|___Security&quot; value=&quot;471&quot;&gt;|&amp;nbsp;&amp;nbsp;&amp;nbsp;|&amp;nbsp;&amp;nbsp;&amp;nbsp;|&amp;nbsp;&amp;nbsp;&amp;nbsp;|___Security&lt;/option&gt;\r\n&lt;option label=&quot;|&amp;nbsp;&amp;nbsp;&amp;nbsp;|&amp;nbsp;&amp;nbsp;&amp;nbsp;|&amp;nbsp;&amp;nbsp;&amp;nbsp;|___Services&quot; value=&quot;489&quot;&gt;|&amp;nbsp;&amp;nbsp;&amp;nbsp;|&amp;nbsp;&amp;nbsp;&amp;nbsp;|&amp;nbsp;&amp;nbsp;&amp;nbsp;|___Services&lt;/option&gt;\r\n&lt;option label=&quot;|&amp;nbsp;&amp;nbsp;&amp;nbsp;|&amp;nbsp;&amp;nbsp;&amp;nbsp;|&amp;nbsp;&amp;nbsp;&amp;nbsp;|___Shopping&quot; value=&quot;469&quot;&gt;|&amp;nbsp;&amp;nbsp;&amp;nbsp;|&amp;nbsp;&amp;nbsp;&amp;nbsp;|&amp;nbsp;&amp;nbsp;&amp;nbsp;|___Shopping&lt;/option&gt;\r\n&lt;option label=&quot;|&amp;nbsp;&amp;nbsp;&amp;nbsp;|&amp;nbsp;&amp;nbsp;&amp;nbsp;|&amp;nbsp;&amp;nbsp;&amp;nbsp;|___Software&quot; value=&quot;537&quot;&gt;|&amp;nbsp;&amp;nbsp;&amp;nbsp;|&amp;nbsp;&amp;nbsp;&amp;nbsp;|&amp;nbsp;&amp;nbsp;&amp;nbsp;|___Software&lt;/option&gt;\r\n&lt;option label=&quot;|&amp;nbsp;&amp;nbsp;&amp;nbsp;|&amp;nbsp;&amp;nbsp;&amp;nbsp;|&amp;nbsp;&amp;nbsp;&amp;nbsp;|___Sport&quot; value=&quot;604&quot;&gt;|&amp;nbsp;&amp;nbsp;&amp;nbsp;|&amp;nbsp;&amp;nbsp;&amp;nbsp;|&amp;nbsp;&amp;nbsp;&amp;nbsp;|___Sport&lt;/option&gt;\r\n&lt;option label=&quot;|&amp;nbsp;&amp;nbsp;&amp;nbsp;|&amp;nbsp;&amp;nbsp;&amp;nbsp;|&amp;nbsp;&amp;nbsp;&amp;nbsp;|___Templates&quot; value=&quot;474&quot;&gt;|&amp;nbsp;&amp;nbsp;&amp;nbsp;|&amp;nbsp;&amp;nbsp;&amp;nbsp;|&amp;nbsp;&amp;nbsp;&amp;nbsp;|___Templates&lt;/option&gt;\r\n&lt;option label=&quot;|&amp;nbsp;&amp;nbsp;&amp;nbsp;|&amp;nbsp;&amp;nbsp;&amp;nbsp;|&amp;nbsp;&amp;nbsp;&amp;nbsp;|___Travel&quot; value=&quot;470&quot;&gt;|&amp;nbsp;&amp;nbsp;&amp;nbsp;|&amp;nbsp;&amp;nbsp;&amp;nbsp;|&amp;nbsp;&amp;nbsp;&amp;nbsp;|___Travel&lt;/option&gt;\r\n&lt;option label=&quot;|&amp;nbsp;&amp;nbsp;&amp;nbsp;|&amp;nbsp;&amp;nbsp;&amp;nbsp;|&amp;nbsp;&amp;nbsp;&amp;nbsp;|___Webmaster&quot; value=&quot;473&quot;&gt;|&amp;nbsp;&amp;nbsp;&amp;nbsp;|&amp;nbsp;&amp;nbsp;&amp;nbsp;|&amp;nbsp;&amp;nbsp;&amp;nbsp;|___Webmaster&lt;/option&gt;\r\n&lt;option label=&quot;|&amp;nbsp;&amp;nbsp;&amp;nbsp;|&amp;nbsp;&amp;nbsp;&amp;nbsp;|___Paid Directories&quot; value=&quot;458&quot;&gt;|&amp;nbsp;&amp;nbsp;&amp;nbsp;|&amp;nbsp;&amp;nbsp;&amp;nbsp;|___Paid Directories&lt;/option&gt;\r\n&lt;option label=&quot;|&amp;nbsp;&amp;nbsp;&amp;nbsp;|&amp;nbsp;&amp;nbsp;&amp;nbsp;|___Submission Services&quot; value=&quot;588&quot;&gt;|&amp;nbsp;&amp;nbsp;&amp;nbsp;|&amp;nbsp;&amp;nbsp;&amp;nbsp;|___Submission Services&lt;/option&gt;\r\n&lt;option label=&quot;|&amp;nbsp;&amp;nbsp;&amp;nbsp;|___Web Hosting&quot; value=&quot;417&quot;&gt;|&amp;nbsp;&amp;nbsp;&amp;nbsp;|___Web Hosting&lt;/option&gt;\r\n&lt;option label=&quot;|&amp;nbsp;&amp;nbsp;&amp;nbsp;|___Webmaster Resources&quot; value=&quot;410&quot;&gt;|&amp;nbsp;&amp;nbsp;&amp;nbsp;|___Webmaster Resources&lt;/option&gt;\r\n&lt;option label=&quot;|&amp;nbsp;&amp;nbsp;&amp;nbsp;|&amp;nbsp;&amp;nbsp;&amp;nbsp;|___Forum Posting Services&quot; value=&quot;634&quot;&gt;|&amp;nbsp;&amp;nbsp;&amp;nbsp;|&amp;nbsp;&amp;nbsp;&amp;nbsp;|___Forum Posting Services&lt;/option&gt;\r\n&lt;option label=&quot;|&amp;nbsp;&amp;nbsp;&amp;nbsp;|&amp;nbsp;&amp;nbsp;&amp;nbsp;|___Guides&quot; value=&quot;413&quot;&gt;|&amp;nbsp;&amp;nbsp;&amp;nbsp;|&amp;nbsp;&amp;nbsp;&amp;nbsp;|___Guides&lt;/option&gt;\r\n&lt;option label=&quot;|&amp;nbsp;&amp;nbsp;&amp;nbsp;|&amp;nbsp;&amp;nbsp;&amp;nbsp;|___Link Building&quot; value=&quot;622&quot;&gt;|&amp;nbsp;&amp;nbsp;&amp;nbsp;|&amp;nbsp;&amp;nbsp;&amp;nbsp;|___Link Building&lt;/option&gt;\r\n&lt;option label=&quot;|&amp;nbsp;&amp;nbsp;&amp;nbsp;|&amp;nbsp;&amp;nbsp;&amp;nbsp;|___Traffic Exchange&quot; value=&quot;623&quot;&gt;|&amp;nbsp;&amp;nbsp;&amp;nbsp;|&amp;nbsp;&amp;nbsp;&amp;nbsp;|___Traffic Exchange&lt;/option&gt;\r\n&lt;option label=&quot;|&amp;nbsp;&amp;nbsp;&amp;nbsp;|___World Wide Web&quot; value=&quot;104&quot;&gt;|&amp;nbsp;&amp;nbsp;&amp;nbsp;|___World Wide Web&lt;/option&gt;\r\n&lt;option label=&quot;|&amp;nbsp;&amp;nbsp;&amp;nbsp;|&amp;nbsp;&amp;nbsp;&amp;nbsp;|___ActiveX&quot; value=&quot;105&quot;&gt;|&amp;nbsp;&amp;nbsp;&amp;nbsp;|&amp;nbsp;&amp;nbsp;&amp;nbsp;|___ActiveX&lt;/option&gt;\r\n&lt;option label=&quot;|&amp;nbsp;&amp;nbsp;&amp;nbsp;|&amp;nbsp;&amp;nbsp;&amp;nbsp;|___Beginner\'s Guides&quot; value=&quot;106&quot;&gt;|&amp;nbsp;&amp;nbsp;&amp;nbsp;|&amp;nbsp;&amp;nbsp;&amp;nbsp;|___Beginner\'s Guides&lt;/option&gt;\r\n&lt;option label=&quot;|&amp;nbsp;&amp;nbsp;&amp;nbsp;|&amp;nbsp;&amp;nbsp;&amp;nbsp;|___Books&quot; value=&quot;107&quot;&gt;|&amp;nbsp;&amp;nbsp;&amp;nbsp;|&amp;nbsp;&amp;nbsp;&amp;nbsp;|___Books&lt;/option&gt;\r\n&lt;option label=&quot;|&amp;nbsp;&amp;nbsp;&amp;nbsp;|&amp;nbsp;&amp;nbsp;&amp;nbsp;|___Browsers&quot; value=&quot;108&quot;&gt;|&amp;nbsp;&amp;nbsp;&amp;nbsp;|&amp;nbsp;&amp;nbsp;&amp;nbsp;|___Browsers&lt;/option&gt;\r\n&lt;option label=&quot;|&amp;nbsp;&amp;nbsp;&amp;nbsp;|&amp;nbsp;&amp;nbsp;&amp;nbsp;|___Caching&quot; value=&quot;109&quot;&gt;|&amp;nbsp;&amp;nbsp;&amp;nbsp;|&amp;nbsp;&amp;nbsp;&amp;nbsp;|___Caching&lt;/option&gt;\r\n&lt;option label=&quot;|&amp;nbsp;&amp;nbsp;&amp;nbsp;|&amp;nbsp;&amp;nbsp;&amp;nbsp;|___Chat&quot; value=&quot;110&quot;&gt;|&amp;nbsp;&amp;nbsp;&amp;nbsp;|&amp;nbsp;&amp;nbsp;&amp;nbsp;|___Chat&lt;/option&gt;\r\n&lt;option label=&quot;|&amp;nbsp;&amp;nbsp;&amp;nbsp;|&amp;nbsp;&amp;nbsp;&amp;nbsp;|___Conferences and Events&quot; value=&quot;111&quot;&gt;|&amp;nbsp;&amp;nbsp;&amp;nbsp;|&amp;nbsp;&amp;nbsp;&amp;nbsp;|___Conferences and Events&lt;/option&gt;\r\n&lt;option label=&quot;|&amp;nbsp;&amp;nbsp;&amp;nbsp;|&amp;nbsp;&amp;nbsp;&amp;nbsp;|___Cookies&quot; value=&quot;112&quot;&gt;|&amp;nbsp;&amp;nbsp;&amp;nbsp;|&amp;nbsp;&amp;nbsp;&amp;nbsp;|___Cookies&lt;/option&gt;\r\n&lt;option label=&quot;|&amp;nbsp;&amp;nbsp;&amp;nbsp;|&amp;nbsp;&amp;nbsp;&amp;nbsp;|___Databases and Searching&quot; value=&quot;113&quot;&gt;|&amp;nbsp;&amp;nbsp;&amp;nbsp;|&amp;nbsp;&amp;nbsp;&amp;nbsp;|___Databases and Searching&lt;/option&gt;\r\n&lt;option label=&quot;|&amp;nbsp;&amp;nbsp;&amp;nbsp;|&amp;nbsp;&amp;nbsp;&amp;nbsp;|___Deep Web&quot; value=&quot;114&quot;&gt;|&amp;nbsp;&amp;nbsp;&amp;nbsp;|&amp;nbsp;&amp;nbsp;&amp;nbsp;|___Deep Web&lt;/option&gt;\r\n&lt;option label=&quot;|&amp;nbsp;&amp;nbsp;&amp;nbsp;|&amp;nbsp;&amp;nbsp;&amp;nbsp;|___Domain Name Registration&quot; value=&quot;115&quot;&gt;|&amp;nbsp;&amp;nbsp;&amp;nbsp;|&amp;nbsp;&amp;nbsp;&amp;nbsp;|___Domain Name Registration&lt;/option&gt;\r\n&lt;option label=&quot;|&amp;nbsp;&amp;nbsp;&amp;nbsp;|&amp;nbsp;&amp;nbsp;&amp;nbsp;|___Evaluation&quot; value=&quot;116&quot;&gt;|&amp;nbsp;&amp;nbsp;&amp;nbsp;|&amp;nbsp;&amp;nbsp;&amp;nbsp;|___Evaluation&lt;/option&gt;\r\n&lt;option label=&quot;|&amp;nbsp;&amp;nbsp;&amp;nbsp;|&amp;nbsp;&amp;nbsp;&amp;nbsp;|___FAQs&quot; value=&quot;117&quot;&gt;|&amp;nbsp;&amp;nbsp;&amp;nbsp;|&amp;nbsp;&amp;nbsp;&amp;nbsp;|___FAQs&lt;/option&gt;\r\n&lt;option label=&quot;|&amp;nbsp;&amp;nbsp;&amp;nbsp;|&amp;nbsp;&amp;nbsp;&amp;nbsp;|___Forums&quot; value=&quot;118&quot;&gt;|&amp;nbsp;&amp;nbsp;&amp;nbsp;|&amp;nbsp;&amp;nbsp;&amp;nbsp;|___Forums&lt;/option&gt;\r\n&lt;option label=&quot;|&amp;nbsp;&amp;nbsp;&amp;nbsp;|&amp;nbsp;&amp;nbsp;&amp;nbsp;|___Gateways&quot; value=&quot;119&quot;&gt;|&amp;nbsp;&amp;nbsp;&amp;nbsp;|&amp;nbsp;&amp;nbsp;&amp;nbsp;|___Gateways&lt;/option&gt;\r\n&lt;option label=&quot;|&amp;nbsp;&amp;nbsp;&amp;nbsp;|&amp;nbsp;&amp;nbsp;&amp;nbsp;|___History&quot; value=&quot;120&quot;&gt;|&amp;nbsp;&amp;nbsp;&amp;nbsp;|&amp;nbsp;&amp;nbsp;&amp;nbsp;|___History&lt;/option&gt;\r\n&lt;option label=&quot;|&amp;nbsp;&amp;nbsp;&amp;nbsp;|&amp;nbsp;&amp;nbsp;&amp;nbsp;|___HTML&quot; value=&quot;121&quot;&gt;|&amp;nbsp;&amp;nbsp;&amp;nbsp;|&amp;nbsp;&amp;nbsp;&amp;nbsp;|___HTML&lt;/option&gt;\r\n&lt;option label=&quot;|&amp;nbsp;&amp;nbsp;&amp;nbsp;|&amp;nbsp;&amp;nbsp;&amp;nbsp;|___HTTP&quot; value=&quot;122&quot;&gt;|&amp;nbsp;&amp;nbsp;&amp;nbsp;|&amp;nbsp;&amp;nbsp;&amp;nbsp;|___HTTP&lt;/option&gt;\r\n&lt;option label=&quot;|&amp;nbsp;&amp;nbsp;&amp;nbsp;|&amp;nbsp;&amp;nbsp;&amp;nbsp;|___Imagemaps&quot; value=&quot;123&quot;&gt;|&amp;nbsp;&amp;nbsp;&amp;nbsp;|&amp;nbsp;&amp;nbsp;&amp;nbsp;|___Imagemaps&lt;/option&gt;\r\n&lt;option label=&quot;|&amp;nbsp;&amp;nbsp;&amp;nbsp;|&amp;nbsp;&amp;nbsp;&amp;nbsp;|___JavaScript&quot; value=&quot;124&quot;&gt;|&amp;nbsp;&amp;nbsp;&amp;nbsp;|&amp;nbsp;&amp;nbsp;&amp;nbsp;|___JavaScript&lt;/option&gt;\r\n&lt;option label=&quot;|&amp;nbsp;&amp;nbsp;&amp;nbsp;|&amp;nbsp;&amp;nbsp;&amp;nbsp;|___Magazines&quot; value=&quot;125&quot;&gt;|&amp;nbsp;&amp;nbsp;&amp;nbsp;|&amp;nbsp;&amp;nbsp;&amp;nbsp;|___Magazines&lt;/option&gt;\r\n&lt;option label=&quot;|&amp;nbsp;&amp;nbsp;&amp;nbsp;|&amp;nbsp;&amp;nbsp;&amp;nbsp;|___Organizations&quot; value=&quot;126&quot;&gt;|&amp;nbsp;&amp;nbsp;&amp;nbsp;|&amp;nbsp;&amp;nbsp;&amp;nbsp;|___Organizations&lt;/option&gt;\r\n&lt;option label=&quot;|&amp;nbsp;&amp;nbsp;&amp;nbsp;|&amp;nbsp;&amp;nbsp;&amp;nbsp;|___Portals&quot; value=&quot;127&quot;&gt;|&amp;nbsp;&amp;nbsp;&amp;nbsp;|&amp;nbsp;&amp;nbsp;&amp;nbsp;|___Portals&lt;/option&gt;\r\n&lt;option label=&quot;|&amp;nbsp;&amp;nbsp;&amp;nbsp;|&amp;nbsp;&amp;nbsp;&amp;nbsp;|___Programming&quot; value=&quot;128&quot;&gt;|&amp;nbsp;&amp;nbsp;&amp;nbsp;|&amp;nbsp;&amp;nbsp;&amp;nbsp;|___Programming&lt;/option&gt;\r\n&lt;option label=&quot;|&amp;nbsp;&amp;nbsp;&amp;nbsp;|&amp;nbsp;&amp;nbsp;&amp;nbsp;|___Proxy&quot; value=&quot;705&quot;&gt;|&amp;nbsp;&amp;nbsp;&amp;nbsp;|&amp;nbsp;&amp;nbsp;&amp;nbsp;|___Proxy&lt;/option&gt;\r\n&lt;option label=&quot;|&amp;nbsp;&amp;nbsp;&amp;nbsp;|&amp;nbsp;&amp;nbsp;&amp;nbsp;|___Searching the Web&quot; value=&quot;129&quot;&gt;|&amp;nbsp;&amp;nbsp;&amp;nbsp;|&amp;nbsp;&amp;nbsp;&amp;nbsp;|___Searching the Web&lt;/option&gt;\r\n&lt;option label=&quot;|&amp;nbsp;&amp;nbsp;&amp;nbsp;|&amp;nbsp;&amp;nbsp;&amp;nbsp;|___Security and Encryption&quot; value=&quot;130&quot;&gt;|&amp;nbsp;&amp;nbsp;&amp;nbsp;|&amp;nbsp;&amp;nbsp;&amp;nbsp;|___Security and Encryption&lt;/option&gt;\r\n&lt;option label=&quot;|&amp;nbsp;&amp;nbsp;&amp;nbsp;|&amp;nbsp;&amp;nbsp;&amp;nbsp;|___Semantic Web&quot; value=&quot;131&quot;&gt;|&amp;nbsp;&amp;nbsp;&amp;nbsp;|&amp;nbsp;&amp;nbsp;&amp;nbsp;|___Semantic Web&lt;/option&gt;\r\n&lt;option label=&quot;|&amp;nbsp;&amp;nbsp;&amp;nbsp;|&amp;nbsp;&amp;nbsp;&amp;nbsp;|___Servers&quot; value=&quot;132&quot;&gt;|&amp;nbsp;&amp;nbsp;&amp;nbsp;|&amp;nbsp;&amp;nbsp;&amp;nbsp;|___Servers&lt;/option&gt;\r\n&lt;option label=&quot;|&amp;nbsp;&amp;nbsp;&amp;nbsp;|&amp;nbsp;&amp;nbsp;&amp;nbsp;|___Site Announcement and Promotion&quot; value=&quot;133&quot;&gt;|&amp;nbsp;&amp;nbsp;&amp;nbsp;|&amp;nbsp;&amp;nbsp;&amp;nbsp;|___Site Announcement and Promotion&lt;/option&gt;\r\n&lt;option label=&quot;|&amp;nbsp;&amp;nbsp;&amp;nbsp;|&amp;nbsp;&amp;nbsp;&amp;nbsp;|___Site Development&quot; value=&quot;134&quot;&gt;|&amp;nbsp;&amp;nbsp;&amp;nbsp;|&amp;nbsp;&amp;nbsp;&amp;nbsp;|___Site Development&lt;/option&gt;\r\n&lt;option label=&quot;|&amp;nbsp;&amp;nbsp;&amp;nbsp;|&amp;nbsp;&amp;nbsp;&amp;nbsp;|___Software&quot; value=&quot;135&quot;&gt;|&amp;nbsp;&amp;nbsp;&amp;nbsp;|&amp;nbsp;&amp;nbsp;&amp;nbsp;|___Software&lt;/option&gt;\r\n&lt;option label=&quot;|&amp;nbsp;&amp;nbsp;&amp;nbsp;|&amp;nbsp;&amp;nbsp;&amp;nbsp;|___Statistics and Demographics&quot; value=&quot;136&quot;&gt;|&amp;nbsp;&amp;nbsp;&amp;nbsp;|&amp;nbsp;&amp;nbsp;&amp;nbsp;|___Statistics and Demographics&lt;/option&gt;\r\n&lt;option label=&quot;|&amp;nbsp;&amp;nbsp;&amp;nbsp;|&amp;nbsp;&amp;nbsp;&amp;nbsp;|___URLs - Uniform Resource Locators&quot; value=&quot;137&quot;&gt;|&amp;nbsp;&amp;nbsp;&amp;nbsp;|&amp;nbsp;&amp;nbsp;&amp;nbsp;|___URLs - Uniform Resource Locators&lt;/option&gt;\r\n&lt;option label=&quot;|&amp;nbsp;&amp;nbsp;&amp;nbsp;|&amp;nbsp;&amp;nbsp;&amp;nbsp;|___Usenet&quot; value=&quot;138&quot;&gt;|&amp;nbsp;&amp;nbsp;&amp;nbsp;|&amp;nbsp;&amp;nbsp;&amp;nbsp;|___Usenet&lt;/option&gt;\r\n&lt;option label=&quot;|&amp;nbsp;&amp;nbsp;&amp;nbsp;|&amp;nbsp;&amp;nbsp;&amp;nbsp;|___Web Services&quot; value=&quot;139&quot;&gt;|&amp;nbsp;&amp;nbsp;&amp;nbsp;|&amp;nbsp;&amp;nbsp;&amp;nbsp;|___Web Services&lt;/option&gt;\r\n&lt;option label=&quot;|&amp;nbsp;&amp;nbsp;&amp;nbsp;|&amp;nbsp;&amp;nbsp;&amp;nbsp;|___Weblogs&quot; value=&quot;140&quot;&gt;|&amp;nbsp;&amp;nbsp;&amp;nbsp;|&amp;nbsp;&amp;nbsp;&amp;nbsp;|___Weblogs&lt;/option&gt;\r\n&lt;option label=&quot;|&amp;nbsp;&amp;nbsp;&amp;nbsp;|&amp;nbsp;&amp;nbsp;&amp;nbsp;|___XML&quot; value=&quot;141&quot;&gt;|&amp;nbsp;&amp;nbsp;&amp;nbsp;|&amp;nbsp;&amp;nbsp;&amp;nbsp;|___XML&lt;/option&gt;\r\n&lt;option label=&quot;|___Education&quot; value=&quot;142&quot;&gt;|___Education&lt;/option&gt;\r\n&lt;option label=&quot;|&amp;nbsp;&amp;nbsp;&amp;nbsp;|___Academic Competitions&quot; value=&quot;143&quot;&gt;|&amp;nbsp;&amp;nbsp;&amp;nbsp;|___Academic Competitions&lt;/option&gt;\r\n&lt;option label=&quot;|&amp;nbsp;&amp;nbsp;&amp;nbsp;|___Bibliographies&quot; value=&quot;144&quot;&gt;|&amp;nbsp;&amp;nbsp;&amp;nbsp;|___Bibliographies&lt;/option&gt;\r\n&lt;option label=&quot;|&amp;nbsp;&amp;nbsp;&amp;nbsp;|___Business to Business&quot; value=&quot;146&quot;&gt;|&amp;nbsp;&amp;nbsp;&amp;nbsp;|___Business to Business&lt;/option&gt;\r\n&lt;option label=&quot;|&amp;nbsp;&amp;nbsp;&amp;nbsp;|___Career and Vocational&quot; value=&quot;147&quot;&gt;|&amp;nbsp;&amp;nbsp;&amp;nbsp;|___Career and Vocational&lt;/option&gt;\r\n&lt;option label=&quot;|&amp;nbsp;&amp;nbsp;&amp;nbsp;|___Chats and Forums&quot; value=&quot;148&quot;&gt;|&amp;nbsp;&amp;nbsp;&amp;nbsp;|___Chats and Forums&lt;/option&gt;\r\n&lt;option label=&quot;|&amp;nbsp;&amp;nbsp;&amp;nbsp;|___Conferences&quot; value=&quot;149&quot;&gt;|&amp;nbsp;&amp;nbsp;&amp;nbsp;|___Conferences&lt;/option&gt;\r\n&lt;option label=&quot;|&amp;nbsp;&amp;nbsp;&amp;nbsp;|___Correctional&quot; value=&quot;150&quot;&gt;|&amp;nbsp;&amp;nbsp;&amp;nbsp;|___Correctional&lt;/option&gt;\r\n&lt;option label=&quot;|&amp;nbsp;&amp;nbsp;&amp;nbsp;|___Disabilities&quot; value=&quot;151&quot;&gt;|&amp;nbsp;&amp;nbsp;&amp;nbsp;|___Disabilities&lt;/option&gt;\r\n&lt;option label=&quot;|&amp;nbsp;&amp;nbsp;&amp;nbsp;|___Driving Schools&quot; value=&quot;661&quot;&gt;|&amp;nbsp;&amp;nbsp;&amp;nbsp;|___Driving Schools&lt;/option&gt;\r\n&lt;option label=&quot;|&amp;nbsp;&amp;nbsp;&amp;nbsp;|___Early Childhood Education&quot; value=&quot;152&quot;&gt;|&amp;nbsp;&amp;nbsp;&amp;nbsp;|___Early Childhood Education&lt;/option&gt;\r\n&lt;option label=&quot;|&amp;nbsp;&amp;nbsp;&amp;nbsp;|___Education Weblogs&quot; value=&quot;153&quot;&gt;|&amp;nbsp;&amp;nbsp;&amp;nbsp;|___Education Weblogs&lt;/option&gt;\r\n&lt;option label=&quot;|&amp;nbsp;&amp;nbsp;&amp;nbsp;|___Equity&quot; value=&quot;154&quot;&gt;|&amp;nbsp;&amp;nbsp;&amp;nbsp;|___Equity&lt;/option&gt;\r\n&lt;option label=&quot;|&amp;nbsp;&amp;nbsp;&amp;nbsp;|___Financial Aid&quot; value=&quot;155&quot;&gt;|&amp;nbsp;&amp;nbsp;&amp;nbsp;|___Financial Aid&lt;/option&gt;\r\n&lt;option label=&quot;|&amp;nbsp;&amp;nbsp;&amp;nbsp;|___Government Agencies&quot; value=&quot;156&quot;&gt;|&amp;nbsp;&amp;nbsp;&amp;nbsp;|___Government Agencies&lt;/option&gt;\r\n&lt;option label=&quot;|&amp;nbsp;&amp;nbsp;&amp;nbsp;|___Graduation&quot; value=&quot;157&quot;&gt;|&amp;nbsp;&amp;nbsp;&amp;nbsp;|___Graduation&lt;/option&gt;\r\n&lt;option label=&quot;|&amp;nbsp;&amp;nbsp;&amp;nbsp;|___History&quot; value=&quot;158&quot;&gt;|&amp;nbsp;&amp;nbsp;&amp;nbsp;|___History&lt;/option&gt;\r\n&lt;option label=&quot;|&amp;nbsp;&amp;nbsp;&amp;nbsp;|___Instructional Technology&quot; value=&quot;159&quot;&gt;|&amp;nbsp;&amp;nbsp;&amp;nbsp;|___Instructional Technology&lt;/option&gt;\r\n&lt;option label=&quot;|&amp;nbsp;&amp;nbsp;&amp;nbsp;|___Job and Employment Resources&quot; value=&quot;160&quot;&gt;|&amp;nbsp;&amp;nbsp;&amp;nbsp;|___Job and Employment Resources&lt;/option&gt;\r\n&lt;option label=&quot;|&amp;nbsp;&amp;nbsp', 'a:0:{}', 'a:0:{}', 'a:10:{s:9:\"LINK_TYPE\";a:3:{i:0;s:6:\"normal\";i:1;s:1:\"0\";i:2;N;}s:5:\"TITLE\";a:3:{i:0;s:7:\"zctitle\";i:1;s:1:\"0\";i:2;N;}s:3:\"URL\";a:3:{i:0;s:5:\"zcurl\";i:1;s:1:\"0\";i:2;N;}s:11:\"DESCRIPTION\";a:3:{i:0;s:6:\"zcdesc\";i:1;s:1:\"0\";i:2;N;}s:10:\"OWNER_NAME\";a:3:{i:0;s:7:\"zctitle\";i:1;s:1:\"0\";i:2;N;}s:11:\"OWNER_EMAIL\";a:3:{i:0;s:7:\"zcemail\";i:1;s:1:\"0\";i:2;N;}s:11:\"CATEGORY_ID\";a:3:{i:0;s:6:\"zccate\";i:1;s:1:\"0\";i:2;N;}s:6:\"submit\";a:3:{i:0;s:8:\"Continue\";i:1;s:1:\"0\";i:2;N;}s:9:\"RECPR_URL\";a:3:{i:0;s:0:\"\";i:1;s:1:\"0\";i:2;s:1:\"0\";}s:10:\"RECPR_TEXT\";a:3:{i:0;s:8:\"<a href=\";i:1;s:1:\"0\";i:2;s:1:\"0\";}}', '|', '|', 0, '', '', '', '', '', 'http://www.4169.info/submit.php', '', 1, 0, 0, 2);
INSERT INTO `cmf_release_yellow` (`id`, `b2bname`, `b2burl`, `zzxzfl`, `fbfl`, `reginfo`, `logininfo`, `postinfo`, `username`, `password`, `ifreg`, `regsuccess`, `loginsuccess`, `postsuccess`, `regurl`, `loginurl`, `posturl`, `preposturl`, `status`, `ifhide`, `is_auto_enrollment`, `regorpost`) VALUES
(3, 'www.aaf14.org', 'http://www.aaf14.org', '19', '&lt;option label=&quot;|___Arts&quot; value=&quot;11&quot;&gt;|___Arts&lt;/option&gt;\r\n&lt;option label=&quot;|&amp;nbsp;&amp;nbsp;&amp;nbsp;|___Magazines&quot; value=&quot;21&quot;&gt;|&amp;nbsp;&amp;nbsp;&amp;nbsp;|___Magazines&lt;/option&gt;\r\n&lt;option label=&quot;|___Automotive&quot; value=&quot;5&quot;&gt;|___Automotive&lt;/option&gt;\r\n&lt;option label=&quot;|&amp;nbsp;&amp;nbsp;&amp;nbsp;|___Insurance&quot; value=&quot;16&quot;&gt;|&amp;nbsp;&amp;nbsp;&amp;nbsp;|___Insurance&lt;/option&gt;\r\n&lt;option label=&quot;|___Computer&quot; value=&quot;9&quot;&gt;|___Computer&lt;/option&gt;\r\n&lt;option label=&quot;|&amp;nbsp;&amp;nbsp;&amp;nbsp;|___SEO&quot; value=&quot;19&quot;&gt;|&amp;nbsp;&amp;nbsp;&amp;nbsp;|___SEO&lt;/option&gt;\r\n&lt;option label=&quot;|___Economics&quot; value=&quot;10&quot;&gt;|___Economics&lt;/option&gt;\r\n&lt;option label=&quot;|&amp;nbsp;&amp;nbsp;&amp;nbsp;|___Mortgages&quot; value=&quot;26&quot;&gt;|&amp;nbsp;&amp;nbsp;&amp;nbsp;|___Mortgages&lt;/option&gt;\r\n&lt;option label=&quot;|___Education&quot; value=&quot;2&quot;&gt;|___Education&lt;/option&gt;\r\n&lt;option label=&quot;|&amp;nbsp;&amp;nbsp;&amp;nbsp;|___Resources&quot; value=&quot;25&quot;&gt;|&amp;nbsp;&amp;nbsp;&amp;nbsp;|___Resources&lt;/option&gt;\r\n&lt;option label=&quot;|___Entertainment&quot; value=&quot;4&quot;&gt;|___Entertainment&lt;/option&gt;\r\n&lt;option label=&quot;|&amp;nbsp;&amp;nbsp;&amp;nbsp;|___Television&quot; value=&quot;20&quot;&gt;|&amp;nbsp;&amp;nbsp;&amp;nbsp;|___Television&lt;/option&gt;\r\n&lt;option label=&quot;|___Games&quot; value=&quot;13&quot;&gt;|___Games&lt;/option&gt;\r\n&lt;option label=&quot;|&amp;nbsp;&amp;nbsp;&amp;nbsp;|___Arcade&quot; value=&quot;31&quot;&gt;|&amp;nbsp;&amp;nbsp;&amp;nbsp;|___Arcade&lt;/option&gt;\r\n&lt;option label=&quot;|&amp;nbsp;&amp;nbsp;&amp;nbsp;|___Video&quot; value=&quot;22&quot;&gt;|&amp;nbsp;&amp;nbsp;&amp;nbsp;|___Video&lt;/option&gt;\r\n&lt;option label=&quot;|___Health&quot; value=&quot;3&quot;&gt;|___Health&lt;/option&gt;\r\n&lt;option label=&quot;|&amp;nbsp;&amp;nbsp;&amp;nbsp;|___Medicine&quot; value=&quot;27&quot;&gt;|&amp;nbsp;&amp;nbsp;&amp;nbsp;|___Medicine&lt;/option&gt;\r\n&lt;option label=&quot;|___Home &amp;amp; Garden&quot; value=&quot;14&quot;&gt;|___Home &amp;amp; Garden&lt;/option&gt;\r\n&lt;option label=&quot;|&amp;nbsp;&amp;nbsp;&amp;nbsp;|___Decorating&quot; value=&quot;36&quot;&gt;|&amp;nbsp;&amp;nbsp;&amp;nbsp;|___Decorating&lt;/option&gt;\r\n&lt;option label=&quot;|&amp;nbsp;&amp;nbsp;&amp;nbsp;|___Gardening&quot; value=&quot;28&quot;&gt;|&amp;nbsp;&amp;nbsp;&amp;nbsp;|___Gardening&lt;/option&gt;\r\n&lt;option label=&quot;|&amp;nbsp;&amp;nbsp;&amp;nbsp;|___Moving&quot; value=&quot;35&quot;&gt;|&amp;nbsp;&amp;nbsp;&amp;nbsp;|___Moving&lt;/option&gt;\r\n&lt;option label=&quot;|&amp;nbsp;&amp;nbsp;&amp;nbsp;|___Organizing&quot; value=&quot;34&quot;&gt;|&amp;nbsp;&amp;nbsp;&amp;nbsp;|___Organizing&lt;/option&gt;\r\n&lt;option label=&quot;|___News&quot; value=&quot;12&quot;&gt;|___News&lt;/option&gt;\r\n&lt;option label=&quot;|&amp;nbsp;&amp;nbsp;&amp;nbsp;|___Weather&quot; value=&quot;29&quot;&gt;|&amp;nbsp;&amp;nbsp;&amp;nbsp;|___Weather&lt;/option&gt;\r\n&lt;option label=&quot;|___People&quot; value=&quot;7&quot;&gt;|___People&lt;/option&gt;\r\n&lt;option label=&quot;|&amp;nbsp;&amp;nbsp;&amp;nbsp;|___Help &amp;amp; Advice&quot; value=&quot;32&quot;&gt;|&amp;nbsp;&amp;nbsp;&amp;nbsp;|___Help &amp;amp; Advice&lt;/option&gt;\r\n&lt;option label=&quot;|&amp;nbsp;&amp;nbsp;&amp;nbsp;|___Marriage&quot; value=&quot;18&quot;&gt;|&amp;nbsp;&amp;nbsp;&amp;nbsp;|___Marriage&lt;/option&gt;\r\n&lt;option label=&quot;|&amp;nbsp;&amp;nbsp;&amp;nbsp;|___Singles&quot; value=&quot;17&quot;&gt;|&amp;nbsp;&amp;nbsp;&amp;nbsp;|___Singles&lt;/option&gt;\r\n&lt;option label=&quot;|&amp;nbsp;&amp;nbsp;&amp;nbsp;|___Weddings&quot; value=&quot;33&quot;&gt;|&amp;nbsp;&amp;nbsp;&amp;nbsp;|___Weddings&lt;/option&gt;\r\n&lt;option label=&quot;|___Shopping&quot; value=&quot;8&quot;&gt;|___Shopping&lt;/option&gt;\r\n&lt;option label=&quot;|&amp;nbsp;&amp;nbsp;&amp;nbsp;|___Jewelry&quot; value=&quot;23&quot;&gt;|&amp;nbsp;&amp;nbsp;&amp;nbsp;|___Jewelry&lt;/option&gt;\r\n&lt;option label=&quot;|&amp;nbsp;&amp;nbsp;&amp;nbsp;|___Shoes&quot; value=&quot;24&quot;&gt;|&amp;nbsp;&amp;nbsp;&amp;nbsp;|___Shoes&lt;/option&gt;\r\n&lt;option label=&quot;|___Sports&quot; value=&quot;1&quot;&gt;|___Sports&lt;/option&gt;\r\n&lt;option label=&quot;|&amp;nbsp;&amp;nbsp;&amp;nbsp;|___Basketball&quot; value=&quot;15&quot;&gt;|&amp;nbsp;&amp;nbsp;&amp;nbsp;|___Basketball&lt;/option&gt;\r\n&lt;option label=&quot;|___Travel&quot; value=&quot;6&quot;&gt;|___Travel&lt;/option&gt;\r\n&lt;option label=&quot;|&amp;nbsp;&amp;nbsp;&amp;nbsp;|___Accomodations&quot; value=&quot;30&quot;&gt;|&amp;nbsp;&amp;nbsp;&amp;nbsp;|___Accomodations&lt;/option&gt;', 'a:0:{}', 'a:0:{}', 'a:8:{s:9:\"LINK_TYPE\";a:3:{i:0;s:6:\"normal\";i:1;s:1:\"0\";i:2;N;}s:5:\"TITLE\";a:3:{i:0;s:7:\"zctitle\";i:1;s:1:\"0\";i:2;N;}s:3:\"URL\";a:3:{i:0;s:5:\"zcurl\";i:1;s:1:\"0\";i:2;N;}s:11:\"DESCRIPTION\";a:3:{i:0;s:6:\"zcdesc\";i:1;s:1:\"0\";i:2;N;}s:10:\"OWNER_NAME\";a:3:{i:0;s:4:\"zctt\";i:1;s:1:\"0\";i:2;N;}s:11:\"OWNER_EMAIL\";a:3:{i:0;s:7:\"zcemail\";i:1;s:1:\"0\";i:2;N;}s:11:\"CATEGORY_ID\";a:3:{i:0;s:6:\"zccate\";i:1;s:1:\"0\";i:2;N;}s:6:\"submit\";a:3:{i:0;s:8:\"Continue\";i:1;s:1:\"0\";i:2;N;}}', '|', '|', 0, '', '', '', '', '', 'http://www.aaf14.org/submit.php', '', 1, 0, 0, 2),
(4, 'www.activesearchresults.com', 'http://www.activesearchresults.com', '', '', 'a:0:{}', 'a:0:{}', 'a:3:{s:3:\"url\";a:3:{i:0;s:5:\"zcurl\";i:1;s:1:\"0\";i:2;N;}s:5:\"email\";a:3:{i:0;s:7:\"zcemail\";i:1;s:1:\"0\";i:2;N;}s:9:\"submiturl\";a:3:{i:0;s:6:\"Submit\";i:1;s:1:\"0\";i:2;s:1:\"0\";}}', '|', '|', 0, '', '', '', '', '', 'http://www.activesearchresults.com/addwebsite.php', '', 1, 0, 0, 2),
(5, 'boitho.com', 'http://boitho.com', '', '', 'a:0:{}', 'a:0:{}', 'a:2:{s:3:\"url\";a:3:{i:0;s:5:\"zcurl\";i:1;s:1:\"0\";i:2;N;}s:5:\"email\";a:3:{i:0;s:7:\"zcemail\";i:1;s:1:\"0\";i:2;N;}}', '|', '|', 0, '', '', '', '', '', 'http://boitho.com/cgi-bin/add_url_html.cgi', '', 1, 0, 0, 2),
(6, 'www.amidalla.de', 'http://www.amidalla.de', '', '', 'a:0:{}', 'a:0:{}', 'a:1:{s:6:\"addurl\";a:3:{i:0;s:5:\"zcurl\";i:1;s:1:\"0\";i:2;N;}}', '|', '|', 0, '', '', '', '', '', 'http://www.amidalla.de/cgi-bin/amiadd.cgi?add', '', 1, 0, 0, 2),
(7, 'www.amidalla.de', 'http://www.amidalla.de/', '', '', 'a:0:{}', 'a:0:{}', 'a:4:{s:2:\"wu\";a:3:{i:0;s:5:\"zcurl\";i:1;s:1:\"0\";i:2;N;}s:2:\"wt\";a:3:{i:0;s:7:\"zcemail\";i:1;s:1:\"0\";i:2;N;}s:5:\"ddc[]\";a:3:{i:0;s:9:\"Education\";i:1;s:1:\"0\";i:2;N;}s:2:\"wd\";a:3:{i:0;s:6:\"zcdesc\";i:1;s:1:\"0\";i:2;N;}}', '|', '|', 0, '', '', '', '', '', 'http://www.amidalla.de/directory/amidalla_directory.php?ac=new', '', 1, 0, 0, 2),
(8, 'www.axxasearch.com', 'http://www.axxasearch.com', '', '', 'a:0:{}', 'a:0:{}', 'a:2:{s:12:\"required-www\";a:3:{i:0;s:5:\"zcurl\";i:1;s:1:\"0\";i:2;N;}s:14:\"required-email\";a:3:{i:0;s:7:\"zcemail\";i:1;s:1:\"0\";i:2;N;}}', '|', '|', 0, '', '', '', '', '', 'http://www.axxasearch.com/add_url2.cgi', '', 1, 0, 0, 2),
(12, 'www.informationcrawler.com', 'http://www.informationcrawler.com/', '', '', 'a:0:{}', 'a:0:{}', 'a:11:{s:9:\"LINK_TYPE\";a:3:{i:0;s:1:\"2\";i:1;s:1:\"0\";i:2;N;}s:5:\"TITLE\";a:3:{i:0;s:7:\"zctitle\";i:1;s:1:\"0\";i:2;N;}s:3:\"URL\";a:3:{i:0;s:5:\"zcurl\";i:1;s:1:\"0\";i:2;N;}s:11:\"CATEGORY_ID\";a:3:{i:0;s:2:\"27\";i:1;s:1:\"0\";i:2;N;}s:11:\"DESCRIPTION\";a:3:{i:0;s:6:\"zcdesc\";i:1;s:1:\"0\";i:2;N;}s:13:\"META_KEYWORDS\";a:3:{i:0;s:4:\"zckw\";i:1;s:1:\"0\";i:2;N;}s:16:\"META_DESCRIPTION\";a:3:{i:0;s:6:\"zcdesc\";i:1;s:1:\"0\";i:2;N;}s:22:\"META_DESCRIPTION_limit\";a:3:{i:0;s:3:\"225\";i:1;s:1:\"0\";i:2;N;}s:10:\"AGREERULES\";a:3:{i:0;s:2:\"on\";i:1;s:1:\"0\";i:2;N;}s:8:\"continue\";a:3:{i:0;s:11:\"Please Wait\";i:1;s:1:\"0\";i:2;N;}s:13:\"formSubmitted\";a:3:{i:0;s:1:\"1\";i:1;s:1:\"0\";i:2;N;}}', '|', '|', 0, '', '', '', '', '', 'http://www.informationcrawler.com/submit.php?LINK_TYPE=2', '', 1, 0, 0, 2),
(13, 'www.infotiger.com', 'http://www.infotiger.com', '', '', 'a:0:{}', 'a:0:{}', 'a:3:{s:5:\"optin\";a:3:{i:0;s:1:\"1\";i:1;s:1:\"0\";i:2;N;}s:3:\"url\";a:3:{i:0;s:5:\"zcurl\";i:1;s:1:\"0\";i:2;N;}s:5:\"email\";a:3:{i:0;s:7:\"zcemail\";i:1;s:1:\"0\";i:2;N;}}', '|', '|', 0, '', '', '', '', '', 'http://www.infotiger.com/addurl.html', '', 1, 0, 0, 2),
(14, 'www.intelseek.com', 'http://www.intelseek.com', '', '', 'a:0:{}', 'a:0:{}', 'a:5:{s:5:\"email\";a:3:{i:0;s:7:\"zcemail\";i:1;s:1:\"0\";i:2;N;}s:5:\"title\";a:3:{i:0;s:7:\"zctitle\";i:1;s:1:\"0\";i:2;N;}s:3:\"url\";a:3:{i:0;s:5:\"zcurl\";i:1;s:1:\"0\";i:2;N;}s:8:\"keywords\";a:3:{i:0;s:4:\"zckw\";i:1;s:1:\"0\";i:2;N;}s:11:\"description\";a:3:{i:0;s:6:\"zcdesc\";i:1;s:1:\"0\";i:2;N;}}', '|', '|', 0, '', '', '', '', '', 'http://www.intelseek.com/add_URL.asp', '', 1, 0, 0, 2),
(15, 'www.linkdir.info', 'http://www.linkdir.info', '', '', 'a:0:{}', 'a:0:{}', 'a:5:{s:3:\"url\";a:3:{i:0;s:5:\"zcurl\";i:1;s:1:\"0\";i:2;N;}s:5:\"title\";a:3:{i:0;s:7:\"zctitle\";i:1;s:1:\"0\";i:2;N;}s:11:\"description\";a:3:{i:0;s:6:\"zcdesc\";i:1;s:1:\"0\";i:2;N;}s:8:\"keywords\";a:3:{i:0;s:4:\"zckw\";i:1;s:1:\"0\";i:2;N;}s:1:\"c\";a:3:{i:0;s:2:\"18\";i:1;s:1:\"0\";i:2;N;}}', '|', '|', 0, '', '', '', '', '', 'http://www.linkdir.info/add_url.php', '', 1, 0, 0, 2),
(16, 'www.mygreencorner.com', 'http://www.mygreencorner.com', '', '', 'a:0:{}', 'a:0:{}', 'a:11:{s:9:\"LINK_TYPE\";a:3:{i:0;s:6:\"normal\";i:1;s:1:\"0\";i:2;N;}s:5:\"TITLE\";a:3:{i:0;s:9:\"thistitlf\";i:1;s:1:\"0\";i:2;N;}s:3:\"URL\";a:3:{i:0;s:24:\"http://www.reanod123.com\";i:1;s:1:\"0\";i:2;N;}s:11:\"DESCRIPTION\";a:3:{i:0;s:8:\"sdfsffff\";i:1;s:1:\"0\";i:2;N;}s:13:\"META_KEYWORDS\";a:3:{i:0;s:5:\"akibg\";i:1;s:1:\"0\";i:2;N;}s:16:\"META_DESCRIPTION\";a:3:{i:0;s:9:\"sdfsdfsdf\";i:1;s:1:\"0\";i:2;N;}s:10:\"OWNER_NAME\";a:3:{i:0;s:9:\"baiyakibg\";i:1;s:1:\"0\";i:2;N;}s:11:\"OWNER_EMAIL\";a:3:{i:0;s:13:\"1ddf3@126.com\";i:1;s:1:\"0\";i:2;N;}s:11:\"CATEGORY_ID\";a:3:{i:0;s:1:\"2\";i:1;s:1:\"0\";i:2;N;}s:5:\"agree\";a:3:{i:0;s:1:\"0\";i:1;s:1:\"0\";i:2;N;}s:6:\"submit\";a:3:{i:0;s:8:\"Continue\";i:1;s:1:\"0\";i:2;N;}}', '|', '|', 0, '', '', '', '', '', 'http://www.mygreencorner.com/submit.php', '', 1, 0, 0, 2),
(17, 'www.scrubtheweb.com', 'http://www.scrubtheweb.com', '', '', 'a:0:{}', 'a:0:{}', 'a:2:{s:3:\"URL\";a:3:{i:0;s:5:\"zcurl\";i:1;s:1:\"0\";i:2;N;}s:5:\"Email\";a:3:{i:0;s:7:\"zcemail\";i:1;s:1:\"0\";i:2;N;}}', '|', '|', 0, '', '', '', '', '', 'http://www.scrubtheweb.com/cgi-bin/addurl.cgi', '', 1, 0, 0, 2),
(20, 'viesearch.com', 'http://viesearch.com', '', '', 'a:0:{}', 'a:0:{}', 'a:7:{s:10:\"OWNER_NAME\";a:3:{i:0;s:4:\"zctt\";i:1;s:1:\"0\";i:2;N;}s:11:\"OWNER_EMAIL\";a:3:{i:0;s:7:\"zcemail\";i:1;s:1:\"0\";i:2;N;}s:5:\"TITLE\";a:3:{i:0;s:7:\"zctitle\";i:1;s:1:\"0\";i:2;N;}s:3:\"URL\";a:3:{i:0;s:5:\"zcurl\";i:1;s:1:\"0\";i:2;N;}s:11:\"DESCRIPTION\";a:3:{i:0;s:6:\"zcdesc\";i:1;s:1:\"0\";i:2;N;}s:11:\"CATEGORY_ID\";a:3:{i:0;s:1:\"1\";i:1;s:1:\"0\";i:2;N;}s:9:\"LINK_TYPE\";a:3:{i:0;s:6:\"normal\";i:1;s:1:\"0\";i:2;N;}}', '|', '|', 0, '', '', '', '', '', 'http://viesearch.com/submit', '', 1, 0, 0, 2),
(21, 'websquash.com', 'http://websquash.com', '', '', 'a:0:{}', 'a:0:{}', 'a:5:{s:4:\"Mode\";a:3:{i:0;s:7:\"AnonAdd\";i:1;s:1:\"0\";i:2;N;}s:8:\"b_submit\";a:3:{i:0;s:1:\"1\";i:1;s:1:\"0\";i:2;N;}s:5:\"Realm\";a:3:{i:0;s:8:\"Internet\";i:1;s:1:\"0\";i:2;N;}s:3:\"URL\";a:3:{i:0;s:5:\"zcurl\";i:1;s:1:\"0\";i:2;N;}s:5:\"EMAIL\";a:3:{i:0;s:7:\"zcemail\";i:1;s:1:\"0\";i:2;N;}}', '|', '|', 0, '', '', '', '', '', 'http://websquash.com/cgi-bin/search/search.pl', '', 1, 0, 0, 2),
(22, 'zoohoo.sk', 'http://zoohoo.sk', '', '', 'a:0:{}', 'a:0:{}', 'a:1:{s:3:\"URL\";a:3:{i:0;s:5:\"zcurl\";i:1;s:1:\"0\";i:2;N;}}', '|', '|', 0, '', '', '', '', '', 'http://zoohoo.sk/add_document.php', '', 1, 0, 0, 2);

CREATE TABLE `cmf_reminder` (
  `id` int(11) NOT NULL,
  `type` tinyint(1) NOT NULL COMMENT '1-服务器  2-域名',
  `endtime` int(11) NOT NULL COMMENT '到期时间',
  `addtime` int(11) NOT NULL COMMENT '添加时间',
  `btime` int(11) NOT NULL COMMENT '开始提醒时间',
  `content` text NOT NULL COMMENT '描述',
  `rday` int(11) NOT NULL COMMENT '提前提醒天数',
  `status` tinyint(1) NOT NULL DEFAULT '0' COMMENT '0-未过期  1-已过期'
) ENGINE=MyISAM DEFAULT CHARSET=utf8;

CREATE TABLE `cmf_report_comment` (
  `id` int(11) NOT NULL,
  `addtime` int(11) NOT NULL COMMENT '添加时间',
  `title` varchar(255) NOT NULL COMMENT '评论标题',
  `text` text NOT NULL COMMENT '评论内容',
  `uid` int(11) NOT NULL COMMENT '添加用户'
) ENGINE=MyISAM DEFAULT CHARSET=utf8;

CREATE TABLE `cmf_role` (
  `id` int(11) UNSIGNED NOT NULL,
  `name` varchar(20) NOT NULL COMMENT '角色名称',
  `pid` smallint(6) DEFAULT NULL COMMENT '父角色ID',
  `status` tinyint(1) UNSIGNED DEFAULT NULL COMMENT '状态',
  `remark` varchar(255) DEFAULT NULL COMMENT '备注',
  `create_time` int(11) UNSIGNED NOT NULL DEFAULT '0' COMMENT '创建时间',
  `update_time` int(11) UNSIGNED NOT NULL DEFAULT '0' COMMENT '更新时间',
  `listorder` int(3) NOT NULL DEFAULT '0' COMMENT '排序字段',
  `admin_main_index` varchar(200) NOT NULL DEFAULT 'index' COMMENT '后台首页页面'
) ENGINE=MyISAM DEFAULT CHARSET=utf8;

INSERT INTO `cmf_role` (`id`, `name`, `pid`, `status`, `remark`, `create_time`, `update_time`, `listorder`, `admin_main_index`) VALUES
(1, '超级管理员', 0, 1, '拥有网站最高管理员权限！', 1329633709, 1329633709, 0, 'main_boss'),
(2, '编辑', 0, 1, '管理产品', 1463387819, 1481791403, 0, 'index'),
(3, '文章管理', 0, 1, '文章管理', 1465713522, 0, 0, 'index'),
(4, '业务经理', NULL, 1, 'CRM业务经理', 1468916092, 1477300610, 0, 'main_manager'),
(5, '业务员', NULL, 1, 'CRM业务员', 1468916102, 1477298042, 0, 'main_salesman'),
(6, '老板', 0, 1, '老板', 1477892527, 1477892550, 0, 'main_boss'),
(7, '营销统计', 0, 1, '营销统计', 1477907029, 0, 0, 'main_yxtj');

CREATE TABLE `cmf_role_user` (
  `role_id` int(11) UNSIGNED DEFAULT '0' COMMENT '角色 id',
  `user_id` int(11) DEFAULT '0' COMMENT '用户id'
) ENGINE=MyISAM DEFAULT CHARSET=utf8;

INSERT INTO `cmf_role_user` (`role_id`, `user_id`) VALUES
(1, 12),
(1, 14),
(2, 14),
(3, 14),
(4, 15),
(4, 19),
(5, 17),
(5, 19),
(5, 21),
(3, 22),
(1, 23),
(6, 24),
(7, 25),
(4, 26),
(4, 27),
(2, 28),
(2, 29),
(1, 30),
(6, 30),
(6, 22),
(2, 22),
(1, 22),
(5, 31),
(2, 32),
(3, 33),
(2, 33),
(4, 34),
(1, 35),
(1, 36),
(2, 36),
(3, 36),
(7, 36),
(4, 37),
(1, 38),
(6, 38),
(5, 41),
(2, 41),
(2, 42);

CREATE TABLE `cmf_route` (
  `id` int(11) NOT NULL COMMENT '路由id',
  `full_url` varchar(255) DEFAULT NULL COMMENT '完整url， 如：portal/list/index?id=1',
  `url` varchar(255) DEFAULT NULL COMMENT '实际显示的url',
  `listorder` int(5) DEFAULT '0' COMMENT '排序，优先级，越小优先级越高',
  `status` tinyint(1) DEFAULT '1' COMMENT '状态，1：启用 ;0：不启用'
) ENGINE=MyISAM DEFAULT CHARSET=utf8;

INSERT INTO `cmf_route` (`id`, `full_url`, `url`, `listorder`, `status`) VALUES
(2, 'content/pagedis/lists_pro', 'lists_pro/catid/:catid\\d', 0, 1);

CREATE TABLE `cmf_salesman` (
  `id` int(10) UNSIGNED NOT NULL,
  `uname` char(40) NOT NULL DEFAULT '0' COMMENT '用户名',
  `email` char(40) NOT NULL DEFAULT '0' COMMENT '邮箱',
  `content` text COMMENT '备注',
  `status` smallint(5) UNSIGNED NOT NULL DEFAULT '1' COMMENT '0:关闭，1：启用'
) ENGINE=MyISAM DEFAULT CHARSET=utf8;

INSERT INTO `cmf_salesman` (`id`, `uname`, `email`, `content`, `status`) VALUES
(1, '赵四', '514583562@qq.com', '最新添加', 1),
(2, '张三', '3233816752@qq.com', '测试用的', 1);

CREATE TABLE `cmf_search` (
  `searchid` int(10) UNSIGNED NOT NULL,
  `id` mediumint(8) UNSIGNED NOT NULL DEFAULT '0' COMMENT '信息id',
  `catid` smallint(5) UNSIGNED NOT NULL DEFAULT '0' COMMENT '栏目id',
  `modelid` smallint(5) NOT NULL COMMENT '模型id',
  `adddate` int(10) UNSIGNED NOT NULL COMMENT '添加时间',
  `data` text NOT NULL COMMENT '数据'
) ENGINE=MyISAM DEFAULT CHARSET=utf8;

INSERT INTO `cmf_search` (`searchid`, `id`, `catid`, `modelid`, `adddate`, `data`) VALUES
(1, 20, 61, 1, 1466760553, '61这是动静子栏目2内容lasldflasdfasdf这是动静子栏目2内容Supply'),
(2, 38, 94, 1, 1474609198, '94certificate538certificate5Wholesaler'),
(3, 65, 96, 1, 1489113098, '96JIEXING(HK)ELECTRONICLIMTEDjiexing-hk-electronic-limtedJIEXING(HK)ELECTRONICLIMTED'),
(4, 66, 96, 1, 1489113316, '96Ouraimofcorporation our-aim-of-corporationOuraimofcorporation '),
(5, 67, 96, 1, 1494310713, '96SunshineSunshineSunshineToday'),
(6, 128, 136, 5, 1489115423, '1360RobotSmartCarKitsWheel+couplingshaft+Motorbracket+GearmotorRobotSmartCarKitsWheel+couplingshaft+Motorbracket+GearmotorRobotSmartCarKitsWheelcouplingshaftMotorbracketGearmotorSupplyrobot-smart-car-kits-wheel-1'),
(7, 129, 136, 5, 1489115804, '1360WirelessBluetoothModuleHC-056pinLC-05forArduinoWirelessbluetoothmoduleHC-056pinLC-05forArduinoWirelessBluetoothModuleHC-056pinLC-05forArduinoManufacturerChinawireless-bluetooth11'),
(8, 130, 136, 5, 1489116046, '1360HC-05WirelessBluetoothModuleforArduinoPlaceofOrigin:Guangdong,China(Mainland)HC-05WirelessBluetoothModuleforArduinoWholesalewireless-bluetooth-module-for-arduino'),
(9, 131, 136, 5, 1489117306, '1360ESP8266SerialWIFIWirelessModuleWirelessTransceiverESP8266SerialWIFIWirelessModuleWirelessTransceiverSaleESP8266SerialWIFIWirelessModuleWirelessTransceiverserial-wifi-module-wireless-transceiver-2'),
(10, 132, 136, 5, 1489117655, '1360RobotSmartCarKitsWheel+CouplingShaft+MotorBracket+GearMotorRobotSmartCarKitsWheel+couplingshaft+Motorbracket+GearmotorRobotSmartCarKitsWheelcouplingshaftMotorbracketGearmotorSupplycoupling-shaft-1'),
(11, 133, 136, 5, 1489117721, '1360WirelessBluetoothModuleHC-056pinLC-05forArduinoWirelessbluetoothmoduleHC-056pinLC-05forArduinoWirelessBluetoothModuleHC-056pinLC-05forArduinoManufacturerChinawireless-bluetooth-module-q'),
(12, 141, 136, 5, 1490347238, '1360WeldingTurning-rollsWeldingTurning-rollsWholesalewelding-turning-roll'),
(13, 142, 136, 5, 1490777284, '1360diyidiyiWholesale142'),
(14, 143, 218, 5, 1490777403, '2180dierdierWeldingrotatorSupplier,ManufacturerChina,Custom,factory,manufacturerhello-1'),
(15, 144, 108, 5, 1490924267, '1080新加测试新加测试6123'),
(16, 145, 136, 5, 1491535265, '1360songsongsong1song'),
(17, 146, 136, 5, 1491958519, '1360testtest'),
(18, 147, 136, 5, 1492157550, '1360xiaoxiaoxiaoxiaoxiaoxiao147'),
(19, 148, 136, 5, 1495002110, '1360testtestsong22'),
(20, 149, 136, 5, 1495002749, '1360test555heooo'),
(21, 150, 139, 5, 1495010719, '1390test888test888test888test888'),
(22, 151, 136, 5, 1495010945, '1360555555i'),
(23, 152, 242, 5, 1497680171, '2420删除终极1Manufacture删除终极1152'),
(24, 153, 246, 5, 1497680188, '2460删除终极2删除终极2Supply153');

CREATE TABLE `cmf_search_keyword` (
  `keyword` char(20) NOT NULL COMMENT '关键字',
  `pinyin` char(20) NOT NULL COMMENT '关键字拼音',
  `searchnums` int(10) UNSIGNED NOT NULL DEFAULT '0' COMMENT '搜索次数',
  `data` char(20) NOT NULL
) ENGINE=MyISAM DEFAULT CHARSET=utf8;

INSERT INTO `cmf_search_keyword` (`keyword`, `pinyin`, `searchnums`, `data`) VALUES
('222', '222', 6, ''),
('22', '22', 2, ''),
('123', '123', 9, ''),
('子', 'zi', 1, ''),
('shoutao', 'shoutao', 1, ''),
('德国', 'deguo', 1, ''),
('ss', 'ss', 4, ''),
('天气', 'tianqi', 4, ''),
('dachuizi', 'dachuizi', 4, ''),
('中', 'zhong', 1, ''),
('union', 'union', 3, ''),
('asfbs', 'asfbs', 1, ''),
('79', '79', 1, ''),
('pliers', 'pliers', 6, ''),
('sadf', 'sadf', 1, ''),
('11', '11', 5, ''),
('factory', 'factory', 231, ''),
('tour', 'tour', 32, ''),
('asd', 'asd', 4, ''),
('sdf', 'sdf', 1, ''),
('product', 'product', 2, ''),
('certificate', 'certificate', 4, ''),
('cer', 'cer', 69, ''),
('asdf', 'asdf', 14, ''),
('aa', 'aa', 1, ''),
('sd', 'sd', 3, ''),
('sa', 'sa', 1, ''),
('al', 'al', 2, ''),
('module', 'module', 1, '');

CREATE TABLE `cmf_slide` (
  `slide_id` bigint(20) UNSIGNED NOT NULL,
  `slide_cid` int(11) NOT NULL COMMENT '幻灯片分类 id',
  `slide_name` varchar(255) NOT NULL COMMENT '幻灯片名称',
  `slide_pic` varchar(255) DEFAULT NULL COMMENT '幻灯片图片',
  `slide_url` varchar(255) DEFAULT NULL COMMENT '幻灯片链接',
  `slide_des` varchar(255) DEFAULT NULL COMMENT '幻灯片描述',
  `slide_content` text COMMENT '幻灯片内容',
  `slide_status` int(2) NOT NULL DEFAULT '1' COMMENT '状态，1显示，0不显示',
  `listorder` int(10) DEFAULT '0' COMMENT '排序'
) ENGINE=MyISAM DEFAULT CHARSET=utf8;

INSERT INTO `cmf_slide` (`slide_id`, `slide_cid`, `slide_name`, `slide_pic`, `slide_url`, `slide_des`, `slide_content`, `slide_status`, `listorder`) VALUES
(1, 1, 'ABC', '\\thinkcmf//data/upload//20160518/573bd44c7f758.jpg', '', '', '阿萨德法师', 1, 0),
(2, 1, '22222222', '\\thinkcmf//data/upload//20160719/578d867a73299.png', '', '', '222222222222222', 1, 0);

CREATE TABLE `cmf_slide_cat` (
  `cid` int(11) NOT NULL,
  `cat_name` varchar(255) NOT NULL COMMENT '幻灯片分类',
  `cat_idname` varchar(255) NOT NULL COMMENT '幻灯片分类标识',
  `cat_remark` text COMMENT '分类备注',
  `cat_status` int(2) NOT NULL DEFAULT '1' COMMENT '状态，1显示，0不显示'
) ENGINE=MyISAM DEFAULT CHARSET=utf8;

INSERT INTO `cmf_slide_cat` (`cid`, `cat_name`, `cat_idname`, `cat_remark`, `cat_status`) VALUES
(1, '首页轮播', 'bannerlun', '首页轮播图', 1),
(2, '分页轮播', 'fenlun', '分页轮播', 1),
(3, '中间轮播', 'zhonglun', '中间轮播', 1);

CREATE TABLE `cmf_social_platform` (
  `id` smallint(5) UNSIGNED NOT NULL,
  `social_name` varchar(255) DEFAULT NULL COMMENT '社交平台名称',
  `imageurl` varchar(200) NOT NULL DEFAULT '' COMMENT '图片地址',
  `socurl` varchar(200) NOT NULL DEFAULT '' COMMENT '社交地址',
  `user` char(30) NOT NULL DEFAULT '' COMMENT '用户名',
  `pwd` char(50) NOT NULL DEFAULT '' COMMENT '密码',
  `content` text COMMENT '描述'
) ENGINE=MyISAM DEFAULT CHARSET=utf8;

INSERT INTO `cmf_social_platform` (`id`, `social_name`, `imageurl`, `socurl`, `user`, `pwd`, `content`) VALUES
(2, 'linkedin', '{\"thumb\":\"\\/thinkcmf\\/data\\/upload\\/20160518\\/573c00806e2dc.jpg\"}', 'https://www.linkedin.com/?trk=baidubrand-mainlink', 'abcdefg123', 'hijklmn321', '&lt;p&gt;公司账号&lt;/p&gt;');

CREATE TABLE `cmf_sortorder` (
  `id` int(200) NOT NULL,
  `catid` int(200) NOT NULL DEFAULT '0' COMMENT '分类id',
  `modelid` int(200) NOT NULL DEFAULT '0' COMMENT '模型id',
  `sort` varchar(255) NOT NULL DEFAULT 'id' COMMENT '排序值',
  `order` varchar(255) NOT NULL DEFAULT 'asc' COMMENT '排序'
) ENGINE=MyISAM DEFAULT CHARSET=utf8 COMMENT='排序设置';

INSERT INTO `cmf_sortorder` (`id`, `catid`, `modelid`, `sort`, `order`) VALUES
(1, 72, 5, 'listorder', 'desc'),
(2, 135, 5, 'listorder', 'asc'),
(3, 249, 2, 'listorder', 'desc'),
(4, 96, 1, 'listorder', 'asc');

CREATE TABLE `cmf_tdks` (
  `id` int(100) NOT NULL,
  `catid` int(100) NOT NULL,
  `title` varchar(200) NOT NULL,
  `keywords` varchar(200) NOT NULL,
  `description` varchar(200) NOT NULL
) ENGINE=MyISAM DEFAULT CHARSET=utf8;

INSERT INTO `cmf_tdks` (`id`, `catid`, `title`, `keywords`, `description`) VALUES
(1, 10, 's:29:\"Manufacturer,Supplier,Factory\";', 's:39:\"Maker,Manufacturer China,Supplier China\";', 'a:2:{s:7:\"iswrite\";s:1:\"0\";s:13:\"description_j\";s:0:\"\";}'),
(2, 23, 's:38:\"Manufacturer,Supplier,Factory,Exporter\";', 's:44:\"Manufacturer,Supplier,Factory,Exporter,Maker\";', 'a:2:{s:7:\"iswrite\";s:1:\"0\";s:13:\"description_j\";s:0:\"\";}'),
(3, 22, 's:38:\"Manufacturer,Supplier,Factory,Exporter\";', 's:44:\"Manufacturer,Supplier,Factory,Exporter,Maker\";', 'a:2:{s:7:\"iswrite\";s:1:\"0\";s:13:\"description_j\";s:0:\"\";}'),
(4, 29, 's:32:\"Landscape Grass, Landscape Grass\";', 's:103:\"Landscape Grass, Landscape Grass,Landscape xxxxxGrass, Landscape Grass,Landscape Grass, Landscape Grass\";', 'a:2:{s:7:\"iswrite\";s:1:\"1\";s:13:\"description_j\";s:104:\"ssssssLandscape Grass, Landscape Grass,Landscape Grass, Landscape Grass,Landscape Grass, Landscape Grass\";}'),
(5, 30, 's:5:\"News1\";', 's:5:\"News2\";', 'a:2:{s:7:\"iswrite\";s:1:\"0\";s:13:\"description_j\";s:5:\"News3\";}'),
(6, 9, 's:53:\"Manufacturer,Supplier,Factory,Exporter,China,for sale\";', 's:39:\"Maker,Manufacturer China,Supplier China\";', 'a:2:{s:7:\"iswrite\";s:1:\"0\";s:13:\"description_j\";s:0:\"\";}'),
(7, 1, 's:71:\"china,Buy * in China,* Supplier China,* Maker Chinaq,* for sale,* China\";', 's:97:\"china,Buy * in China,Wholesale *,* Exporter China,* Factory China,* Manufacturer China,* for sale\";', 'a:2:{s:7:\"iswrite\";s:1:\"0\";s:13:\"description_j\";s:0:\"\";}'),
(8, 6, 's:34:\"* China,* Factory China,* for sale\";', 's:59:\"* Manufacturer China,* Factory China,Buy * in China,* China\";', 'a:2:{s:7:\"iswrite\";s:1:\"0\";s:13:\"description_j\";s:0:\"\";}'),
(9, 67, 's:114:\"* Supplier,*  Manufacturer,* Company,* China,Export *,* Supplier,* Wholesaler,* Manufacturer China,* Factory China\";', 's:48:\"* Supplier,* Factory,* China,Export *,* for Sale\";', 'a:2:{s:7:\"iswrite\";s:1:\"1\";s:13:\"description_j\";s:0:\"\";}'),
(10, 72, 's:15:\"sadasdasd,asdfs\";', 's:19:\"adasdasda,werweeerw\";', 'a:2:{s:7:\"iswrite\";s:1:\"0\";s:13:\"description_j\";s:0:\"\";}'),
(11, 73, 's:45:\"* Supplier,*  Manufacturer,* Company,* Supply\";', 's:16:\"ghgh\nghjh\nghfhd\n\";', 'a:2:{s:7:\"iswrite\";s:1:\"1\";s:13:\"description_j\";s:0:\"\";}'),
(12, 96, 's:0:\"\";', 's:0:\"\";', 'a:2:{s:7:\"iswrite\";s:1:\"0\";s:13:\"description_j\";s:0:\"\";}'),
(13, 81, 's:0:\"\";', 's:0:\"\";', 'a:2:{s:7:\"iswrite\";s:1:\"1\";s:13:\"description_j\";s:0:\"\";}'),
(14, 94, 's:0:\"\";', 's:0:\"\";', 'a:2:{s:7:\"iswrite\";s:1:\"1\";s:13:\"description_j\";s:0:\"\";}'),
(15, 78, 's:18:\"China *,* for Sale\";', 's:56:\"*  Manufacturer,* Factory,* Factory China,High Quality *\";', 'a:2:{s:7:\"iswrite\";s:1:\"1\";s:13:\"description_j\";s:0:\"\";}'),
(16, 126, 's:26:\"* Supplier,*  Manufacturer\";', 's:0:\"\";', 'a:2:{s:7:\"iswrite\";s:1:\"0\";s:13:\"description_j\";s:0:\"\";}'),
(17, 135, 's:47:\"* Factory,* Wholesaler,* Supplier China,* Price\";', 's:0:\"\";', 'a:2:{s:7:\"iswrite\";s:1:\"0\";s:13:\"description_j\";s:0:\"\";}'),
(18, 136, 's:0:\"\";', 's:0:\"\";', 'a:2:{s:7:\"iswrite\";s:1:\"0\";s:13:\"description_j\";s:0:\"\";}'),
(19, 21, 's:0:\"\";', 's:0:\"\";', 'a:2:{s:7:\"iswrite\";s:1:\"0\";s:13:\"description_j\";s:0:\"\";}'),
(20, 139, 's:38:\"* Company,* China,* Supply,* Wholesale\";', 's:46:\"* Supplier,*  Manufacturer,* Factory,* Company\";', 'a:2:{s:7:\"iswrite\";s:1:\"1\";s:13:\"description_j\";s:0:\"\";}'),
(21, 218, 's:0:\"\";', 's:0:\"\";', 'a:2:{s:7:\"iswrite\";s:1:\"1\";s:13:\"description_j\";s:0:\"\";}');

CREATE TABLE `cmf_terms` (
  `term_id` bigint(20) UNSIGNED NOT NULL COMMENT '分类id',
  `name` varchar(200) DEFAULT NULL COMMENT '分类名称',
  `slug` varchar(200) DEFAULT '',
  `taxonomy` varchar(32) DEFAULT NULL COMMENT '分类类型',
  `description` longtext COMMENT '分类描述',
  `parent` bigint(20) UNSIGNED DEFAULT '0' COMMENT '分类父id',
  `count` bigint(20) DEFAULT '0' COMMENT '分类文章数',
  `path` varchar(500) DEFAULT NULL COMMENT '分类层级关系路径',
  `seo_title` varchar(500) DEFAULT NULL,
  `seo_keywords` varchar(500) DEFAULT NULL,
  `seo_description` varchar(500) DEFAULT NULL,
  `list_tpl` varchar(50) DEFAULT NULL COMMENT '分类列表模板',
  `one_tpl` varchar(50) DEFAULT NULL COMMENT '分类文章页模板',
  `listorder` int(5) NOT NULL DEFAULT '0' COMMENT '排序',
  `status` int(2) NOT NULL DEFAULT '1' COMMENT '状态，1发布，0不发布',
  `modelid` int(11) NOT NULL COMMENT '模型表modelid'
) ENGINE=MyISAM DEFAULT CHARSET=utf8;

INSERT INTO `cmf_terms` (`term_id`, `name`, `slug`, `taxonomy`, `description`, `parent`, `count`, `path`, `seo_title`, `seo_keywords`, `seo_description`, `list_tpl`, `one_tpl`, `listorder`, `status`, `modelid`) VALUES
(1, '列表演示', '', 'article', '', 0, 0, '0-1', '', '', '', 'list', 'article', 0, 1, 0),
(2, '瀑布流', '', 'article', '', 0, 0, '0-2', '', '', '', 'list_masonry', 'article', 0, 1, 0),
(3, '分类1', '', 'article', '这是分类1', 1, 0, '0-1-3', '', '', '', 'list', 'article', 0, 1, 0);

CREATE TABLE `cmf_term_relationships` (
  `tid` bigint(20) NOT NULL,
  `object_id` bigint(20) UNSIGNED NOT NULL DEFAULT '0' COMMENT 'posts表里文章id',
  `term_id` bigint(20) UNSIGNED NOT NULL DEFAULT '0' COMMENT '分类id',
  `listorder` int(10) NOT NULL DEFAULT '0' COMMENT '排序',
  `status` int(2) NOT NULL DEFAULT '1' COMMENT '状态，1发布，0不发布'
) ENGINE=MyISAM DEFAULT CHARSET=utf8;

INSERT INTO `cmf_term_relationships` (`tid`, `object_id`, `term_id`, `listorder`, `status`) VALUES
(1, 1, 1, 0, 1),
(2, 3, 3, 0, 1);

CREATE TABLE `cmf_tert_ss_data` (
  `id` mediumint(8) UNSIGNED NOT NULL DEFAULT '0',
  `content` text,
  `paginationtype` tinyint(1) NOT NULL DEFAULT '0',
  `maxcharperpage` mediumint(6) NOT NULL DEFAULT '0',
  `template` varchar(30) NOT NULL DEFAULT '',
  `paytype` tinyint(1) UNSIGNED NOT NULL DEFAULT '0',
  `allow_comment` tinyint(1) UNSIGNED NOT NULL DEFAULT '1',
  `relation` varchar(255) NOT NULL DEFAULT ''
) ENGINE=MyISAM DEFAULT CHARSET=utf8;

CREATE TABLE `cmf_tks_library` (
  `id` int(255) NOT NULL,
  `keywords` varchar(255) NOT NULL COMMENT '关键词',
  `c_num` int(200) NOT NULL COMMENT '使用次数',
  `is_use` int(10) NOT NULL COMMENT '是否使用'
) ENGINE=MyISAM DEFAULT CHARSET=utf8;

INSERT INTO `cmf_tks_library` (`id`, `keywords`, `c_num`, `is_use`) VALUES
(1, '* Supplier', 0, 0),
(2, '*  Manufacturer', 0, 0),
(3, '* Factory', 0, 0),
(4, '* Company', 0, 0),
(5, 'China *', 0, 0),
(6, '* China', 0, 0),
(7, '* Supply', 0, 0),
(8, 'Manufacture *', 0, 0),
(9, 'Export *', 0, 0),
(10, '* Wholesale', 0, 0),
(11, '* Supplier', 0, 0),
(12, '* for Sale', 0, 0),
(13, 'Sale *', 0, 0),
(14, '* Wholesaler', 0, 0),
(15, '* Manufacturer China', 0, 0),
(16, '* Exporter China', 0, 0),
(17, '* Factory China', 0, 0),
(18, '* Supplier China', 0, 0),
(19, '* Price', 0, 0),
(20, 'High Quality *', 0, 0),
(21, 'Custom *', 0, 0),
(22, 'ODM. *', 0, 0);

CREATE TABLE `cmf_urlrule` (
  `urlruleid` smallint(5) UNSIGNED NOT NULL COMMENT '规则id',
  `module` varchar(15) NOT NULL DEFAULT '' COMMENT '所属模块',
  `file` varchar(20) NOT NULL DEFAULT '' COMMENT '所属文件',
  `ishtml` tinyint(1) UNSIGNED NOT NULL DEFAULT '0' COMMENT '生成静态规则 1 静态',
  `urlrule` varchar(255) NOT NULL DEFAULT '' COMMENT 'url规则',
  `example` varchar(255) NOT NULL DEFAULT '' COMMENT '示例'
) ENGINE=MyISAM DEFAULT CHARSET=utf8;

INSERT INTO `cmf_urlrule` (`urlruleid`, `module`, `file`, `ishtml`, `urlrule`, `example`) VALUES
(1, 'content', 'category', 0, 'index.php?g=Content&m=Pagedis&a=lists&catid={$catid}|index.php?g=Content&m=Pagedis&a=lists&catid={$catid}&p={page}', '动态：index.php?g=Content&m=Pagedis&a=lists&catid=1&page=1'),
(2, 'content', 'category', 1, '{$categorydir}{$catdir}/index.html|{$categorydir}{$catdir}/index_{page}.html', '静态：news/china/1000.html'),
(3, 'content', 'show', 1, 'html/{$year}/{$catdir}_{$month}/{$id}.html|html/{$year}/{$catdir}_{$month}/{$id}_{page}.html', '静态：html/2010/catdir_07/1_2.html'),
(4, 'content', 'show', 0, 'index.php?g=Content&m=Pagedis&a=shows&catid={$catid}&id={$id}|index.php?g=Content&m=Pgedis&a=shows&catid={$catid}&id={$id}&page={page}', '动态：index.php?g=Content&m=Pagedis&a=shows&catid=1&id=1'),
(5, 'content', 'category', 1, 'news/{$catid}.html|news/{$catid}-{page}.html', '静态：news/1.html'),
(6, 'content', 'category', 0, 'list-{$catid}.html|list-{$catid}-{page}.html', '伪静态：list-1-1.html'),
(7, 'content', 'tags', 0, 'index.php?a=tags&amp;tagid={$tagid}|index.php?a=tags&amp;tagid={$tagid}&amp;page={page}', '动态：index.php?a=tags&amp;tagid=1'),
(8, 'content', 'tags', 0, 'index.php?a=tags&amp;tag={$tag}|/index.php?a=tags&amp;tag={$tag}&amp;page={page}', '动态：index.php?a=tags&amp;tag=标签'),
(9, 'content', 'tags', 0, 'tag-{$tag}.html|tag-{$tag}-{page}.html', '伪静态：tag-标签.html'),
(10, 'content', 'tags', 0, 'tag-{$tagid}.html|tag-{$tagid}-{page}.html', '伪静态：tag-1.html'),
(11, 'content', 'index', 1, 'index.html|index_{page}.html', '静态：index_2.html'),
(12, 'content', 'index', 0, 'index.html|index_{page}.html', '伪静态：index_2.html'),
(13, 'content', 'index', 0, 'index.php|index.php?page={page}', '动态：index.php?page=2'),
(14, 'content', 'category', 1, 'download.html|download_{page}.html', '静态：download.html'),
(15, 'content', 'show', 1, '{$categorydir}{$id}.html|{$categorydir}{$id}_{page}.html', '静态：/父栏目/1.html'),
(16, 'content', 'show', 1, '{$catdir}/{$id}.html|{$catdir}/{$id}_{page}.html', '示例：/栏目/1.html'),
(17, 'content', 'category', 0, 'leuu(\'Content/Pagedis/lists_pic\',array(\'catid\'=>{$catid}))|leuu(\'Content/Pagedis/lists_pic\',array(\'catid\'=>{$catid},\'p\'=>\'{page}\'))', '动态图片：index.php?g=Content&m=Pagedis&a=lists_pic&catid=1&page=1'),
(18, 'content', 'category', 0, 'leuu(\'Content/Pagedis/lists_art\',array(\'catid\'=>{$catid}))|leuu(\'Content/Pagedis/lists_art\',array(\'catid\'=>{$catid},\'p\'=>\'{page}\'))', '动态文章：index.php?g=Content&m=Pagedis&a=lists_art&catid=1&page=1'),
(19, 'content', 'category', 0, 'leuu(\'Content/Pagedis/lists_pro\',array(\'catid\'=>{$catid}))|leuu(\'Content/Pagedis/lists_pro\',array(\'catid\'=>{$catid},\'p\'=>\'{page}\',\'maozisx\'=>\'{$maozisx}\',\'shapesx\'=>\'{$shapesx}\',\'moazixingbie\'=>\'{$moazixingbie}\'))', '动态产品：index.php?g=Content&m=Pagedis&a=lists_pro&catid=1&page=1'),
(20, 'content', 'category', 0, 'leuu(\'Content/Pagedis/lists_down\',array(\'catid\'=>{$catid}))|leuu(\'Content/Pagedis/lists_down\',array(\'catid\'=>{$catid},\'p\'=>\'{page}\'))', '动态下载：index.php?g=Content&m=Pagedis&a=lists_down&catid=1&page=1'),
(21, 'content', 'show', 0, 'index.php?g=Content&m=Pagedis&a=shows_pic&catid={$catid}&id={$id}|index.php?g=Content&m=Pgedis&a=shows_pic&catid={$catid}&id={$id}&page={page}', '动态图片：index.php?g=Content&m=Pagedis&a=shows_pic&catid=1&id=1'),
(22, 'content', 'show', 0, 'index.php?g=Content&m=Pagedis&a=shows_art&catid={$catid}&id={$id}|index.php?g=Content&m=Pgedis&a=shows_art&catid={$catid}&id={$id}&page={page}', '动态文章：index.php?g=Content&m=Pagedis&a=shows_art&catid=1&id=1'),
(23, 'content', 'show', 0, 'index.php?g=Content&m=Pagedis&a=shows_pro&catid={$catid}&id={$id}|index.php?g=Content&m=Pgedis&a=shows_pro&catid={$catid}&id={$id}&page={page}', '动态产品：index.php?g=Content&m=Pagedis&a=shows_pro&catid=1&id=1'),
(24, 'content', 'show', 0, 'index.php?g=Content&m=Pagedis&a=shows_down&catid={$catid}&id={$id}|index.php?g=Content&m=Pgedis&a=shows_down&catid={$catid}&id={$id}&page={page}', '动态下载：index.php?g=Content&m=Pagedis&a=shows_down&catid=1&id=1'),
(25, 'content', 'category', 1, '{$catdir}/index.html|{$catdir}/index_{page}.html', '静态下载: html/download/reanod/1.html'),
(26, 'content', 'category', 1, '{$catdir}/index.html|{$catdir}/index_{page}.html', '静态产品: html/product/reanod/1.html'),
(27, 'content', 'category', 1, '{$catdir}/index.html|{$catdir}/index_{page}.html', '静态文章:  html/article/reanod/1.html'),
(28, 'content', 'category', 1, '{$catdir}/index.html|{$catdir}/index_{page}.html', '静态图片: html/picture/reanod/1.html'),
(29, 'content', 'show', 1, '{$catdir}/{$id}.html|{$catdir}/{$id}_{page}.html', '静态图片：/栏目/1.html'),
(30, 'content', 'show', 1, '{$catdir}/{$id}.html|{$catdir}/{$id}_{page}.html', '静态文章：/栏目/1.html'),
(31, 'content', 'show', 1, '{$catdir}/{$id}.html|{$catdir}/{$id}_{page}.html', '静态产品：/栏目/1.html'),
(32, 'content', 'show', 1, '{$catdir}/{$id}.html|{$catdir}/{$id}_{page}.html', '静态下载：/栏目/1.html'),
(33, 'content', 'category', 0, 'index.php?g=Content&m=Pagedis&a=lists_faq&catid={$catid}|index.php?g=Content&m=Pagedis&a=lists_faq&catid={$catid}&p={page}', '动态faq：index.php?g=Content&m=Pagedis&a=lists_faq&catid=1&page=1'),
(34, 'content', 'show', 0, 'index.php?g=Content&m=Pagedis&a=shows_faq&catid={$catid}&id={$id}|index.php?g=Content&m=Pgedis&a=shows_faq&catid={$catid}&id={$id}&page={page}', '动态faq：index.php?g=Content&m=Pagedis&a=shows_faq&catid=1&id=1'),
(35, 'content', 'category', 1, '{$catdir}/index.html|{$catdir}/index_{page}.html', '静态faq:  html/faq/reanod/1.html'),
(36, 'content', 'show', 1, '{$catdir}/{$id}.html|{$catdir}/{$id}_{page}.html', '静态faq：/栏目/1.html');

CREATE TABLE `cmf_users` (
  `id` bigint(20) UNSIGNED NOT NULL,
  `user_login` varchar(60) CHARACTER SET utf8 COLLATE utf8_bin NOT NULL DEFAULT '' COMMENT '用户名',
  `user_pass` varchar(64) NOT NULL DEFAULT '' COMMENT '登录密码；sp_password加密',
  `user_nicename` varchar(50) NOT NULL DEFAULT '' COMMENT '用户美名',
  `user_email` varchar(100) NOT NULL DEFAULT '' COMMENT '登录邮箱',
  `user_url` varchar(100) NOT NULL DEFAULT '' COMMENT '用户个人网站',
  `avatar` varchar(255) DEFAULT NULL COMMENT '用户头像，相对于upload/avatar目录',
  `sex` smallint(1) DEFAULT '0' COMMENT '性别；0：保密，1：男；2：女',
  `birthday` date DEFAULT NULL COMMENT '生日',
  `signature` varchar(255) DEFAULT NULL COMMENT '个性签名',
  `last_login_ip` varchar(16) DEFAULT NULL COMMENT '最后登录ip',
  `last_login_time` datetime NOT NULL DEFAULT '2000-01-01 00:00:00' COMMENT '最后登录时间',
  `create_time` datetime NOT NULL DEFAULT '2000-01-01 00:00:00' COMMENT '注册时间',
  `user_activation_key` varchar(60) NOT NULL DEFAULT '' COMMENT '激活码',
  `user_status` int(11) NOT NULL DEFAULT '1' COMMENT '用户状态 0：禁用； 1：正常 ；2：未验证；3：删除',
  `score` int(11) NOT NULL DEFAULT '0' COMMENT '用户积分',
  `user_type` smallint(1) DEFAULT '1' COMMENT '用户类型，1:admin ;2:会员',
  `coin` int(11) NOT NULL DEFAULT '0' COMMENT '金币',
  `mobile` varchar(20) NOT NULL DEFAULT '' COMMENT '手机号',
  `identity` int(10) NOT NULL DEFAULT '0' COMMENT '1客户，2推广',
  `customer` int(200) NOT NULL DEFAULT '0' COMMENT '客户账号id',
  `points_auth` varchar(200) NOT NULL COMMENT '积分权限，1登录，2浏览帮助中心，3观看视频，4发布文章'
) ENGINE=MyISAM DEFAULT CHARSET=utf8;

INSERT INTO `cmf_users` (`id`, `user_login`, `user_pass`, `user_nicename`, `user_email`, `user_url`, `avatar`, `sex`, `birthday`, `signature`, `last_login_ip`, `last_login_time`, `create_time`, `user_activation_key`, `user_status`, `score`, `user_type`, `coin`, `mobile`, `identity`, `customer`, `points_auth`) VALUES
(1, 'admin', '###11a8b1ede6f0e2b4bca80e156f98ff5b', 'admin', '', '', '', 0, '1988-11-16', '', '192.168.1.88', '2019-11-12 10:14:50', '2016-05-13 10:42:42', '', 1, 0, 1, 0, '', 0, 0, '');

CREATE TABLE `cmf_user_favorites` (
  `id` int(11) NOT NULL,
  `uid` bigint(20) DEFAULT NULL COMMENT '用户 id',
  `title` varchar(255) DEFAULT NULL COMMENT '收藏内容的标题',
  `url` varchar(255) DEFAULT NULL COMMENT '收藏内容的原文地址，不带域名',
  `description` varchar(500) DEFAULT NULL COMMENT '收藏内容的描述',
  `table` varchar(50) DEFAULT NULL COMMENT '收藏实体以前所在表，不带前缀',
  `object_id` int(11) DEFAULT NULL COMMENT '收藏内容原来的主键id',
  `createtime` int(11) DEFAULT NULL COMMENT '收藏时间'
) ENGINE=MyISAM DEFAULT CHARSET=utf8;

CREATE TABLE `cmf_video` (
  `id` mediumint(8) UNSIGNED NOT NULL,
  `catid` smallint(5) UNSIGNED NOT NULL DEFAULT '0',
  `typeid` smallint(5) UNSIGNED NOT NULL DEFAULT '0',
  `title` varchar(255) NOT NULL DEFAULT '',
  `style` varchar(24) NOT NULL DEFAULT '',
  `thumb` varchar(255) NOT NULL DEFAULT '',
  `description` varchar(255) NOT NULL DEFAULT '',
  `url` varchar(255) NOT NULL DEFAULT '',
  `listorder` tinyint(3) UNSIGNED NOT NULL DEFAULT '0',
  `status` tinyint(2) UNSIGNED NOT NULL DEFAULT '1',
  `istop` tinyint(2) UNSIGNED NOT NULL DEFAULT '0',
  `recommend` tinyint(2) UNSIGNED NOT NULL DEFAULT '0',
  `sysadd` tinyint(1) UNSIGNED NOT NULL DEFAULT '0',
  `islink` tinyint(1) UNSIGNED NOT NULL DEFAULT '0',
  `username` char(20) NOT NULL DEFAULT '',
  `inputtime` int(10) UNSIGNED NOT NULL DEFAULT '0',
  `updatetime` int(10) UNSIGNED NOT NULL DEFAULT '0',
  `views` int(11) NOT NULL DEFAULT '0' COMMENT '点击总数',
  `yesterdayviews` int(11) NOT NULL DEFAULT '0' COMMENT '最日',
  `dayviews` int(10) NOT NULL DEFAULT '0' COMMENT '今日点击数',
  `weekviews` int(10) NOT NULL DEFAULT '0' COMMENT '本周访问数',
  `monthviews` int(10) NOT NULL DEFAULT '0' COMMENT '本月访问',
  `viewsupdatetime` int(10) NOT NULL DEFAULT '0' COMMENT '点击数更新时间',
  `seotitle` varchar(255) NOT NULL DEFAULT '',
  `seokeywords` varchar(255) NOT NULL DEFAULT '',
  `seodescription` varchar(255) NOT NULL DEFAULT '',
  `moveurl` varchar(255) NOT NULL DEFAULT '' COMMENT '动态url地址',
  `seourl` varchar(255) NOT NULL DEFAULT '',
  `isdelay` tinyint(1) UNSIGNED NOT NULL DEFAULT '0' COMMENT '是否推迟',
  `is_del` tinyint(1) UNSIGNED NOT NULL DEFAULT '0' COMMENT '是否在回收'
) ENGINE=MyISAM DEFAULT CHARSET=utf8;

CREATE TABLE `cmf_video_data` (
  `id` mediumint(8) UNSIGNED NOT NULL DEFAULT '0',
  `content` text,
  `paginationtype` tinyint(1) NOT NULL DEFAULT '0',
  `maxcharperpage` mediumint(6) NOT NULL DEFAULT '0',
  `template` varchar(30) NOT NULL DEFAULT '',
  `paytype` tinyint(1) UNSIGNED NOT NULL DEFAULT '0',
  `allow_comment` tinyint(1) UNSIGNED NOT NULL DEFAULT '1',
  `relation` varchar(255) NOT NULL DEFAULT '',
  `copyfrom` varchar(255) NOT NULL DEFAULT '',
  `shipinurl` varchar(255) NOT NULL DEFAULT ''
) ENGINE=MyISAM DEFAULT CHARSET=utf8;

CREATE TABLE `cmf_visits` (
  `id` int(10) UNSIGNED NOT NULL,
  `ip` varchar(100) NOT NULL,
  `country` varchar(100) DEFAULT NULL COMMENT '国家',
  `url` text NOT NULL COMMENT '页面链接',
  `title` varchar(200) NOT NULL COMMENT '头部',
  `clicks` int(10) UNSIGNED NOT NULL DEFAULT '1' COMMENT '点击量',
  `time` int(10) NOT NULL COMMENT '时间'
) ENGINE=MyISAM DEFAULT CHARSET=utf8;


ALTER TABLE `cmf_ad`
  ADD PRIMARY KEY (`ad_id`),
  ADD KEY `ad_name` (`ad_name`),
  ADD KEY `domain_id` (`domain_id`);

ALTER TABLE `cmf_admin_log`
  ADD PRIMARY KEY (`id`),
  ADD KEY `ltime` (`ltime`),
  ADD KEY `uid` (`uid`);

ALTER TABLE `cmf_ads`
  ADD PRIMARY KEY (`id`);

ALTER TABLE `cmf_ads_position`
  ADD PRIMARY KEY (`id`);

ALTER TABLE `cmf_anli`
  ADD PRIMARY KEY (`id`),
  ADD KEY `status` (`status`,`listorder`,`id`),
  ADD KEY `listorder` (`catid`,`status`,`listorder`,`id`),
  ADD KEY `catid` (`catid`,`weekviews`,`views`,`dayviews`,`monthviews`,`status`,`id`),
  ADD KEY `thumb` (`thumb`);

ALTER TABLE `cmf_anli_data`
  ADD PRIMARY KEY (`id`);

ALTER TABLE `cmf_article`
  ADD PRIMARY KEY (`id`),
  ADD KEY `status` (`status`,`listorder`,`id`),
  ADD KEY `listorder` (`catid`,`status`,`listorder`,`id`),
  ADD KEY `catid` (`catid`,`weekviews`,`views`,`dayviews`,`monthviews`,`status`,`id`),
  ADD KEY `thumb` (`thumb`);

ALTER TABLE `cmf_article_data`
  ADD PRIMARY KEY (`id`);

ALTER TABLE `cmf_artpro`
  ADD PRIMARY KEY (`id`),
  ADD KEY `modelid` (`modelid`);

ALTER TABLE `cmf_asset`
  ADD PRIMARY KEY (`aid`);

ALTER TABLE `cmf_auth_access`
  ADD KEY `role_id` (`role_id`),
  ADD KEY `rule_name` (`rule_name`) USING BTREE;

ALTER TABLE `cmf_auth_rule`
  ADD PRIMARY KEY (`id`),
  ADD KEY `module` (`module`,`status`,`type`);

ALTER TABLE `cmf_category`
  ADD PRIMARY KEY (`catid`),
  ADD KEY `module` (`module`,`parentid`,`listorder`,`catid`),
  ADD KEY `siteid` (`type`);

ALTER TABLE `cmf_category_field`
  ADD PRIMARY KEY (`fid`);

ALTER TABLE `cmf_category_priv`
  ADD KEY `catid` (`catid`,`roleid`,`is_admin`,`action`);

ALTER TABLE `cmf_client`
  ADD PRIMARY KEY (`id`);

ALTER TABLE `cmf_client_branch`
  ADD PRIMARY KEY (`id`);

ALTER TABLE `cmf_client_contact`
  ADD PRIMARY KEY (`id`);

ALTER TABLE `cmf_client_level`
  ADD PRIMARY KEY (`id`);

ALTER TABLE `cmf_client_offer`
  ADD PRIMARY KEY (`id`);

ALTER TABLE `cmf_client_order`
  ADD PRIMARY KEY (`id`);

ALTER TABLE `cmf_client_second_user`
  ADD PRIMARY KEY (`id`);

ALTER TABLE `cmf_client_status`
  ADD PRIMARY KEY (`id`);

ALTER TABLE `cmf_client_type`
  ADD PRIMARY KEY (`id`);

ALTER TABLE `cmf_comments`
  ADD PRIMARY KEY (`id`),
  ADD KEY `comment_post_ID` (`post_id`),
  ADD KEY `comment_approved_date_gmt` (`status`),
  ADD KEY `comment_parent` (`parentid`),
  ADD KEY `table_id_status` (`post_table`,`post_id`,`status`),
  ADD KEY `createtime` (`createtime`);

ALTER TABLE `cmf_common_action_log`
  ADD PRIMARY KEY (`id`),
  ADD KEY `user_object_action` (`user`,`object`,`action`),
  ADD KEY `user_object_action_ip` (`user`,`object`,`action`,`ip`);

ALTER TABLE `cmf_contact`
  ADD PRIMARY KEY (`id`),
  ADD UNIQUE KEY `contant_name` (`contant_name`);

ALTER TABLE `cmf_contact000`
  ADD PRIMARY KEY (`id`),
  ADD UNIQUE KEY `contant_name` (`contant_name`);

ALTER TABLE `cmf_contact_require`
  ADD PRIMARY KEY (`id`);

ALTER TABLE `cmf_crm_log`
  ADD PRIMARY KEY (`id`);

ALTER TABLE `cmf_crm_monthdata`
  ADD PRIMARY KEY (`id`);

ALTER TABLE `cmf_crm_option`
  ADD PRIMARY KEY (`id`);

ALTER TABLE `cmf_crm_user`
  ADD PRIMARY KEY (`id`);

ALTER TABLE `cmf_demotem`
  ADD PRIMARY KEY (`id`);

ALTER TABLE `cmf_domain`
  ADD PRIMARY KEY (`id`),
  ADD UNIQUE KEY `domain` (`domain`),
  ADD KEY `domain_user` (`domain_user`);

ALTER TABLE `cmf_download`
  ADD PRIMARY KEY (`id`),
  ADD KEY `status` (`status`,`listorder`,`id`),
  ADD KEY `listorder` (`catid`,`status`,`listorder`,`id`),
  ADD KEY `catid` (`catid`,`weekviews`,`views`,`dayviews`,`monthviews`,`status`,`id`),
  ADD KEY `thumb` (`thumb`);

ALTER TABLE `cmf_download_data`
  ADD PRIMARY KEY (`id`);

ALTER TABLE `cmf_email`
  ADD PRIMARY KEY (`id`),
  ADD KEY `email` (`email`),
  ADD KEY `status` (`status`),
  ADD KEY `del_time` (`del_time`);

ALTER TABLE `cmf_faq`
  ADD PRIMARY KEY (`id`),
  ADD KEY `status` (`status`,`listorder`,`id`),
  ADD KEY `listorder` (`catid`,`status`,`listorder`,`id`),
  ADD KEY `catid` (`catid`,`weekviews`,`views`,`dayviews`,`monthviews`,`status`,`id`),
  ADD KEY `thumb` (`thumb`);

ALTER TABLE `cmf_faq_data`
  ADD PRIMARY KEY (`id`);

ALTER TABLE `cmf_follow_us`
  ADD PRIMARY KEY (`id`);

ALTER TABLE `cmf_follow_us_rela`
  ADD PRIMARY KEY (`id`);

ALTER TABLE `cmf_google_api`
  ADD PRIMARY KEY (`id`);

ALTER TABLE `cmf_gslc`
  ADD PRIMARY KEY (`id`),
  ADD KEY `status` (`status`,`listorder`,`id`),
  ADD KEY `listorder` (`catid`,`status`,`listorder`,`id`),
  ADD KEY `catid` (`catid`,`weekviews`,`views`,`dayviews`,`monthviews`,`status`,`id`),
  ADD KEY `thumb` (`thumb`);

ALTER TABLE `cmf_gslc_data`
  ADD PRIMARY KEY (`id`);

ALTER TABLE `cmf_guanjianzi`
  ADD PRIMARY KEY (`id`),
  ADD KEY `status` (`status`,`listorder`,`id`),
  ADD KEY `listorder` (`catid`,`status`,`listorder`,`id`),
  ADD KEY `catid` (`catid`,`weekviews`,`views`,`dayviews`,`monthviews`,`status`,`id`),
  ADD KEY `thumb` (`thumb`);

ALTER TABLE `cmf_guanjianzi_data`
  ADD PRIMARY KEY (`id`);

ALTER TABLE `cmf_guestbook`
  ADD PRIMARY KEY (`id`);

ALTER TABLE `cmf_guestbook_data`
  ADD PRIMARY KEY (`id`);

ALTER TABLE `cmf_guestbook_field`
  ADD PRIMARY KEY (`id`);

ALTER TABLE `cmf_guestbook_group`
  ADD PRIMARY KEY (`id`);

ALTER TABLE `cmf_guestbook_set`
  ADD PRIMARY KEY (`id`),
  ADD KEY `zkey` (`zkey`);

ALTER TABLE `cmf_help_document`
  ADD PRIMARY KEY (`id`),
  ADD KEY `type_status_date` (`post_type`,`post_date`,`id`),
  ADD KEY `post_author` (`post_author`),
  ADD KEY `post_date` (`post_date`) USING BTREE;

ALTER TABLE `cmf_help_document_type`
  ADD PRIMARY KEY (`term_id`);

ALTER TABLE `cmf_keywords_list`
  ADD PRIMARY KEY (`id`),
  ADD UNIQUE KEY `keyword_id` (`keyword_id`);

ALTER TABLE `cmf_keyword_project`
  ADD PRIMARY KEY (`id`);

ALTER TABLE `cmf_langset`
  ADD PRIMARY KEY (`id`),
  ADD UNIQUE KEY `lsign` (`lsign`);

ALTER TABLE `cmf_links`
  ADD PRIMARY KEY (`link_id`),
  ADD KEY `link_visible` (`link_status`);

ALTER TABLE `cmf_locking`
  ADD KEY `userid` (`userid`),
  ADD KEY `onlinetime` (`locktime`);

ALTER TABLE `cmf_menu`
  ADD PRIMARY KEY (`id`),
  ADD KEY `status` (`status`),
  ADD KEY `parentid` (`parentid`),
  ADD KEY `model` (`model`);

ALTER TABLE `cmf_menu22`
  ADD PRIMARY KEY (`id`),
  ADD KEY `status` (`status`),
  ADD KEY `parentid` (`parentid`),
  ADD KEY `model` (`model`);

ALTER TABLE `cmf_model`
  ADD PRIMARY KEY (`modelid`),
  ADD KEY `type` (`type`);

ALTER TABLE `cmf_model_field`
  ADD PRIMARY KEY (`fieldid`),
  ADD KEY `modelid` (`modelid`,`disabled`),
  ADD KEY `field` (`field`,`modelid`);

ALTER TABLE `cmf_module`
  ADD PRIMARY KEY (`module`),
  ADD KEY `sign` (`sign`);

ALTER TABLE `cmf_module_blocks`
  ADD PRIMARY KEY (`id`),
  ADD UNIQUE KEY `alias_2` (`alias`),
  ADD KEY `rsign` (`rsign`),
  ADD KEY `hash` (`hash`),
  ADD KEY `listorder` (`listorder`),
  ADD KEY `published` (`published`),
  ADD KEY `roles` (`roles`),
  ADD KEY `alias` (`alias`);

ALTER TABLE `cmf_nav`
  ADD PRIMARY KEY (`id`);

ALTER TABLE `cmf_nav_cat`
  ADD PRIMARY KEY (`navcid`);

ALTER TABLE `cmf_oauth_user`
  ADD PRIMARY KEY (`id`);

ALTER TABLE `cmf_options`
  ADD PRIMARY KEY (`option_id`);

ALTER TABLE `cmf_order_refund`
  ADD PRIMARY KEY (`id`);

ALTER TABLE `cmf_page`
  ADD PRIMARY KEY (`catid`),
  ADD KEY `catid` (`catid`);

ALTER TABLE `cmf_partner`
  ADD PRIMARY KEY (`id`),
  ADD KEY `partner_visible` (`partner_status`);

ALTER TABLE `cmf_photo`
  ADD PRIMARY KEY (`id`),
  ADD KEY `status` (`status`,`listorder`,`id`),
  ADD KEY `listorder` (`catid`,`status`,`listorder`,`id`),
  ADD KEY `catid` (`catid`,`weekviews`,`views`,`dayviews`,`monthviews`,`status`,`id`),
  ADD KEY `thumb` (`thumb`);

ALTER TABLE `cmf_photo_data`
  ADD PRIMARY KEY (`id`);

ALTER TABLE `cmf_platform`
  ADD PRIMARY KEY (`id`),
  ADD UNIQUE KEY `ID` (`id`) COMMENT 'ID索引';

ALTER TABLE `cmf_plugins`
  ADD PRIMARY KEY (`id`);

ALTER TABLE `cmf_points`
  ADD PRIMARY KEY (`id`);

ALTER TABLE `cmf_position`
  ADD PRIMARY KEY (`posid`);

ALTER TABLE `cmf_posts`
  ADD PRIMARY KEY (`id`),
  ADD KEY `type_status_date` (`post_type`,`post_status`,`post_date`,`id`),
  ADD KEY `post_parent` (`post_parent`),
  ADD KEY `post_author` (`post_author`),
  ADD KEY `post_date` (`post_date`) USING BTREE;

ALTER TABLE `cmf_product`
  ADD PRIMARY KEY (`id`),
  ADD KEY `status` (`status`,`listorder`,`id`),
  ADD KEY `listorder` (`catid`,`status`,`listorder`,`id`),
  ADD KEY `catid` (`catid`,`weekviews`,`views`,`dayviews`,`monthviews`,`status`,`id`),
  ADD KEY `thumb` (`thumb`);

ALTER TABLE `cmf_product_data`
  ADD PRIMARY KEY (`id`);

ALTER TABLE `cmf_release`
  ADD PRIMARY KEY (`id`);

ALTER TABLE `cmf_release_links`
  ADD PRIMARY KEY (`id`);

ALTER TABLE `cmf_release_new`
  ADD PRIMARY KEY (`id`);

ALTER TABLE `cmf_release_new_product`
  ADD PRIMARY KEY (`id`),
  ADD UNIQUE KEY `product_id` (`product_id`);

ALTER TABLE `cmf_release_record`
  ADD PRIMARY KEY (`id`),
  ADD KEY `pingid` (`pingid`),
  ADD KEY `proid` (`proid`);

ALTER TABLE `cmf_release_yellow`
  ADD PRIMARY KEY (`id`);

ALTER TABLE `cmf_reminder`
  ADD PRIMARY KEY (`id`);

ALTER TABLE `cmf_report_comment`
  ADD PRIMARY KEY (`id`);

ALTER TABLE `cmf_role`
  ADD PRIMARY KEY (`id`),
  ADD KEY `parentId` (`pid`),
  ADD KEY `status` (`status`);

ALTER TABLE `cmf_role_user`
  ADD KEY `group_id` (`role_id`),
  ADD KEY `user_id` (`user_id`);

ALTER TABLE `cmf_route`
  ADD PRIMARY KEY (`id`);

ALTER TABLE `cmf_salesman`
  ADD PRIMARY KEY (`id`),
  ADD KEY `status` (`status`);

ALTER TABLE `cmf_search`
  ADD PRIMARY KEY (`searchid`),
  ADD KEY `id` (`id`,`catid`,`adddate`) USING BTREE,
  ADD KEY `modelid` (`modelid`,`catid`);
ALTER TABLE `cmf_search` ADD FULLTEXT KEY `data` (`data`);

ALTER TABLE `cmf_search_keyword`
  ADD UNIQUE KEY `keyword` (`keyword`),
  ADD UNIQUE KEY `pinyin` (`pinyin`);
ALTER TABLE `cmf_search_keyword` ADD FULLTEXT KEY `data` (`data`);

ALTER TABLE `cmf_slide`
  ADD PRIMARY KEY (`slide_id`),
  ADD KEY `slide_cid` (`slide_cid`);

ALTER TABLE `cmf_slide_cat`
  ADD PRIMARY KEY (`cid`),
  ADD KEY `cat_idname` (`cat_idname`);

ALTER TABLE `cmf_social_platform`
  ADD PRIMARY KEY (`id`);

ALTER TABLE `cmf_sortorder`
  ADD PRIMARY KEY (`id`);

ALTER TABLE `cmf_tdks`
  ADD PRIMARY KEY (`id`);

ALTER TABLE `cmf_terms`
  ADD PRIMARY KEY (`term_id`);

ALTER TABLE `cmf_term_relationships`
  ADD PRIMARY KEY (`tid`),
  ADD KEY `term_taxonomy_id` (`term_id`);

ALTER TABLE `cmf_tert_ss_data`
  ADD PRIMARY KEY (`id`);

ALTER TABLE `cmf_tks_library`
  ADD PRIMARY KEY (`id`);

ALTER TABLE `cmf_urlrule`
  ADD PRIMARY KEY (`urlruleid`);

ALTER TABLE `cmf_users`
  ADD PRIMARY KEY (`id`),
  ADD KEY `user_login_key` (`user_login`),
  ADD KEY `user_nicename` (`user_nicename`);

ALTER TABLE `cmf_user_favorites`
  ADD PRIMARY KEY (`id`),
  ADD KEY `uid` (`uid`);

ALTER TABLE `cmf_video`
  ADD PRIMARY KEY (`id`),
  ADD KEY `status` (`status`,`listorder`,`id`),
  ADD KEY `listorder` (`catid`,`status`,`listorder`,`id`),
  ADD KEY `catid` (`catid`,`weekviews`,`views`,`dayviews`,`monthviews`,`status`,`id`),
  ADD KEY `thumb` (`thumb`);

ALTER TABLE `cmf_video_data`
  ADD PRIMARY KEY (`id`);

ALTER TABLE `cmf_visits`
  ADD PRIMARY KEY (`id`);


ALTER TABLE `cmf_ad`
  MODIFY `ad_id` bigint(20) NOT NULL AUTO_INCREMENT COMMENT '广告id';

ALTER TABLE `cmf_admin_log`
  MODIFY `id` int(10) UNSIGNED NOT NULL AUTO_INCREMENT;

ALTER TABLE `cmf_ads`
  MODIFY `id` int(255) NOT NULL AUTO_INCREMENT, AUTO_INCREMENT=9;

ALTER TABLE `cmf_ads_position`
  MODIFY `id` int(100) NOT NULL AUTO_INCREMENT, AUTO_INCREMENT=5;

ALTER TABLE `cmf_anli`
  MODIFY `id` mediumint(8) UNSIGNED NOT NULL AUTO_INCREMENT;

ALTER TABLE `cmf_article`
  MODIFY `id` mediumint(8) UNSIGNED NOT NULL AUTO_INCREMENT, AUTO_INCREMENT=73;

ALTER TABLE `cmf_artpro`
  MODIFY `id` int(11) UNSIGNED NOT NULL AUTO_INCREMENT;

ALTER TABLE `cmf_asset`
  MODIFY `aid` bigint(20) NOT NULL AUTO_INCREMENT;

ALTER TABLE `cmf_auth_rule`
  MODIFY `id` mediumint(8) UNSIGNED NOT NULL AUTO_INCREMENT COMMENT '规则id,自增主键', AUTO_INCREMENT=496;

ALTER TABLE `cmf_category`
  MODIFY `catid` smallint(5) UNSIGNED NOT NULL AUTO_INCREMENT COMMENT '栏目ID';

ALTER TABLE `cmf_category_field`
  MODIFY `fid` smallint(6) NOT NULL AUTO_INCREMENT COMMENT '自增长id';

ALTER TABLE `cmf_client`
  MODIFY `id` int(11) NOT NULL AUTO_INCREMENT;

ALTER TABLE `cmf_client_branch`
  MODIFY `id` int(11) NOT NULL AUTO_INCREMENT;

ALTER TABLE `cmf_client_contact`
  MODIFY `id` int(11) NOT NULL AUTO_INCREMENT;

ALTER TABLE `cmf_client_level`
  MODIFY `id` int(11) NOT NULL AUTO_INCREMENT;

ALTER TABLE `cmf_client_offer`
  MODIFY `id` int(11) NOT NULL AUTO_INCREMENT;

ALTER TABLE `cmf_client_order`
  MODIFY `id` int(11) NOT NULL AUTO_INCREMENT;

ALTER TABLE `cmf_client_second_user`
  MODIFY `id` int(11) NOT NULL AUTO_INCREMENT;

ALTER TABLE `cmf_client_status`
  MODIFY `id` int(11) NOT NULL AUTO_INCREMENT;

ALTER TABLE `cmf_client_type`
  MODIFY `id` int(11) NOT NULL AUTO_INCREMENT;

ALTER TABLE `cmf_comments`
  MODIFY `id` bigint(20) UNSIGNED NOT NULL AUTO_INCREMENT;

ALTER TABLE `cmf_common_action_log`
  MODIFY `id` int(11) NOT NULL AUTO_INCREMENT, AUTO_INCREMENT=2;

ALTER TABLE `cmf_contact`
  MODIFY `id` int(11) NOT NULL AUTO_INCREMENT;

ALTER TABLE `cmf_contact000`
  MODIFY `id` int(11) NOT NULL AUTO_INCREMENT, AUTO_INCREMENT=29;

ALTER TABLE `cmf_contact_require`
  MODIFY `id` int(11) NOT NULL AUTO_INCREMENT;

ALTER TABLE `cmf_crm_log`
  MODIFY `id` int(11) NOT NULL AUTO_INCREMENT, AUTO_INCREMENT=215;

ALTER TABLE `cmf_crm_monthdata`
  MODIFY `id` int(11) NOT NULL AUTO_INCREMENT;

ALTER TABLE `cmf_crm_option`
  MODIFY `id` int(11) NOT NULL AUTO_INCREMENT, AUTO_INCREMENT=2;

ALTER TABLE `cmf_crm_user`
  MODIFY `id` int(11) NOT NULL AUTO_INCREMENT, AUTO_INCREMENT=26;

ALTER TABLE `cmf_demotem`
  MODIFY `id` int(11) NOT NULL AUTO_INCREMENT, AUTO_INCREMENT=3;

ALTER TABLE `cmf_domain`
  MODIFY `id` int(10) UNSIGNED NOT NULL AUTO_INCREMENT;

ALTER TABLE `cmf_download`
  MODIFY `id` mediumint(8) UNSIGNED NOT NULL AUTO_INCREMENT, AUTO_INCREMENT=11;

ALTER TABLE `cmf_email`
  MODIFY `id` int(11) NOT NULL AUTO_INCREMENT, AUTO_INCREMENT=3;

ALTER TABLE `cmf_faq`
  MODIFY `id` mediumint(8) UNSIGNED NOT NULL AUTO_INCREMENT, AUTO_INCREMENT=8;

ALTER TABLE `cmf_follow_us`
  MODIFY `id` smallint(5) UNSIGNED NOT NULL AUTO_INCREMENT, AUTO_INCREMENT=31;

ALTER TABLE `cmf_follow_us_rela`
  MODIFY `id` int(11) NOT NULL AUTO_INCREMENT, AUTO_INCREMENT=24;

ALTER TABLE `cmf_google_api`
  MODIFY `id` int(20) NOT NULL AUTO_INCREMENT, AUTO_INCREMENT=3;

ALTER TABLE `cmf_gslc`
  MODIFY `id` mediumint(8) UNSIGNED NOT NULL AUTO_INCREMENT;

ALTER TABLE `cmf_guanjianzi`
  MODIFY `id` mediumint(8) UNSIGNED NOT NULL AUTO_INCREMENT;

ALTER TABLE `cmf_guestbook`
  MODIFY `id` int(11) NOT NULL AUTO_INCREMENT, AUTO_INCREMENT=97;

ALTER TABLE `cmf_guestbook_data`
  MODIFY `id` int(11) NOT NULL AUTO_INCREMENT, AUTO_INCREMENT=32;

ALTER TABLE `cmf_guestbook_field`
  MODIFY `id` int(11) NOT NULL AUTO_INCREMENT, AUTO_INCREMENT=13;

ALTER TABLE `cmf_guestbook_group`
  MODIFY `id` int(11) NOT NULL AUTO_INCREMENT, AUTO_INCREMENT=3;

ALTER TABLE `cmf_guestbook_set`
  MODIFY `id` int(10) UNSIGNED NOT NULL AUTO_INCREMENT, AUTO_INCREMENT=3;

ALTER TABLE `cmf_help_document`
  MODIFY `id` bigint(20) UNSIGNED NOT NULL AUTO_INCREMENT, AUTO_INCREMENT=28;

ALTER TABLE `cmf_help_document_type`
  MODIFY `term_id` bigint(20) UNSIGNED NOT NULL AUTO_INCREMENT COMMENT '分类id', AUTO_INCREMENT=31;

ALTER TABLE `cmf_keywords_list`
  MODIFY `id` int(10) UNSIGNED NOT NULL AUTO_INCREMENT;

ALTER TABLE `cmf_keyword_project`
  MODIFY `id` tinyint(3) UNSIGNED NOT NULL AUTO_INCREMENT;

ALTER TABLE `cmf_langset`
  MODIFY `id` tinyint(4) NOT NULL AUTO_INCREMENT, AUTO_INCREMENT=4;

ALTER TABLE `cmf_links`
  MODIFY `link_id` bigint(20) UNSIGNED NOT NULL AUTO_INCREMENT, AUTO_INCREMENT=16;

ALTER TABLE `cmf_menu`
  MODIFY `id` smallint(6) UNSIGNED NOT NULL AUTO_INCREMENT, AUTO_INCREMENT=463;

ALTER TABLE `cmf_menu22`
  MODIFY `id` smallint(6) UNSIGNED NOT NULL AUTO_INCREMENT, AUTO_INCREMENT=371;

ALTER TABLE `cmf_model`
  MODIFY `modelid` smallint(5) UNSIGNED NOT NULL AUTO_INCREMENT, AUTO_INCREMENT=45;

ALTER TABLE `cmf_model_field`
  MODIFY `fieldid` mediumint(8) UNSIGNED NOT NULL AUTO_INCREMENT, AUTO_INCREMENT=862;

ALTER TABLE `cmf_module_blocks`
  MODIFY `id` smallint(6) NOT NULL AUTO_INCREMENT, AUTO_INCREMENT=108;

ALTER TABLE `cmf_nav`
  MODIFY `id` int(11) NOT NULL AUTO_INCREMENT, AUTO_INCREMENT=4;

ALTER TABLE `cmf_nav_cat`
  MODIFY `navcid` int(11) NOT NULL AUTO_INCREMENT, AUTO_INCREMENT=2;

ALTER TABLE `cmf_oauth_user`
  MODIFY `id` int(20) NOT NULL AUTO_INCREMENT;

ALTER TABLE `cmf_options`
  MODIFY `option_id` bigint(20) UNSIGNED NOT NULL AUTO_INCREMENT, AUTO_INCREMENT=9;

ALTER TABLE `cmf_order_refund`
  MODIFY `id` int(11) NOT NULL AUTO_INCREMENT, AUTO_INCREMENT=38;

ALTER TABLE `cmf_partner`
  MODIFY `id` tinyint(4) NOT NULL AUTO_INCREMENT, AUTO_INCREMENT=5;

ALTER TABLE `cmf_photo`
  MODIFY `id` mediumint(8) UNSIGNED NOT NULL AUTO_INCREMENT, AUTO_INCREMENT=9;

ALTER TABLE `cmf_platform`
  MODIFY `id` int(11) NOT NULL AUTO_INCREMENT;

ALTER TABLE `cmf_plugins`
  MODIFY `id` int(11) UNSIGNED NOT NULL AUTO_INCREMENT COMMENT '自增id';

ALTER TABLE `cmf_points`
  MODIFY `id` int(255) NOT NULL AUTO_INCREMENT, AUTO_INCREMENT=42;

ALTER TABLE `cmf_position`
  MODIFY `posid` smallint(5) UNSIGNED NOT NULL AUTO_INCREMENT COMMENT '推荐位id', AUTO_INCREMENT=4;

ALTER TABLE `cmf_posts`
  MODIFY `id` bigint(20) UNSIGNED NOT NULL AUTO_INCREMENT, AUTO_INCREMENT=4;

ALTER TABLE `cmf_product`
  MODIFY `id` mediumint(8) UNSIGNED NOT NULL AUTO_INCREMENT, AUTO_INCREMENT=183;

ALTER TABLE `cmf_release`
  MODIFY `id` int(11) NOT NULL AUTO_INCREMENT, AUTO_INCREMENT=64;

ALTER TABLE `cmf_release_links`
  MODIFY `id` int(11) NOT NULL AUTO_INCREMENT;

ALTER TABLE `cmf_release_new`
  MODIFY `id` int(11) NOT NULL AUTO_INCREMENT;

ALTER TABLE `cmf_release_new_product`
  MODIFY `id` int(11) NOT NULL AUTO_INCREMENT;

ALTER TABLE `cmf_release_record`
  MODIFY `id` int(11) NOT NULL AUTO_INCREMENT;

ALTER TABLE `cmf_release_yellow`
  MODIFY `id` int(11) NOT NULL AUTO_INCREMENT, AUTO_INCREMENT=23;

ALTER TABLE `cmf_reminder`
  MODIFY `id` int(11) NOT NULL AUTO_INCREMENT, AUTO_INCREMENT=6;

ALTER TABLE `cmf_report_comment`
  MODIFY `id` int(11) NOT NULL AUTO_INCREMENT, AUTO_INCREMENT=5;

ALTER TABLE `cmf_role`
  MODIFY `id` int(11) UNSIGNED NOT NULL AUTO_INCREMENT, AUTO_INCREMENT=10;

ALTER TABLE `cmf_route`
  MODIFY `id` int(11) NOT NULL AUTO_INCREMENT COMMENT '路由id', AUTO_INCREMENT=3;

ALTER TABLE `cmf_salesman`
  MODIFY `id` int(10) UNSIGNED NOT NULL AUTO_INCREMENT, AUTO_INCREMENT=3;

ALTER TABLE `cmf_search`
  MODIFY `searchid` int(10) UNSIGNED NOT NULL AUTO_INCREMENT, AUTO_INCREMENT=25;

ALTER TABLE `cmf_slide`
  MODIFY `slide_id` bigint(20) UNSIGNED NOT NULL AUTO_INCREMENT, AUTO_INCREMENT=3;

ALTER TABLE `cmf_slide_cat`
  MODIFY `cid` int(11) NOT NULL AUTO_INCREMENT, AUTO_INCREMENT=4;

ALTER TABLE `cmf_social_platform`
  MODIFY `id` smallint(5) UNSIGNED NOT NULL AUTO_INCREMENT, AUTO_INCREMENT=12;

ALTER TABLE `cmf_sortorder`
  MODIFY `id` int(200) NOT NULL AUTO_INCREMENT, AUTO_INCREMENT=5;

ALTER TABLE `cmf_tdks`
  MODIFY `id` int(100) NOT NULL AUTO_INCREMENT, AUTO_INCREMENT=22;

ALTER TABLE `cmf_terms`
  MODIFY `term_id` bigint(20) UNSIGNED NOT NULL AUTO_INCREMENT COMMENT '分类id', AUTO_INCREMENT=4;

ALTER TABLE `cmf_term_relationships`
  MODIFY `tid` bigint(20) NOT NULL AUTO_INCREMENT, AUTO_INCREMENT=3;

ALTER TABLE `cmf_tks_library`
  MODIFY `id` int(255) NOT NULL AUTO_INCREMENT, AUTO_INCREMENT=31;

ALTER TABLE `cmf_urlrule`
  MODIFY `urlruleid` smallint(5) UNSIGNED NOT NULL AUTO_INCREMENT COMMENT '规则id', AUTO_INCREMENT=37;

ALTER TABLE `cmf_users`
  MODIFY `id` bigint(20) UNSIGNED NOT NULL AUTO_INCREMENT, AUTO_INCREMENT=44;

ALTER TABLE `cmf_user_favorites`
  MODIFY `id` int(11) NOT NULL AUTO_INCREMENT;

ALTER TABLE `cmf_video`
  MODIFY `id` mediumint(8) UNSIGNED NOT NULL AUTO_INCREMENT;

ALTER TABLE `cmf_visits`
  MODIFY `id` int(10) UNSIGNED NOT NULL AUTO_INCREMENT;
COMMIT;

/*!40101 SET CHARACTER_SET_CLIENT=@OLD_CHARACTER_SET_CLIENT */;
/*!40101 SET CHARACTER_SET_RESULTS=@OLD_CHARACTER_SET_RESULTS */;
/*!40101 SET COLLATION_CONNECTION=@OLD_COLLATION_CONNECTION */;
